method,f1_weighted,f1_macro,barycenter_time,classify_time
euclidean_raw,0.09978260869565217,0.09978260869565217,54.071240186691284,1.8158180713653564
euclidean_params,0.3521103834855957,0.35211038348559576,14.127811908721924,0.8595845699310303
wasserstein_params,0.44380419580419583,0.4438041958041958,341.29657888412476,1.27740478515625
