method,f1_weighted,f1_macro,barycenter_time,classify_time
euclidean_raw,0.2236928104575163,0.22369281045751635,50.42948818206787,1.7948648929595947
euclidean_params,0.2481328903654485,0.2481328903654485,16.916500329971313,0.8499348163604736
wasserstein_params,0.2722719141323793,0.2722719141323793,330.19064831733704,1.2809944152832031
