method,f1_weighted,f1_macro,barycenter_time,classify_time
euclidean_raw,0.15567226890756303,0.15567226890756303,47.318251848220825,1.8446424007415771
euclidean_params,0.20846575899207478,0.20846575899207478,17.304949045181274,0.8601326942443848
wasserstein_params,0.4842049689440994,0.4842049689440994,337.16311526298523,1.2835547924041748
