method,f1_weighted,f1_macro,barycenter_time,classify_time
euclidean_raw,0.1123403019744483,0.1123403019744483,48.62246370315552,1.6622450351715088
euclidean_params,0.1522222222222222,0.1522222222222222,15.785639524459839,0.7935950756072998
wasserstein_params,0.37274609448522494,0.37274609448522494,322.7389097213745,1.2683470249176025
