method,f1_weighted,f1_macro,barycenter_time,classify_time
euclidean_raw,0.08818181818181818,0.08818181818181818,39.36323523521423,1.6911585330963135
euclidean_params,0.21079107505070993,0.21079107505070996,14.540776014328003,0.8017020225524902
wasserstein_params,0.5018544518544518,0.5018544518544519,327.16863775253296,1.2706854343414307
