method,f1_weighted,f1_macro,barycenter_time,classify_time
euclidean_raw,0.08818181818181818,0.08818181818181818,45.38037872314453,2.1122970581054688
euclidean_params,0.21079107505070993,0.21079107505070996,17.289872407913208,0.8377325534820557
wasserstein_params,0.5018544518544518,0.5018544518544519,397.9319734573364,1.6789054870605469
