[19:50:59] ===== optimize_gamma config=configs/config_baseline.yaml dataset=river n_jobs=4 sta_n_jobs=2 seed=42 =====
[19:50:59] gamma_grid=[0.0001, 0.01, 0.1, 1.0, 10.0, 100.0, 10000.0] n_seeds=3 sta_samples_per_step=48 methods=['wasps', 'wasps_nodiv', 'eucl_params', 'eucl_params_nodiv', 'eucl_raw', 'eucl_raw_nodiv', 'sta']
[19:50:59] [optimize_gamma/river] knn: 6 methods @ samples_per_step=480, n_jobs=4
[19:51:04] [load] fold=None seed=42 T=52 aggregate_days=7 window_size=None samples_per_step=480 n_train=105 (cap=105) n_test=160 (cap=175) classes_train=[0, 1, 4, 5]
[19:51:04] [load] fold=None seed=42 T=52 aggregate_days=7 window_size=None samples_per_step=480 n_train=105 (cap=105) n_test=160 (cap=175) classes_train=[0, 1, 4, 5]
[19:51:04] [load] fold=None seed=42 T=52 aggregate_days=7 window_size=None samples_per_step=480 n_train=105 (cap=105) n_test=160 (cap=175) classes_train=[0, 1, 4, 5]
[19:51:04] [load] fold=None seed=42 T=52 aggregate_days=7 window_size=None samples_per_step=480 n_train=105 (cap=105) n_test=160 (cap=175) classes_train=[0, 1, 4, 5]
[19:51:07] [load] fold=None seed=43 T=52 aggregate_days=7 window_size=None samples_per_step=480 n_train=105 (cap=105) n_test=160 (cap=175) classes_train=[0, 1, 4, 5]
[19:51:08] [load] fold=None seed=43 T=52 aggregate_days=7 window_size=None samples_per_step=480 n_train=105 (cap=105) n_test=160 (cap=175) classes_train=[0, 1, 4, 5]
[19:51:08] [load] fold=None seed=43 T=52 aggregate_days=7 window_size=None samples_per_step=480 n_train=105 (cap=105) n_test=160 (cap=175) classes_train=[0, 1, 4, 5]
[19:51:09] [load] fold=None seed=43 T=52 aggregate_days=7 window_size=None samples_per_step=480 n_train=105 (cap=105) n_test=160 (cap=175) classes_train=[0, 1, 4, 5]
[19:51:11] [load] fold=None seed=44 T=52 aggregate_days=7 window_size=None samples_per_step=480 n_train=105 (cap=105) n_test=160 (cap=175) classes_train=[0, 1, 4, 5]
[19:51:11] [load] fold=None seed=44 T=52 aggregate_days=7 window_size=None samples_per_step=480 n_train=105 (cap=105) n_test=160 (cap=175) classes_train=[0, 1, 4, 5]
[19:51:11] [load] fold=None seed=44 T=52 aggregate_days=7 window_size=None samples_per_step=480 n_train=105 (cap=105) n_test=160 (cap=175) classes_train=[0, 1, 4, 5]
[19:51:12] [load] fold=None seed=44 T=52 aggregate_days=7 window_size=None samples_per_step=480 n_train=105 (cap=105) n_test=160 (cap=175) classes_train=[0, 1, 4, 5]
[19:51:15] [load] fold=None seed=42 T=52 aggregate_days=7 window_size=None samples_per_step=480 n_train=105 (cap=105) n_test=160 (cap=175) classes_train=[0, 1, 4, 5]
[19:51:15] [load] fold=None seed=42 T=52 aggregate_days=7 window_size=None samples_per_step=480 n_train=105 (cap=105) n_test=160 (cap=175) classes_train=[0, 1, 4, 5]
[19:51:15] [load] fold=None seed=42 T=52 aggregate_days=7 window_size=None samples_per_step=480 n_train=105 (cap=105) n_test=160 (cap=175) classes_train=[0, 1, 4, 5]
[19:51:17] [load] fold=None seed=43 T=52 aggregate_days=7 window_size=None samples_per_step=480 n_train=105 (cap=105) n_test=160 (cap=175) classes_train=[0, 1, 4, 5]
[19:51:18] [load] fold=None seed=43 T=52 aggregate_days=7 window_size=None samples_per_step=480 n_train=105 (cap=105) n_test=160 (cap=175) classes_train=[0, 1, 4, 5]
[19:51:18] [load] fold=None seed=43 T=52 aggregate_days=7 window_size=None samples_per_step=480 n_train=105 (cap=105) n_test=160 (cap=175) classes_train=[0, 1, 4, 5]
[19:51:20] [load] fold=None seed=44 T=52 aggregate_days=7 window_size=None samples_per_step=480 n_train=105 (cap=105) n_test=160 (cap=175) classes_train=[0, 1, 4, 5]
[19:51:20] [load] fold=None seed=44 T=52 aggregate_days=7 window_size=None samples_per_step=480 n_train=105 (cap=105) n_test=160 (cap=175) classes_train=[0, 1, 4, 5]
[19:51:21] [load] fold=None seed=44 T=52 aggregate_days=7 window_size=None samples_per_step=480 n_train=105 (cap=105) n_test=160 (cap=175) classes_train=[0, 1, 4, 5]
[19:51:22] [grid_knn] wasps: best k=1 gamma=0.01 f1=0.641 (3/3 runs)
[19:51:23] [load] fold=None seed=42 T=52 aggregate_days=7 window_size=None samples_per_step=480 n_train=105 (cap=105) n_test=160 (cap=175) classes_train=[0, 1, 4, 5]
[19:51:23] [load] fold=None seed=42 T=52 aggregate_days=7 window_size=None samples_per_step=480 n_train=105 (cap=105) n_test=160 (cap=175) classes_train=[0, 1, 4, 5]
[19:51:23] [load] fold=None seed=42 T=52 aggregate_days=7 window_size=None samples_per_step=480 n_train=105 (cap=105) n_test=160 (cap=175) classes_train=[0, 1, 4, 5]
[19:51:24] [load] fold=None seed=42 T=52 aggregate_days=7 window_size=None samples_per_step=480 n_train=105 (cap=105) n_test=160 (cap=175) classes_train=[0, 1, 4, 5]
[19:51:25] [load] fold=None seed=43 T=52 aggregate_days=7 window_size=None samples_per_step=480 n_train=105 (cap=105) n_test=160 (cap=175) classes_train=[0, 1, 4, 5]
[19:51:25] [load] fold=None seed=43 T=52 aggregate_days=7 window_size=None samples_per_step=480 n_train=105 (cap=105) n_test=160 (cap=175) classes_train=[0, 1, 4, 5]
[19:51:26] [load] fold=None seed=43 T=52 aggregate_days=7 window_size=None samples_per_step=480 n_train=105 (cap=105) n_test=160 (cap=175) classes_train=[0, 1, 4, 5]
[19:51:26] [load] fold=None seed=43 T=52 aggregate_days=7 window_size=None samples_per_step=480 n_train=105 (cap=105) n_test=160 (cap=175) classes_train=[0, 1, 4, 5]
[19:51:28] [load] fold=None seed=44 T=52 aggregate_days=7 window_size=None samples_per_step=480 n_train=105 (cap=105) n_test=160 (cap=175) classes_train=[0, 1, 4, 5]
[19:51:28] [load] fold=None seed=44 T=52 aggregate_days=7 window_size=None samples_per_step=480 n_train=105 (cap=105) n_test=160 (cap=175) classes_train=[0, 1, 4, 5]
[19:51:29] [load] fold=None seed=44 T=52 aggregate_days=7 window_size=None samples_per_step=480 n_train=105 (cap=105) n_test=160 (cap=175) classes_train=[0, 1, 4, 5]
[19:51:29] [load] fold=None seed=44 T=52 aggregate_days=7 window_size=None samples_per_step=480 n_train=105 (cap=105) n_test=160 (cap=175) classes_train=[0, 1, 4, 5]
[19:51:31] [load] fold=None seed=42 T=52 aggregate_days=7 window_size=None samples_per_step=480 n_train=105 (cap=105) n_test=160 (cap=175) classes_train=[0, 1, 4, 5]
[19:51:31] [load] fold=None seed=42 T=52 aggregate_days=7 window_size=None samples_per_step=480 n_train=105 (cap=105) n_test=160 (cap=175) classes_train=[0, 1, 4, 5]
[19:51:32] [load] fold=None seed=42 T=52 aggregate_days=7 window_size=None samples_per_step=480 n_train=105 (cap=105) n_test=160 (cap=175) classes_train=[0, 1, 4, 5]
[19:51:33] [load] fold=None seed=43 T=52 aggregate_days=7 window_size=None samples_per_step=480 n_train=105 (cap=105) n_test=160 (cap=175) classes_train=[0, 1, 4, 5]
[19:51:34] [load] fold=None seed=43 T=52 aggregate_days=7 window_size=None samples_per_step=480 n_train=105 (cap=105) n_test=160 (cap=175) classes_train=[0, 1, 4, 5]
[19:51:35] [load] fold=None seed=43 T=52 aggregate_days=7 window_size=None samples_per_step=480 n_train=105 (cap=105) n_test=160 (cap=175) classes_train=[0, 1, 4, 5]
[19:51:36] [load] fold=None seed=44 T=52 aggregate_days=7 window_size=None samples_per_step=480 n_train=105 (cap=105) n_test=160 (cap=175) classes_train=[0, 1, 4, 5]
[19:51:36] [load] fold=None seed=44 T=52 aggregate_days=7 window_size=None samples_per_step=480 n_train=105 (cap=105) n_test=160 (cap=175) classes_train=[0, 1, 4, 5]
[19:51:38] [load] fold=None seed=44 T=52 aggregate_days=7 window_size=None samples_per_step=480 n_train=105 (cap=105) n_test=160 (cap=175) classes_train=[0, 1, 4, 5]
[19:51:39] [grid_knn] wasps_nodiv: best k=1 gamma=0.0001 f1=0.635 (3/3 runs)
[19:51:40] [load] fold=None seed=42 T=52 aggregate_days=7 window_size=None samples_per_step=480 n_train=105 (cap=105) n_test=160 (cap=175) classes_train=[0, 1, 4, 5]
[19:51:40] [load] fold=None seed=42 T=52 aggregate_days=7 window_size=None samples_per_step=480 n_train=105 (cap=105) n_test=160 (cap=175) classes_train=[0, 1, 4, 5]
[19:51:40] [load] fold=None seed=42 T=52 aggregate_days=7 window_size=None samples_per_step=480 n_train=105 (cap=105) n_test=160 (cap=175) classes_train=[0, 1, 4, 5]
[19:51:40] [load] fold=None seed=42 T=52 aggregate_days=7 window_size=None samples_per_step=480 n_train=105 (cap=105) n_test=160 (cap=175) classes_train=[0, 1, 4, 5]
[19:51:42] [load] fold=None seed=43 T=52 aggregate_days=7 window_size=None samples_per_step=480 n_train=105 (cap=105) n_test=160 (cap=175) classes_train=[0, 1, 4, 5]
[19:51:43] [load] fold=None seed=43 T=52 aggregate_days=7 window_size=None samples_per_step=480 n_train=105 (cap=105) n_test=160 (cap=175) classes_train=[0, 1, 4, 5]
[19:51:43] [load] fold=None seed=43 T=52 aggregate_days=7 window_size=None samples_per_step=480 n_train=105 (cap=105) n_test=160 (cap=175) classes_train=[0, 1, 4, 5]
[19:51:44] [load] fold=None seed=43 T=52 aggregate_days=7 window_size=None samples_per_step=480 n_train=105 (cap=105) n_test=160 (cap=175) classes_train=[0, 1, 4, 5]
[19:51:45] [load] fold=None seed=44 T=52 aggregate_days=7 window_size=None samples_per_step=480 n_train=105 (cap=105) n_test=160 (cap=175) classes_train=[0, 1, 4, 5]
[19:51:45] [load] fold=None seed=44 T=52 aggregate_days=7 window_size=None samples_per_step=480 n_train=105 (cap=105) n_test=160 (cap=175) classes_train=[0, 1, 4, 5]
[19:51:47] [load] fold=None seed=44 T=52 aggregate_days=7 window_size=None samples_per_step=480 n_train=105 (cap=105) n_test=160 (cap=175) classes_train=[0, 1, 4, 5]
[19:51:47] [load] fold=None seed=44 T=52 aggregate_days=7 window_size=None samples_per_step=480 n_train=105 (cap=105) n_test=160 (cap=175) classes_train=[0, 1, 4, 5]
[19:51:47] [load] fold=None seed=42 T=52 aggregate_days=7 window_size=None samples_per_step=480 n_train=105 (cap=105) n_test=160 (cap=175) classes_train=[0, 1, 4, 5]
[19:51:48] [load] fold=None seed=42 T=52 aggregate_days=7 window_size=None samples_per_step=480 n_train=105 (cap=105) n_test=160 (cap=175) classes_train=[0, 1, 4, 5]
[19:51:49] [load] fold=None seed=42 T=52 aggregate_days=7 window_size=None samples_per_step=480 n_train=105 (cap=105) n_test=160 (cap=175) classes_train=[0, 1, 4, 5]
[19:51:50] [load] fold=None seed=43 T=52 aggregate_days=7 window_size=None samples_per_step=480 n_train=105 (cap=105) n_test=160 (cap=175) classes_train=[0, 1, 4, 5]
[19:51:51] [load] fold=None seed=43 T=52 aggregate_days=7 window_size=None samples_per_step=480 n_train=105 (cap=105) n_test=160 (cap=175) classes_train=[0, 1, 4, 5]
[19:51:52] [load] fold=None seed=43 T=52 aggregate_days=7 window_size=None samples_per_step=480 n_train=105 (cap=105) n_test=160 (cap=175) classes_train=[0, 1, 4, 5]
[19:51:53] [load] fold=None seed=44 T=52 aggregate_days=7 window_size=None samples_per_step=480 n_train=105 (cap=105) n_test=160 (cap=175) classes_train=[0, 1, 4, 5]
[19:51:53] [load] fold=None seed=44 T=52 aggregate_days=7 window_size=None samples_per_step=480 n_train=105 (cap=105) n_test=160 (cap=175) classes_train=[0, 1, 4, 5]
[19:51:54] [load] fold=None seed=44 T=52 aggregate_days=7 window_size=None samples_per_step=480 n_train=105 (cap=105) n_test=160 (cap=175) classes_train=[0, 1, 4, 5]
[19:51:56] [grid_knn] eucl_params: best k=1 gamma=1 f1=0.557 (3/3 runs)
[19:51:57] [load] fold=None seed=42 T=52 aggregate_days=7 window_size=None samples_per_step=480 n_train=105 (cap=105) n_test=160 (cap=175) classes_train=[0, 1, 4, 5]
[19:51:57] [load] fold=None seed=42 T=52 aggregate_days=7 window_size=None samples_per_step=480 n_train=105 (cap=105) n_test=160 (cap=175) classes_train=[0, 1, 4, 5]
[19:51:57] [load] fold=None seed=42 T=52 aggregate_days=7 window_size=None samples_per_step=480 n_train=105 (cap=105) n_test=160 (cap=175) classes_train=[0, 1, 4, 5]
[19:51:57] [load] fold=None seed=42 T=52 aggregate_days=7 window_size=None samples_per_step=480 n_train=105 (cap=105) n_test=160 (cap=175) classes_train=[0, 1, 4, 5]
[19:51:59] [load] fold=None seed=43 T=52 aggregate_days=7 window_size=None samples_per_step=480 n_train=105 (cap=105) n_test=160 (cap=175) classes_train=[0, 1, 4, 5]
[19:51:59] [load] fold=None seed=43 T=52 aggregate_days=7 window_size=None samples_per_step=480 n_train=105 (cap=105) n_test=160 (cap=175) classes_train=[0, 1, 4, 5]
[19:51:59] [load] fold=None seed=43 T=52 aggregate_days=7 window_size=None samples_per_step=480 n_train=105 (cap=105) n_test=160 (cap=175) classes_train=[0, 1, 4, 5]
[19:52:00] [load] fold=None seed=43 T=52 aggregate_days=7 window_size=None samples_per_step=480 n_train=105 (cap=105) n_test=160 (cap=175) classes_train=[0, 1, 4, 5]
[19:52:02] [load] fold=None seed=44 T=52 aggregate_days=7 window_size=None samples_per_step=480 n_train=105 (cap=105) n_test=160 (cap=175) classes_train=[0, 1, 4, 5]
[19:52:02] [load] fold=None seed=44 T=52 aggregate_days=7 window_size=None samples_per_step=480 n_train=105 (cap=105) n_test=160 (cap=175) classes_train=[0, 1, 4, 5]
[19:52:03] [load] fold=None seed=44 T=52 aggregate_days=7 window_size=None samples_per_step=480 n_train=105 (cap=105) n_test=160 (cap=175) classes_train=[0, 1, 4, 5]
[19:52:03] [load] fold=None seed=44 T=52 aggregate_days=7 window_size=None samples_per_step=480 n_train=105 (cap=105) n_test=160 (cap=175) classes_train=[0, 1, 4, 5]
[19:52:04] [load] fold=None seed=42 T=52 aggregate_days=7 window_size=None samples_per_step=480 n_train=105 (cap=105) n_test=160 (cap=175) classes_train=[0, 1, 4, 5]
[19:52:05] [load] fold=None seed=42 T=52 aggregate_days=7 window_size=None samples_per_step=480 n_train=105 (cap=105) n_test=160 (cap=175) classes_train=[0, 1, 4, 5]
[19:52:06] [load] fold=None seed=42 T=52 aggregate_days=7 window_size=None samples_per_step=480 n_train=105 (cap=105) n_test=160 (cap=175) classes_train=[0, 1, 4, 5]
[19:52:07] [load] fold=None seed=43 T=52 aggregate_days=7 window_size=None samples_per_step=480 n_train=105 (cap=105) n_test=160 (cap=175) classes_train=[0, 1, 4, 5]
[19:52:07] [load] fold=None seed=43 T=52 aggregate_days=7 window_size=None samples_per_step=480 n_train=105 (cap=105) n_test=160 (cap=175) classes_train=[0, 1, 4, 5]
[19:52:08] [load] fold=None seed=43 T=52 aggregate_days=7 window_size=None samples_per_step=480 n_train=105 (cap=105) n_test=160 (cap=175) classes_train=[0, 1, 4, 5]
[19:52:10] [load] fold=None seed=44 T=52 aggregate_days=7 window_size=None samples_per_step=480 n_train=105 (cap=105) n_test=160 (cap=175) classes_train=[0, 1, 4, 5]
[19:52:10] [load] fold=None seed=44 T=52 aggregate_days=7 window_size=None samples_per_step=480 n_train=105 (cap=105) n_test=160 (cap=175) classes_train=[0, 1, 4, 5]
[19:52:10] [load] fold=None seed=44 T=52 aggregate_days=7 window_size=None samples_per_step=480 n_train=105 (cap=105) n_test=160 (cap=175) classes_train=[0, 1, 4, 5]
[19:52:12] [grid_knn] eucl_params_nodiv: best k=1 gamma=1 f1=0.557 (3/3 runs)
[19:52:13] [load] fold=None seed=42 T=52 aggregate_days=7 window_size=None samples_per_step=480 n_train=105 (cap=105) n_test=160 (cap=175) classes_train=[0, 1, 4, 5]
[19:52:13] [load] fold=None seed=42 T=52 aggregate_days=7 window_size=None samples_per_step=480 n_train=105 (cap=105) n_test=160 (cap=175) classes_train=[0, 1, 4, 5]
[19:52:13] [load] fold=None seed=42 T=52 aggregate_days=7 window_size=None samples_per_step=480 n_train=105 (cap=105) n_test=160 (cap=175) classes_train=[0, 1, 4, 5]
[19:52:13] [load] fold=None seed=42 T=52 aggregate_days=7 window_size=None samples_per_step=480 n_train=105 (cap=105) n_test=160 (cap=175) classes_train=[0, 1, 4, 5]
[19:52:17] [load] fold=None seed=43 T=52 aggregate_days=7 window_size=None samples_per_step=480 n_train=105 (cap=105) n_test=160 (cap=175) classes_train=[0, 1, 4, 5]
[19:52:17] [load] fold=None seed=43 T=52 aggregate_days=7 window_size=None samples_per_step=480 n_train=105 (cap=105) n_test=160 (cap=175) classes_train=[0, 1, 4, 5]
[19:52:17] [load] fold=None seed=43 T=52 aggregate_days=7 window_size=None samples_per_step=480 n_train=105 (cap=105) n_test=160 (cap=175) classes_train=[0, 1, 4, 5]
[19:52:17] [load] fold=None seed=43 T=52 aggregate_days=7 window_size=None samples_per_step=480 n_train=105 (cap=105) n_test=160 (cap=175) classes_train=[0, 1, 4, 5]
[19:52:20] [load] fold=None seed=44 T=52 aggregate_days=7 window_size=None samples_per_step=480 n_train=105 (cap=105) n_test=160 (cap=175) classes_train=[0, 1, 4, 5]
[19:52:20] [load] fold=None seed=44 T=52 aggregate_days=7 window_size=None samples_per_step=480 n_train=105 (cap=105) n_test=160 (cap=175) classes_train=[0, 1, 4, 5]
[19:52:21] [load] fold=None seed=44 T=52 aggregate_days=7 window_size=None samples_per_step=480 n_train=105 (cap=105) n_test=160 (cap=175) classes_train=[0, 1, 4, 5]
[19:52:21] [load] fold=None seed=44 T=52 aggregate_days=7 window_size=None samples_per_step=480 n_train=105 (cap=105) n_test=160 (cap=175) classes_train=[0, 1, 4, 5]
[19:52:24] [load] fold=None seed=42 T=52 aggregate_days=7 window_size=None samples_per_step=480 n_train=105 (cap=105) n_test=160 (cap=175) classes_train=[0, 1, 4, 5]
[19:52:24] [load] fold=None seed=42 T=52 aggregate_days=7 window_size=None samples_per_step=480 n_train=105 (cap=105) n_test=160 (cap=175) classes_train=[0, 1, 4, 5]
[19:52:25] [load] fold=None seed=42 T=52 aggregate_days=7 window_size=None samples_per_step=480 n_train=105 (cap=105) n_test=160 (cap=175) classes_train=[0, 1, 4, 5]
[19:52:27] [load] fold=None seed=43 T=52 aggregate_days=7 window_size=None samples_per_step=480 n_train=105 (cap=105) n_test=160 (cap=175) classes_train=[0, 1, 4, 5]
[19:52:28] [load] fold=None seed=43 T=52 aggregate_days=7 window_size=None samples_per_step=480 n_train=105 (cap=105) n_test=160 (cap=175) classes_train=[0, 1, 4, 5]
[19:52:28] [load] fold=None seed=43 T=52 aggregate_days=7 window_size=None samples_per_step=480 n_train=105 (cap=105) n_test=160 (cap=175) classes_train=[0, 1, 4, 5]
[19:52:31] [load] fold=None seed=44 T=52 aggregate_days=7 window_size=None samples_per_step=480 n_train=105 (cap=105) n_test=160 (cap=175) classes_train=[0, 1, 4, 5]
[19:52:31] [load] fold=None seed=44 T=52 aggregate_days=7 window_size=None samples_per_step=480 n_train=105 (cap=105) n_test=160 (cap=175) classes_train=[0, 1, 4, 5]
[19:52:31] [load] fold=None seed=44 T=52 aggregate_days=7 window_size=None samples_per_step=480 n_train=105 (cap=105) n_test=160 (cap=175) classes_train=[0, 1, 4, 5]
[19:52:34] [grid_knn] eucl_raw: best k=1 gamma=1 f1=0.497 (3/3 runs)
[19:52:35] [load] fold=None seed=42 T=52 aggregate_days=7 window_size=None samples_per_step=480 n_train=105 (cap=105) n_test=160 (cap=175) classes_train=[0, 1, 4, 5]
[19:52:35] [load] fold=None seed=42 T=52 aggregate_days=7 window_size=None samples_per_step=480 n_train=105 (cap=105) n_test=160 (cap=175) classes_train=[0, 1, 4, 5]
[19:52:35] [load] fold=None seed=42 T=52 aggregate_days=7 window_size=None samples_per_step=480 n_train=105 (cap=105) n_test=160 (cap=175) classes_train=[0, 1, 4, 5]
[19:52:35] [load] fold=None seed=42 T=52 aggregate_days=7 window_size=None samples_per_step=480 n_train=105 (cap=105) n_test=160 (cap=175) classes_train=[0, 1, 4, 5]
[19:52:38] [load] fold=None seed=43 T=52 aggregate_days=7 window_size=None samples_per_step=480 n_train=105 (cap=105) n_test=160 (cap=175) classes_train=[0, 1, 4, 5]
[19:52:38] [load] fold=None seed=43 T=52 aggregate_days=7 window_size=None samples_per_step=480 n_train=105 (cap=105) n_test=160 (cap=175) classes_train=[0, 1, 4, 5]
[19:52:39] [load] fold=None seed=43 T=52 aggregate_days=7 window_size=None samples_per_step=480 n_train=105 (cap=105) n_test=160 (cap=175) classes_train=[0, 1, 4, 5]
[19:52:39] [load] fold=None seed=43 T=52 aggregate_days=7 window_size=None samples_per_step=480 n_train=105 (cap=105) n_test=160 (cap=175) classes_train=[0, 1, 4, 5]
[19:52:42] [load] fold=None seed=44 T=52 aggregate_days=7 window_size=None samples_per_step=480 n_train=105 (cap=105) n_test=160 (cap=175) classes_train=[0, 1, 4, 5]
[19:52:42] [load] fold=None seed=44 T=52 aggregate_days=7 window_size=None samples_per_step=480 n_train=105 (cap=105) n_test=160 (cap=175) classes_train=[0, 1, 4, 5]
[19:52:42] [load] fold=None seed=44 T=52 aggregate_days=7 window_size=None samples_per_step=480 n_train=105 (cap=105) n_test=160 (cap=175) classes_train=[0, 1, 4, 5]
[19:52:43] [load] fold=None seed=44 T=52 aggregate_days=7 window_size=None samples_per_step=480 n_train=105 (cap=105) n_test=160 (cap=175) classes_train=[0, 1, 4, 5]
[19:52:46] [load] fold=None seed=42 T=52 aggregate_days=7 window_size=None samples_per_step=480 n_train=105 (cap=105) n_test=160 (cap=175) classes_train=[0, 1, 4, 5]
[19:52:46] [load] fold=None seed=42 T=52 aggregate_days=7 window_size=None samples_per_step=480 n_train=105 (cap=105) n_test=160 (cap=175) classes_train=[0, 1, 4, 5]
[19:52:46] [load] fold=None seed=42 T=52 aggregate_days=7 window_size=None samples_per_step=480 n_train=105 (cap=105) n_test=160 (cap=175) classes_train=[0, 1, 4, 5]
[19:52:49] [load] fold=None seed=43 T=52 aggregate_days=7 window_size=None samples_per_step=480 n_train=105 (cap=105) n_test=160 (cap=175) classes_train=[0, 1, 4, 5]
[19:52:49] [load] fold=None seed=43 T=52 aggregate_days=7 window_size=None samples_per_step=480 n_train=105 (cap=105) n_test=160 (cap=175) classes_train=[0, 1, 4, 5]
[19:52:49] [load] fold=None seed=43 T=52 aggregate_days=7 window_size=None samples_per_step=480 n_train=105 (cap=105) n_test=160 (cap=175) classes_train=[0, 1, 4, 5]
[19:52:52] [load] fold=None seed=44 T=52 aggregate_days=7 window_size=None samples_per_step=480 n_train=105 (cap=105) n_test=160 (cap=175) classes_train=[0, 1, 4, 5]
[19:52:52] [load] fold=None seed=44 T=52 aggregate_days=7 window_size=None samples_per_step=480 n_train=105 (cap=105) n_test=160 (cap=175) classes_train=[0, 1, 4, 5]
[19:52:53] [load] fold=None seed=44 T=52 aggregate_days=7 window_size=None samples_per_step=480 n_train=105 (cap=105) n_test=160 (cap=175) classes_train=[0, 1, 4, 5]
[19:52:55] [grid_knn] eucl_raw_nodiv: best k=1 gamma=1 f1=0.497 (3/3 runs)
[19:52:55] [optimize_gamma/river] knn: sta @ reduced scale {'samples_per_step': 8, 'max_train_samples': 12, 'max_test_samples': 8}, n_jobs=2
[19:53:00] [load] fold=None seed=42 T=52 aggregate_days=7 window_size=None samples_per_step=8 n_train=12 (cap=12) n_test=8 (cap=8) classes_train=[0, 1, 4, 5]
[19:53:00] [load] fold=None seed=42 T=52 aggregate_days=7 window_size=None samples_per_step=8 n_train=12 (cap=12) n_test=8 (cap=8) classes_train=[0, 1, 4, 5]
[19:53:16] [load] fold=None seed=43 T=52 aggregate_days=7 window_size=None samples_per_step=8 n_train=12 (cap=12) n_test=8 (cap=8) classes_train=[0, 1, 4, 5]
[19:53:17] [load] fold=None seed=43 T=52 aggregate_days=7 window_size=None samples_per_step=8 n_train=12 (cap=12) n_test=8 (cap=8) classes_train=[0, 1, 4, 5]
[19:53:32] [load] fold=None seed=44 T=52 aggregate_days=7 window_size=None samples_per_step=8 n_train=12 (cap=12) n_test=8 (cap=8) classes_train=[0, 1, 4, 5]
[19:53:32] [load] fold=None seed=44 T=52 aggregate_days=7 window_size=None samples_per_step=8 n_train=12 (cap=12) n_test=8 (cap=8) classes_train=[0, 1, 4, 5]
[19:53:49] [load] fold=None seed=42 T=52 aggregate_days=7 window_size=None samples_per_step=8 n_train=12 (cap=12) n_test=8 (cap=8) classes_train=[0, 1, 4, 5]
[19:53:49] [load] fold=None seed=42 T=52 aggregate_days=7 window_size=None samples_per_step=8 n_train=12 (cap=12) n_test=8 (cap=8) classes_train=[0, 1, 4, 5]
[19:54:06] [load] fold=None seed=43 T=52 aggregate_days=7 window_size=None samples_per_step=8 n_train=12 (cap=12) n_test=8 (cap=8) classes_train=[0, 1, 4, 5]
[19:54:06] [load] fold=None seed=43 T=52 aggregate_days=7 window_size=None samples_per_step=8 n_train=12 (cap=12) n_test=8 (cap=8) classes_train=[0, 1, 4, 5]
[19:54:23] [load] fold=None seed=44 T=52 aggregate_days=7 window_size=None samples_per_step=8 n_train=12 (cap=12) n_test=8 (cap=8) classes_train=[0, 1, 4, 5]
[19:54:23] [load] fold=None seed=44 T=52 aggregate_days=7 window_size=None samples_per_step=8 n_train=12 (cap=12) n_test=8 (cap=8) classes_train=[0, 1, 4, 5]
[19:54:47] [load] fold=None seed=42 T=52 aggregate_days=7 window_size=None samples_per_step=8 n_train=12 (cap=12) n_test=8 (cap=8) classes_train=[0, 1, 4, 5]
[19:54:50] [load] fold=None seed=42 T=52 aggregate_days=7 window_size=None samples_per_step=8 n_train=12 (cap=12) n_test=8 (cap=8) classes_train=[0, 1, 4, 5]
[19:55:04] [load] fold=None seed=43 T=52 aggregate_days=7 window_size=None samples_per_step=8 n_train=12 (cap=12) n_test=8 (cap=8) classes_train=[0, 1, 4, 5]
[19:55:07] [load] fold=None seed=43 T=52 aggregate_days=7 window_size=None samples_per_step=8 n_train=12 (cap=12) n_test=8 (cap=8) classes_train=[0, 1, 4, 5]
[19:55:19] [load] fold=None seed=44 T=52 aggregate_days=7 window_size=None samples_per_step=8 n_train=12 (cap=12) n_test=8 (cap=8) classes_train=[0, 1, 4, 5]
[19:55:23] [load] fold=None seed=44 T=52 aggregate_days=7 window_size=None samples_per_step=8 n_train=12 (cap=12) n_test=8 (cap=8) classes_train=[0, 1, 4, 5]
[19:55:36] [load] fold=None seed=42 T=52 aggregate_days=7 window_size=None samples_per_step=8 n_train=12 (cap=12) n_test=8 (cap=8) classes_train=[0, 1, 4, 5]
[19:55:52] [load] fold=None seed=43 T=52 aggregate_days=7 window_size=None samples_per_step=8 n_train=12 (cap=12) n_test=8 (cap=8) classes_train=[0, 1, 4, 5]
[19:56:07] [load] fold=None seed=44 T=52 aggregate_days=7 window_size=None samples_per_step=8 n_train=12 (cap=12) n_test=8 (cap=8) classes_train=[0, 1, 4, 5]
[19:56:23] [grid_knn] sta: best k=1 gamma=0.0001 f1=0.343 (3/3 runs)
[19:56:23] [optimize_gamma/river] barycenter: 6 methods @ samples_per_step=480, n_jobs=4
[19:56:30] [load] fold=None seed=42 T=52 aggregate_days=7 window_size=None samples_per_step=480 n_train=105 (cap=105) n_test=160 (cap=175) classes_train=[0, 1, 4, 5]
[19:56:30] [load] fold=None seed=42 T=52 aggregate_days=7 window_size=None samples_per_step=480 n_train=105 (cap=105) n_test=160 (cap=175) classes_train=[0, 1, 4, 5]
[19:56:30] [load] fold=None seed=42 T=52 aggregate_days=7 window_size=None samples_per_step=480 n_train=105 (cap=105) n_test=160 (cap=175) classes_train=[0, 1, 4, 5]
[19:56:30] [load] fold=None seed=42 T=52 aggregate_days=7 window_size=None samples_per_step=480 n_train=105 (cap=105) n_test=160 (cap=175) classes_train=[0, 1, 4, 5]
[19:56:43] [load] fold=None seed=43 T=52 aggregate_days=7 window_size=None samples_per_step=480 n_train=105 (cap=105) n_test=160 (cap=175) classes_train=[0, 1, 4, 5]
[19:56:46] [load] fold=None seed=43 T=52 aggregate_days=7 window_size=None samples_per_step=480 n_train=105 (cap=105) n_test=160 (cap=175) classes_train=[0, 1, 4, 5]
[19:56:46] [load] fold=None seed=43 T=52 aggregate_days=7 window_size=None samples_per_step=480 n_train=105 (cap=105) n_test=160 (cap=175) classes_train=[0, 1, 4, 5]
[19:56:47] [load] fold=None seed=43 T=52 aggregate_days=7 window_size=None samples_per_step=480 n_train=105 (cap=105) n_test=160 (cap=175) classes_train=[0, 1, 4, 5]
[19:56:57] [load] fold=None seed=44 T=52 aggregate_days=7 window_size=None samples_per_step=480 n_train=105 (cap=105) n_test=160 (cap=175) classes_train=[0, 1, 4, 5]
[19:57:01] [load] fold=None seed=44 T=52 aggregate_days=7 window_size=None samples_per_step=480 n_train=105 (cap=105) n_test=160 (cap=175) classes_train=[0, 1, 4, 5]
[19:57:03] [load] fold=None seed=44 T=52 aggregate_days=7 window_size=None samples_per_step=480 n_train=105 (cap=105) n_test=160 (cap=175) classes_train=[0, 1, 4, 5]
[19:57:04] [load] fold=None seed=44 T=52 aggregate_days=7 window_size=None samples_per_step=480 n_train=105 (cap=105) n_test=160 (cap=175) classes_train=[0, 1, 4, 5]
[19:57:10] [load] fold=None seed=42 T=52 aggregate_days=7 window_size=None samples_per_step=480 n_train=105 (cap=105) n_test=160 (cap=175) classes_train=[0, 1, 4, 5]
[19:57:17] [load] fold=None seed=42 T=52 aggregate_days=7 window_size=None samples_per_step=480 n_train=105 (cap=105) n_test=160 (cap=175) classes_train=[0, 1, 4, 5]
[19:57:20] [load] fold=None seed=42 T=52 aggregate_days=7 window_size=None samples_per_step=480 n_train=105 (cap=105) n_test=160 (cap=175) classes_train=[0, 1, 4, 5]
[19:57:22] [load] fold=None seed=43 T=52 aggregate_days=7 window_size=None samples_per_step=480 n_train=105 (cap=105) n_test=160 (cap=175) classes_train=[0, 1, 4, 5]
[19:57:27] [load] fold=None seed=43 T=52 aggregate_days=7 window_size=None samples_per_step=480 n_train=105 (cap=105) n_test=160 (cap=175) classes_train=[0, 1, 4, 5]
[19:57:32] [load] fold=None seed=43 T=52 aggregate_days=7 window_size=None samples_per_step=480 n_train=105 (cap=105) n_test=160 (cap=175) classes_train=[0, 1, 4, 5]
[19:57:33] [load] fold=None seed=44 T=52 aggregate_days=7 window_size=None samples_per_step=480 n_train=105 (cap=105) n_test=160 (cap=175) classes_train=[0, 1, 4, 5]
[19:57:37] [load] fold=None seed=44 T=52 aggregate_days=7 window_size=None samples_per_step=480 n_train=105 (cap=105) n_test=160 (cap=175) classes_train=[0, 1, 4, 5]
[19:57:43] [load] fold=None seed=44 T=52 aggregate_days=7 window_size=None samples_per_step=480 n_train=105 (cap=105) n_test=160 (cap=175) classes_train=[0, 1, 4, 5]
[19:57:50] [grid_bary] wasps: best lr=0.001 gamma=1e+04 f1=0.466 (3/3 runs)
[19:57:51] [load] fold=None seed=42 T=52 aggregate_days=7 window_size=None samples_per_step=480 n_train=105 (cap=105) n_test=160 (cap=175) classes_train=[0, 1, 4, 5]
[19:57:51] [load] fold=None seed=42 T=52 aggregate_days=7 window_size=None samples_per_step=480 n_train=105 (cap=105) n_test=160 (cap=175) classes_train=[0, 1, 4, 5]
[19:57:52] [load] fold=None seed=42 T=52 aggregate_days=7 window_size=None samples_per_step=480 n_train=105 (cap=105) n_test=160 (cap=175) classes_train=[0, 1, 4, 5]
[19:57:52] [load] fold=None seed=42 T=52 aggregate_days=7 window_size=None samples_per_step=480 n_train=105 (cap=105) n_test=160 (cap=175) classes_train=[0, 1, 4, 5]
[19:57:59] [load] fold=None seed=43 T=52 aggregate_days=7 window_size=None samples_per_step=480 n_train=105 (cap=105) n_test=160 (cap=175) classes_train=[0, 1, 4, 5]
[19:58:01] [load] fold=None seed=43 T=52 aggregate_days=7 window_size=None samples_per_step=480 n_train=105 (cap=105) n_test=160 (cap=175) classes_train=[0, 1, 4, 5]
[19:58:01] [load] fold=None seed=43 T=52 aggregate_days=7 window_size=None samples_per_step=480 n_train=105 (cap=105) n_test=160 (cap=175) classes_train=[0, 1, 4, 5]
[19:58:02] [load] fold=None seed=43 T=52 aggregate_days=7 window_size=None samples_per_step=480 n_train=105 (cap=105) n_test=160 (cap=175) classes_train=[0, 1, 4, 5]
[19:58:08] [load] fold=None seed=44 T=52 aggregate_days=7 window_size=None samples_per_step=480 n_train=105 (cap=105) n_test=160 (cap=175) classes_train=[0, 1, 4, 5]
[19:58:10] [load] fold=None seed=44 T=52 aggregate_days=7 window_size=None samples_per_step=480 n_train=105 (cap=105) n_test=160 (cap=175) classes_train=[0, 1, 4, 5]
[19:58:11] [load] fold=None seed=44 T=52 aggregate_days=7 window_size=None samples_per_step=480 n_train=105 (cap=105) n_test=160 (cap=175) classes_train=[0, 1, 4, 5]
[19:58:11] [load] fold=None seed=44 T=52 aggregate_days=7 window_size=None samples_per_step=480 n_train=105 (cap=105) n_test=160 (cap=175) classes_train=[0, 1, 4, 5]
[19:58:15] [load] fold=None seed=42 T=52 aggregate_days=7 window_size=None samples_per_step=480 n_train=105 (cap=105) n_test=160 (cap=175) classes_train=[0, 1, 4, 5]
[19:58:20] [load] fold=None seed=42 T=52 aggregate_days=7 window_size=None samples_per_step=480 n_train=105 (cap=105) n_test=160 (cap=175) classes_train=[0, 1, 4, 5]
[19:58:20] [load] fold=None seed=42 T=52 aggregate_days=7 window_size=None samples_per_step=480 n_train=105 (cap=105) n_test=160 (cap=175) classes_train=[0, 1, 4, 5]
[19:58:22] [load] fold=None seed=43 T=52 aggregate_days=7 window_size=None samples_per_step=480 n_train=105 (cap=105) n_test=160 (cap=175) classes_train=[0, 1, 4, 5]
[19:58:25] [load] fold=None seed=43 T=52 aggregate_days=7 window_size=None samples_per_step=480 n_train=105 (cap=105) n_test=160 (cap=175) classes_train=[0, 1, 4, 5]
[19:58:26] [load] fold=None seed=43 T=52 aggregate_days=7 window_size=None samples_per_step=480 n_train=105 (cap=105) n_test=160 (cap=175) classes_train=[0, 1, 4, 5]
[19:58:28] [load] fold=None seed=44 T=52 aggregate_days=7 window_size=None samples_per_step=480 n_train=105 (cap=105) n_test=160 (cap=175) classes_train=[0, 1, 4, 5]
[19:58:29] [load] fold=None seed=44 T=52 aggregate_days=7 window_size=None samples_per_step=480 n_train=105 (cap=105) n_test=160 (cap=175) classes_train=[0, 1, 4, 5]
[19:58:30] [load] fold=None seed=44 T=52 aggregate_days=7 window_size=None samples_per_step=480 n_train=105 (cap=105) n_test=160 (cap=175) classes_train=[0, 1, 4, 5]
[19:58:33] [grid_bary] wasps_nodiv: best lr=0.001 gamma=100 f1=0.467 (3/3 runs)
[19:58:34] [load] fold=None seed=42 T=52 aggregate_days=7 window_size=None samples_per_step=480 n_train=105 (cap=105) n_test=160 (cap=175) classes_train=[0, 1, 4, 5]
[19:58:34] [load] fold=None seed=42 T=52 aggregate_days=7 window_size=None samples_per_step=480 n_train=105 (cap=105) n_test=160 (cap=175) classes_train=[0, 1, 4, 5]
[19:58:34] [load] fold=None seed=42 T=52 aggregate_days=7 window_size=None samples_per_step=480 n_train=105 (cap=105) n_test=160 (cap=175) classes_train=[0, 1, 4, 5]
[19:58:34] [load] fold=None seed=42 T=52 aggregate_days=7 window_size=None samples_per_step=480 n_train=105 (cap=105) n_test=160 (cap=175) classes_train=[0, 1, 4, 5]
[19:58:48] [load] fold=None seed=43 T=52 aggregate_days=7 window_size=None samples_per_step=480 n_train=105 (cap=105) n_test=160 (cap=175) classes_train=[0, 1, 4, 5]
[19:58:49] [load] fold=None seed=43 T=52 aggregate_days=7 window_size=None samples_per_step=480 n_train=105 (cap=105) n_test=160 (cap=175) classes_train=[0, 1, 4, 5]
[19:58:49] [load] fold=None seed=43 T=52 aggregate_days=7 window_size=None samples_per_step=480 n_train=105 (cap=105) n_test=160 (cap=175) classes_train=[0, 1, 4, 5]
[19:58:49] [load] fold=None seed=43 T=52 aggregate_days=7 window_size=None samples_per_step=480 n_train=105 (cap=105) n_test=160 (cap=175) classes_train=[0, 1, 4, 5]
[19:59:00] [load] fold=None seed=44 T=52 aggregate_days=7 window_size=None samples_per_step=480 n_train=105 (cap=105) n_test=160 (cap=175) classes_train=[0, 1, 4, 5]
[19:59:02] [load] fold=None seed=44 T=52 aggregate_days=7 window_size=None samples_per_step=480 n_train=105 (cap=105) n_test=160 (cap=175) classes_train=[0, 1, 4, 5]
[19:59:02] [load] fold=None seed=44 T=52 aggregate_days=7 window_size=None samples_per_step=480 n_train=105 (cap=105) n_test=160 (cap=175) classes_train=[0, 1, 4, 5]
[19:59:02] [load] fold=None seed=44 T=52 aggregate_days=7 window_size=None samples_per_step=480 n_train=105 (cap=105) n_test=160 (cap=175) classes_train=[0, 1, 4, 5]
[19:59:12] [load] fold=None seed=42 T=52 aggregate_days=7 window_size=None samples_per_step=480 n_train=105 (cap=105) n_test=160 (cap=175) classes_train=[0, 1, 4, 5]
[19:59:15] [load] fold=None seed=42 T=52 aggregate_days=7 window_size=None samples_per_step=480 n_train=105 (cap=105) n_test=160 (cap=175) classes_train=[0, 1, 4, 5]
[19:59:15] [load] fold=None seed=42 T=52 aggregate_days=7 window_size=None samples_per_step=480 n_train=105 (cap=105) n_test=160 (cap=175) classes_train=[0, 1, 4, 5]
[19:59:27] [load] fold=None seed=43 T=52 aggregate_days=7 window_size=None samples_per_step=480 n_train=105 (cap=105) n_test=160 (cap=175) classes_train=[0, 1, 4, 5]
[19:59:30] [load] fold=None seed=43 T=52 aggregate_days=7 window_size=None samples_per_step=480 n_train=105 (cap=105) n_test=160 (cap=175) classes_train=[0, 1, 4, 5]
[19:59:30] [load] fold=None seed=43 T=52 aggregate_days=7 window_size=None samples_per_step=480 n_train=105 (cap=105) n_test=160 (cap=175) classes_train=[0, 1, 4, 5]
[19:59:40] [load] fold=None seed=44 T=52 aggregate_days=7 window_size=None samples_per_step=480 n_train=105 (cap=105) n_test=160 (cap=175) classes_train=[0, 1, 4, 5]
[19:59:43] [load] fold=None seed=44 T=52 aggregate_days=7 window_size=None samples_per_step=480 n_train=105 (cap=105) n_test=160 (cap=175) classes_train=[0, 1, 4, 5]
[19:59:43] [load] fold=None seed=44 T=52 aggregate_days=7 window_size=None samples_per_step=480 n_train=105 (cap=105) n_test=160 (cap=175) classes_train=[0, 1, 4, 5]
[19:59:55] [grid_bary] eucl_params: best lr=0.001 gamma=100 f1=0.311 (3/3 runs)
[19:59:56] [load] fold=None seed=42 T=52 aggregate_days=7 window_size=None samples_per_step=480 n_train=105 (cap=105) n_test=160 (cap=175) classes_train=[0, 1, 4, 5]
[19:59:57] [load] fold=None seed=42 T=52 aggregate_days=7 window_size=None samples_per_step=480 n_train=105 (cap=105) n_test=160 (cap=175) classes_train=[0, 1, 4, 5]
[19:59:57] [load] fold=None seed=42 T=52 aggregate_days=7 window_size=None samples_per_step=480 n_train=105 (cap=105) n_test=160 (cap=175) classes_train=[0, 1, 4, 5]
[20:00:00] [load] fold=None seed=42 T=52 aggregate_days=7 window_size=None samples_per_step=480 n_train=105 (cap=105) n_test=160 (cap=175) classes_train=[0, 1, 4, 5]
[20:00:07] [load] fold=None seed=43 T=52 aggregate_days=7 window_size=None samples_per_step=480 n_train=105 (cap=105) n_test=160 (cap=175) classes_train=[0, 1, 4, 5]
[20:00:07] [load] fold=None seed=43 T=52 aggregate_days=7 window_size=None samples_per_step=480 n_train=105 (cap=105) n_test=160 (cap=175) classes_train=[0, 1, 4, 5]
[20:00:08] [load] fold=None seed=43 T=52 aggregate_days=7 window_size=None samples_per_step=480 n_train=105 (cap=105) n_test=160 (cap=175) classes_train=[0, 1, 4, 5]
[20:00:12] [load] fold=None seed=43 T=52 aggregate_days=7 window_size=None samples_per_step=480 n_train=105 (cap=105) n_test=160 (cap=175) classes_train=[0, 1, 4, 5]
[20:00:16] [load] fold=None seed=44 T=52 aggregate_days=7 window_size=None samples_per_step=480 n_train=105 (cap=105) n_test=160 (cap=175) classes_train=[0, 1, 4, 5]
[20:00:18] [load] fold=None seed=44 T=52 aggregate_days=7 window_size=None samples_per_step=480 n_train=105 (cap=105) n_test=160 (cap=175) classes_train=[0, 1, 4, 5]
[20:00:19] [load] fold=None seed=44 T=52 aggregate_days=7 window_size=None samples_per_step=480 n_train=105 (cap=105) n_test=160 (cap=175) classes_train=[0, 1, 4, 5]
[20:00:23] [load] fold=None seed=44 T=52 aggregate_days=7 window_size=None samples_per_step=480 n_train=105 (cap=105) n_test=160 (cap=175) classes_train=[0, 1, 4, 5]
[20:00:27] [load] fold=None seed=42 T=52 aggregate_days=7 window_size=None samples_per_step=480 n_train=105 (cap=105) n_test=160 (cap=175) classes_train=[0, 1, 4, 5]
[20:00:28] [load] fold=None seed=42 T=52 aggregate_days=7 window_size=None samples_per_step=480 n_train=105 (cap=105) n_test=160 (cap=175) classes_train=[0, 1, 4, 5]
[20:00:31] [load] fold=None seed=42 T=52 aggregate_days=7 window_size=None samples_per_step=480 n_train=105 (cap=105) n_test=160 (cap=175) classes_train=[0, 1, 4, 5]
[20:00:37] [load] fold=None seed=43 T=52 aggregate_days=7 window_size=None samples_per_step=480 n_train=105 (cap=105) n_test=160 (cap=175) classes_train=[0, 1, 4, 5]
[20:00:38] [load] fold=None seed=43 T=52 aggregate_days=7 window_size=None samples_per_step=480 n_train=105 (cap=105) n_test=160 (cap=175) classes_train=[0, 1, 4, 5]
[20:00:43] [load] fold=None seed=43 T=52 aggregate_days=7 window_size=None samples_per_step=480 n_train=105 (cap=105) n_test=160 (cap=175) classes_train=[0, 1, 4, 5]
[20:00:46] [load] fold=None seed=44 T=52 aggregate_days=7 window_size=None samples_per_step=480 n_train=105 (cap=105) n_test=160 (cap=175) classes_train=[0, 1, 4, 5]
[20:00:47] [load] fold=None seed=44 T=52 aggregate_days=7 window_size=None samples_per_step=480 n_train=105 (cap=105) n_test=160 (cap=175) classes_train=[0, 1, 4, 5]
[20:00:52] [load] fold=None seed=44 T=52 aggregate_days=7 window_size=None samples_per_step=480 n_train=105 (cap=105) n_test=160 (cap=175) classes_train=[0, 1, 4, 5]
[20:00:59] [grid_bary] eucl_params_nodiv: best lr=0.001 gamma=100 f1=0.309 (3/3 runs)
[20:01:00] [load] fold=None seed=42 T=52 aggregate_days=7 window_size=None samples_per_step=480 n_train=105 (cap=105) n_test=160 (cap=175) classes_train=[0, 1, 4, 5]
[20:01:01] [load] fold=None seed=42 T=52 aggregate_days=7 window_size=None samples_per_step=480 n_train=105 (cap=105) n_test=160 (cap=175) classes_train=[0, 1, 4, 5]
[20:01:01] [load] fold=None seed=42 T=52 aggregate_days=7 window_size=None samples_per_step=480 n_train=105 (cap=105) n_test=160 (cap=175) classes_train=[0, 1, 4, 5]
[20:01:04] [load] fold=None seed=42 T=52 aggregate_days=7 window_size=None samples_per_step=480 n_train=105 (cap=105) n_test=160 (cap=175) classes_train=[0, 1, 4, 5]
[20:01:30] [load] fold=None seed=43 T=52 aggregate_days=7 window_size=None samples_per_step=480 n_train=105 (cap=105) n_test=160 (cap=175) classes_train=[0, 1, 4, 5]
[20:01:30] [load] fold=None seed=43 T=52 aggregate_days=7 window_size=None samples_per_step=480 n_train=105 (cap=105) n_test=160 (cap=175) classes_train=[0, 1, 4, 5]
[20:01:31] [load] fold=None seed=43 T=52 aggregate_days=7 window_size=None samples_per_step=480 n_train=105 (cap=105) n_test=160 (cap=175) classes_train=[0, 1, 4, 5]
[20:01:36] [load] fold=None seed=43 T=52 aggregate_days=7 window_size=None samples_per_step=480 n_train=105 (cap=105) n_test=160 (cap=175) classes_train=[0, 1, 4, 5]
[20:02:02] [load] fold=None seed=44 T=52 aggregate_days=7 window_size=None samples_per_step=480 n_train=105 (cap=105) n_test=160 (cap=175) classes_train=[0, 1, 4, 5]
[20:02:05] [load] fold=None seed=44 T=52 aggregate_days=7 window_size=None samples_per_step=480 n_train=105 (cap=105) n_test=160 (cap=175) classes_train=[0, 1, 4, 5]
[20:02:05] [load] fold=None seed=44 T=52 aggregate_days=7 window_size=None samples_per_step=480 n_train=105 (cap=105) n_test=160 (cap=175) classes_train=[0, 1, 4, 5]
[20:02:10] [load] fold=None seed=44 T=52 aggregate_days=7 window_size=None samples_per_step=480 n_train=105 (cap=105) n_test=160 (cap=175) classes_train=[0, 1, 4, 5]
[20:02:27] [load] fold=None seed=42 T=52 aggregate_days=7 window_size=None samples_per_step=480 n_train=105 (cap=105) n_test=160 (cap=175) classes_train=[0, 1, 4, 5]
[20:02:32] [load] fold=None seed=42 T=52 aggregate_days=7 window_size=None samples_per_step=480 n_train=105 (cap=105) n_test=160 (cap=175) classes_train=[0, 1, 4, 5]
[20:02:38] [load] fold=None seed=42 T=52 aggregate_days=7 window_size=None samples_per_step=480 n_train=105 (cap=105) n_test=160 (cap=175) classes_train=[0, 1, 4, 5]
[20:02:54] [load] fold=None seed=43 T=52 aggregate_days=7 window_size=None samples_per_step=480 n_train=105 (cap=105) n_test=160 (cap=175) classes_train=[0, 1, 4, 5]
[20:02:59] [load] fold=None seed=43 T=52 aggregate_days=7 window_size=None samples_per_step=480 n_train=105 (cap=105) n_test=160 (cap=175) classes_train=[0, 1, 4, 5]
[20:03:13] [load] fold=None seed=43 T=52 aggregate_days=7 window_size=None samples_per_step=480 n_train=105 (cap=105) n_test=160 (cap=175) classes_train=[0, 1, 4, 5]
[20:03:27] [load] fold=None seed=44 T=52 aggregate_days=7 window_size=None samples_per_step=480 n_train=105 (cap=105) n_test=160 (cap=175) classes_train=[0, 1, 4, 5]
[20:03:31] [load] fold=None seed=44 T=52 aggregate_days=7 window_size=None samples_per_step=480 n_train=105 (cap=105) n_test=160 (cap=175) classes_train=[0, 1, 4, 5]
[20:03:44] [load] fold=None seed=44 T=52 aggregate_days=7 window_size=None samples_per_step=480 n_train=105 (cap=105) n_test=160 (cap=175) classes_train=[0, 1, 4, 5]
[20:04:15] [grid_bary] eucl_raw: best lr=0.001 gamma=0.0001 f1=0.319 (3/3 runs)
[20:04:16] [load] fold=None seed=42 T=52 aggregate_days=7 window_size=None samples_per_step=480 n_train=105 (cap=105) n_test=160 (cap=175) classes_train=[0, 1, 4, 5]
[20:04:16] [load] fold=None seed=42 T=52 aggregate_days=7 window_size=None samples_per_step=480 n_train=105 (cap=105) n_test=160 (cap=175) classes_train=[0, 1, 4, 5]
[20:04:17] [load] fold=None seed=42 T=52 aggregate_days=7 window_size=None samples_per_step=480 n_train=105 (cap=105) n_test=160 (cap=175) classes_train=[0, 1, 4, 5]
[20:04:19] [load] fold=None seed=42 T=52 aggregate_days=7 window_size=None samples_per_step=480 n_train=105 (cap=105) n_test=160 (cap=175) classes_train=[0, 1, 4, 5]
[20:04:39] [load] fold=None seed=43 T=52 aggregate_days=7 window_size=None samples_per_step=480 n_train=105 (cap=105) n_test=160 (cap=175) classes_train=[0, 1, 4, 5]
[20:04:40] [load] fold=None seed=43 T=52 aggregate_days=7 window_size=None samples_per_step=480 n_train=105 (cap=105) n_test=160 (cap=175) classes_train=[0, 1, 4, 5]
[20:04:41] [load] fold=None seed=43 T=52 aggregate_days=7 window_size=None samples_per_step=480 n_train=105 (cap=105) n_test=160 (cap=175) classes_train=[0, 1, 4, 5]
[20:04:42] [load] fold=None seed=43 T=52 aggregate_days=7 window_size=None samples_per_step=480 n_train=105 (cap=105) n_test=160 (cap=175) classes_train=[0, 1, 4, 5]
[20:05:06] [load] fold=None seed=44 T=52 aggregate_days=7 window_size=None samples_per_step=480 n_train=105 (cap=105) n_test=160 (cap=175) classes_train=[0, 1, 4, 5]
[20:05:07] [load] fold=None seed=44 T=52 aggregate_days=7 window_size=None samples_per_step=480 n_train=105 (cap=105) n_test=160 (cap=175) classes_train=[0, 1, 4, 5]
[20:05:07] [load] fold=None seed=44 T=52 aggregate_days=7 window_size=None samples_per_step=480 n_train=105 (cap=105) n_test=160 (cap=175) classes_train=[0, 1, 4, 5]
[20:05:08] [load] fold=None seed=44 T=52 aggregate_days=7 window_size=None samples_per_step=480 n_train=105 (cap=105) n_test=160 (cap=175) classes_train=[0, 1, 4, 5]
[20:05:27] [load] fold=None seed=42 T=52 aggregate_days=7 window_size=None samples_per_step=480 n_train=105 (cap=105) n_test=160 (cap=175) classes_train=[0, 1, 4, 5]
[20:05:28] [load] fold=None seed=42 T=52 aggregate_days=7 window_size=None samples_per_step=480 n_train=105 (cap=105) n_test=160 (cap=175) classes_train=[0, 1, 4, 5]
[20:05:28] [load] fold=None seed=42 T=52 aggregate_days=7 window_size=None samples_per_step=480 n_train=105 (cap=105) n_test=160 (cap=175) classes_train=[0, 1, 4, 5]
[20:05:48] [load] fold=None seed=43 T=52 aggregate_days=7 window_size=None samples_per_step=480 n_train=105 (cap=105) n_test=160 (cap=175) classes_train=[0, 1, 4, 5]
[20:05:49] [load] fold=None seed=43 T=52 aggregate_days=7 window_size=None samples_per_step=480 n_train=105 (cap=105) n_test=160 (cap=175) classes_train=[0, 1, 4, 5]
[20:05:54] [load] fold=None seed=43 T=52 aggregate_days=7 window_size=None samples_per_step=480 n_train=105 (cap=105) n_test=160 (cap=175) classes_train=[0, 1, 4, 5]
[20:06:12] [load] fold=None seed=44 T=52 aggregate_days=7 window_size=None samples_per_step=480 n_train=105 (cap=105) n_test=160 (cap=175) classes_train=[0, 1, 4, 5]
[20:06:13] [load] fold=None seed=44 T=52 aggregate_days=7 window_size=None samples_per_step=480 n_train=105 (cap=105) n_test=160 (cap=175) classes_train=[0, 1, 4, 5]
[20:06:19] [load] fold=None seed=44 T=52 aggregate_days=7 window_size=None samples_per_step=480 n_train=105 (cap=105) n_test=160 (cap=175) classes_train=[0, 1, 4, 5]
[20:06:41] [grid_bary] eucl_raw_nodiv: best lr=0.001 gamma=0.0001 f1=0.319 (3/3 runs)
[20:06:41] [optimize_gamma/river] barycenter: sta @ reduced scale {'samples_per_step': 8, 'max_train_samples': 12, 'max_test_samples': 8}, n_jobs=2
[20:06:47] [load] fold=None seed=42 T=52 aggregate_days=7 window_size=None samples_per_step=8 n_train=12 (cap=12) n_test=8 (cap=8) classes_train=[0, 1, 4, 5]
[20:06:47] [load] fold=None seed=42 T=52 aggregate_days=7 window_size=None samples_per_step=8 n_train=12 (cap=12) n_test=8 (cap=8) classes_train=[0, 1, 4, 5]
[20:08:03] [load] fold=None seed=43 T=52 aggregate_days=7 window_size=None samples_per_step=8 n_train=12 (cap=12) n_test=8 (cap=8) classes_train=[0, 1, 4, 5]
[20:08:04] [load] fold=None seed=43 T=52 aggregate_days=7 window_size=None samples_per_step=8 n_train=12 (cap=12) n_test=8 (cap=8) classes_train=[0, 1, 4, 5]
[20:09:18] [load] fold=None seed=44 T=52 aggregate_days=7 window_size=None samples_per_step=8 n_train=12 (cap=12) n_test=8 (cap=8) classes_train=[0, 1, 4, 5]
[20:09:19] [load] fold=None seed=44 T=52 aggregate_days=7 window_size=None samples_per_step=8 n_train=12 (cap=12) n_test=8 (cap=8) classes_train=[0, 1, 4, 5]
[20:10:35] [load] fold=None seed=42 T=52 aggregate_days=7 window_size=None samples_per_step=8 n_train=12 (cap=12) n_test=8 (cap=8) classes_train=[0, 1, 4, 5]
[20:10:36] [load] fold=None seed=42 T=52 aggregate_days=7 window_size=None samples_per_step=8 n_train=12 (cap=12) n_test=8 (cap=8) classes_train=[0, 1, 4, 5]
[20:11:50] [load] fold=None seed=43 T=52 aggregate_days=7 window_size=None samples_per_step=8 n_train=12 (cap=12) n_test=8 (cap=8) classes_train=[0, 1, 4, 5]
[20:11:51] [load] fold=None seed=43 T=52 aggregate_days=7 window_size=None samples_per_step=8 n_train=12 (cap=12) n_test=8 (cap=8) classes_train=[0, 1, 4, 5]
[20:13:03] [load] fold=None seed=44 T=52 aggregate_days=7 window_size=None samples_per_step=8 n_train=12 (cap=12) n_test=8 (cap=8) classes_train=[0, 1, 4, 5]
[20:13:04] [load] fold=None seed=44 T=52 aggregate_days=7 window_size=None samples_per_step=8 n_train=12 (cap=12) n_test=8 (cap=8) classes_train=[0, 1, 4, 5]
[20:14:15] [load] fold=None seed=42 T=52 aggregate_days=7 window_size=None samples_per_step=8 n_train=12 (cap=12) n_test=8 (cap=8) classes_train=[0, 1, 4, 5]
[20:14:16] [load] fold=None seed=42 T=52 aggregate_days=7 window_size=None samples_per_step=8 n_train=12 (cap=12) n_test=8 (cap=8) classes_train=[0, 1, 4, 5]
[20:15:33] [load] fold=None seed=43 T=52 aggregate_days=7 window_size=None samples_per_step=8 n_train=12 (cap=12) n_test=8 (cap=8) classes_train=[0, 1, 4, 5]
[20:15:34] [load] fold=None seed=43 T=52 aggregate_days=7 window_size=None samples_per_step=8 n_train=12 (cap=12) n_test=8 (cap=8) classes_train=[0, 1, 4, 5]
[20:16:51] [load] fold=None seed=44 T=52 aggregate_days=7 window_size=None samples_per_step=8 n_train=12 (cap=12) n_test=8 (cap=8) classes_train=[0, 1, 4, 5]
[20:16:53] [load] fold=None seed=44 T=52 aggregate_days=7 window_size=None samples_per_step=8 n_train=12 (cap=12) n_test=8 (cap=8) classes_train=[0, 1, 4, 5]
[20:18:13] [load] fold=None seed=42 T=52 aggregate_days=7 window_size=None samples_per_step=8 n_train=12 (cap=12) n_test=8 (cap=8) classes_train=[0, 1, 4, 5]
[20:19:07] [load] fold=None seed=43 T=52 aggregate_days=7 window_size=None samples_per_step=8 n_train=12 (cap=12) n_test=8 (cap=8) classes_train=[0, 1, 4, 5]
[20:19:48] [load] fold=None seed=44 T=52 aggregate_days=7 window_size=None samples_per_step=8 n_train=12 (cap=12) n_test=8 (cap=8) classes_train=[0, 1, 4, 5]
[20:20:55] [grid_bary] sta: best lr=0.001 gamma=0.0001 f1=0.229 (3/3 runs)
[20:20:55] ===== optimize_gamma done =====
[20:21:00] ===== optimize_gamma config=configs/config_baseline.yaml dataset=cpazmal n_jobs=4 sta_n_jobs=2 seed=42 =====
[20:21:00] gamma_grid=[0.0001, 0.01, 0.1, 1.0, 10.0, 100.0, 10000.0] n_seeds=3 sta_samples_per_step=48 methods=['wasps', 'wasps_nodiv', 'eucl_params', 'eucl_params_nodiv', 'eucl_raw', 'eucl_raw_nodiv', 'sta']
[20:21:00] [optimize_gamma/cpazmal] knn: 6 methods @ samples_per_step=480, n_jobs=4
[20:21:09] [load] fold=None seed=42 T=29 aggregate_days=None window_size=22 samples_per_step=480 n_train=104 (cap=15) n_test=135 (cap=25) classes_train=[0, 1, 2, 3, 4, 5, 6]
[20:21:09] [load] fold=None seed=42 T=29 aggregate_days=None window_size=22 samples_per_step=480 n_train=104 (cap=15) n_test=135 (cap=25) classes_train=[0, 1, 2, 3, 4, 5, 6]
[20:21:09] [load] fold=None seed=42 T=29 aggregate_days=None window_size=22 samples_per_step=480 n_train=104 (cap=15) n_test=135 (cap=25) classes_train=[0, 1, 2, 3, 4, 5, 6]
[20:21:10] [load] fold=None seed=42 T=29 aggregate_days=None window_size=22 samples_per_step=480 n_train=104 (cap=15) n_test=135 (cap=25) classes_train=[0, 1, 2, 3, 4, 5, 6]
[20:21:17] [load] fold=None seed=43 T=29 aggregate_days=None window_size=22 samples_per_step=480 n_train=104 (cap=15) n_test=135 (cap=25) classes_train=[0, 1, 2, 3, 4, 5, 6]
[20:21:17] [load] fold=None seed=43 T=29 aggregate_days=None window_size=22 samples_per_step=480 n_train=104 (cap=15) n_test=135 (cap=25) classes_train=[0, 1, 2, 3, 4, 5, 6]
[20:21:17] [load] fold=None seed=43 T=29 aggregate_days=None window_size=22 samples_per_step=480 n_train=104 (cap=15) n_test=135 (cap=25) classes_train=[0, 1, 2, 3, 4, 5, 6]
[20:21:18] [load] fold=None seed=43 T=29 aggregate_days=None window_size=22 samples_per_step=480 n_train=104 (cap=15) n_test=135 (cap=25) classes_train=[0, 1, 2, 3, 4, 5, 6]
[20:21:23] [load] fold=None seed=44 T=29 aggregate_days=None window_size=22 samples_per_step=480 n_train=104 (cap=15) n_test=135 (cap=25) classes_train=[0, 1, 2, 3, 4, 5, 6]
[20:21:24] [load] fold=None seed=44 T=29 aggregate_days=None window_size=22 samples_per_step=480 n_train=104 (cap=15) n_test=135 (cap=25) classes_train=[0, 1, 2, 3, 4, 5, 6]
[20:21:24] [load] fold=None seed=44 T=29 aggregate_days=None window_size=22 samples_per_step=480 n_train=104 (cap=15) n_test=135 (cap=25) classes_train=[0, 1, 2, 3, 4, 5, 6]
[20:21:25] [load] fold=None seed=44 T=29 aggregate_days=None window_size=22 samples_per_step=480 n_train=104 (cap=15) n_test=135 (cap=25) classes_train=[0, 1, 2, 3, 4, 5, 6]
[20:21:30] [load] fold=None seed=42 T=29 aggregate_days=None window_size=22 samples_per_step=480 n_train=104 (cap=15) n_test=135 (cap=25) classes_train=[0, 1, 2, 3, 4, 5, 6]
[20:21:30] [load] fold=None seed=42 T=29 aggregate_days=None window_size=22 samples_per_step=480 n_train=104 (cap=15) n_test=135 (cap=25) classes_train=[0, 1, 2, 3, 4, 5, 6]
[20:21:31] [load] fold=None seed=42 T=29 aggregate_days=None window_size=22 samples_per_step=480 n_train=104 (cap=15) n_test=135 (cap=25) classes_train=[0, 1, 2, 3, 4, 5, 6]
[20:21:36] [load] fold=None seed=43 T=29 aggregate_days=None window_size=22 samples_per_step=480 n_train=104 (cap=15) n_test=135 (cap=25) classes_train=[0, 1, 2, 3, 4, 5, 6]
[20:21:36] [load] fold=None seed=43 T=29 aggregate_days=None window_size=22 samples_per_step=480 n_train=104 (cap=15) n_test=135 (cap=25) classes_train=[0, 1, 2, 3, 4, 5, 6]
[20:21:37] [load] fold=None seed=43 T=29 aggregate_days=None window_size=22 samples_per_step=480 n_train=104 (cap=15) n_test=135 (cap=25) classes_train=[0, 1, 2, 3, 4, 5, 6]
[20:21:41] [load] fold=None seed=44 T=29 aggregate_days=None window_size=22 samples_per_step=480 n_train=104 (cap=15) n_test=135 (cap=25) classes_train=[0, 1, 2, 3, 4, 5, 6]
[20:21:43] [load] fold=None seed=44 T=29 aggregate_days=None window_size=22 samples_per_step=480 n_train=104 (cap=15) n_test=135 (cap=25) classes_train=[0, 1, 2, 3, 4, 5, 6]
[20:21:43] [load] fold=None seed=44 T=29 aggregate_days=None window_size=22 samples_per_step=480 n_train=104 (cap=15) n_test=135 (cap=25) classes_train=[0, 1, 2, 3, 4, 5, 6]
[20:21:44] [grid_knn] wasps: best k=1 gamma=0.0001 f1=0.744 (3/3 runs)
[20:21:49] [load] fold=None seed=42 T=29 aggregate_days=None window_size=22 samples_per_step=480 n_train=104 (cap=15) n_test=135 (cap=25) classes_train=[0, 1, 2, 3, 4, 5, 6]
[20:21:49] [load] fold=None seed=42 T=29 aggregate_days=None window_size=22 samples_per_step=480 n_train=104 (cap=15) n_test=135 (cap=25) classes_train=[0, 1, 2, 3, 4, 5, 6]
[20:21:50] [load] fold=None seed=42 T=29 aggregate_days=None window_size=22 samples_per_step=480 n_train=104 (cap=15) n_test=135 (cap=25) classes_train=[0, 1, 2, 3, 4, 5, 6]
[20:21:50] [load] fold=None seed=42 T=29 aggregate_days=None window_size=22 samples_per_step=480 n_train=104 (cap=15) n_test=135 (cap=25) classes_train=[0, 1, 2, 3, 4, 5, 6]
[20:21:56] [load] fold=None seed=43 T=29 aggregate_days=None window_size=22 samples_per_step=480 n_train=104 (cap=15) n_test=135 (cap=25) classes_train=[0, 1, 2, 3, 4, 5, 6]
[20:21:56] [load] fold=None seed=43 T=29 aggregate_days=None window_size=22 samples_per_step=480 n_train=104 (cap=15) n_test=135 (cap=25) classes_train=[0, 1, 2, 3, 4, 5, 6]
[20:21:57] [load] fold=None seed=43 T=29 aggregate_days=None window_size=22 samples_per_step=480 n_train=104 (cap=15) n_test=135 (cap=25) classes_train=[0, 1, 2, 3, 4, 5, 6]
[20:21:57] [load] fold=None seed=43 T=29 aggregate_days=None window_size=22 samples_per_step=480 n_train=104 (cap=15) n_test=135 (cap=25) classes_train=[0, 1, 2, 3, 4, 5, 6]
[20:22:02] [load] fold=None seed=44 T=29 aggregate_days=None window_size=22 samples_per_step=480 n_train=104 (cap=15) n_test=135 (cap=25) classes_train=[0, 1, 2, 3, 4, 5, 6]
[20:22:03] [load] fold=None seed=44 T=29 aggregate_days=None window_size=22 samples_per_step=480 n_train=104 (cap=15) n_test=135 (cap=25) classes_train=[0, 1, 2, 3, 4, 5, 6]
[20:22:03] [load] fold=None seed=44 T=29 aggregate_days=None window_size=22 samples_per_step=480 n_train=104 (cap=15) n_test=135 (cap=25) classes_train=[0, 1, 2, 3, 4, 5, 6]
[20:22:03] [load] fold=None seed=44 T=29 aggregate_days=None window_size=22 samples_per_step=480 n_train=104 (cap=15) n_test=135 (cap=25) classes_train=[0, 1, 2, 3, 4, 5, 6]
[20:22:09] [load] fold=None seed=42 T=29 aggregate_days=None window_size=22 samples_per_step=480 n_train=104 (cap=15) n_test=135 (cap=25) classes_train=[0, 1, 2, 3, 4, 5, 6]
[20:22:09] [load] fold=None seed=42 T=29 aggregate_days=None window_size=22 samples_per_step=480 n_train=104 (cap=15) n_test=135 (cap=25) classes_train=[0, 1, 2, 3, 4, 5, 6]
[20:22:10] [load] fold=None seed=42 T=29 aggregate_days=None window_size=22 samples_per_step=480 n_train=104 (cap=15) n_test=135 (cap=25) classes_train=[0, 1, 2, 3, 4, 5, 6]
[20:22:15] [load] fold=None seed=43 T=29 aggregate_days=None window_size=22 samples_per_step=480 n_train=104 (cap=15) n_test=135 (cap=25) classes_train=[0, 1, 2, 3, 4, 5, 6]
[20:22:16] [load] fold=None seed=43 T=29 aggregate_days=None window_size=22 samples_per_step=480 n_train=104 (cap=15) n_test=135 (cap=25) classes_train=[0, 1, 2, 3, 4, 5, 6]
[20:22:16] [load] fold=None seed=43 T=29 aggregate_days=None window_size=22 samples_per_step=480 n_train=104 (cap=15) n_test=135 (cap=25) classes_train=[0, 1, 2, 3, 4, 5, 6]
[20:22:20] [load] fold=None seed=44 T=29 aggregate_days=None window_size=22 samples_per_step=480 n_train=104 (cap=15) n_test=135 (cap=25) classes_train=[0, 1, 2, 3, 4, 5, 6]
[20:22:22] [load] fold=None seed=44 T=29 aggregate_days=None window_size=22 samples_per_step=480 n_train=104 (cap=15) n_test=135 (cap=25) classes_train=[0, 1, 2, 3, 4, 5, 6]
[20:22:22] [load] fold=None seed=44 T=29 aggregate_days=None window_size=22 samples_per_step=480 n_train=104 (cap=15) n_test=135 (cap=25) classes_train=[0, 1, 2, 3, 4, 5, 6]
[20:22:24] [grid_knn] wasps_nodiv: best k=1 gamma=0.0001 f1=0.747 (3/3 runs)
[20:22:29] [load] fold=None seed=42 T=29 aggregate_days=None window_size=22 samples_per_step=480 n_train=104 (cap=15) n_test=135 (cap=25) classes_train=[0, 1, 2, 3, 4, 5, 6]
[20:22:29] [load] fold=None seed=42 T=29 aggregate_days=None window_size=22 samples_per_step=480 n_train=104 (cap=15) n_test=135 (cap=25) classes_train=[0, 1, 2, 3, 4, 5, 6]
[20:22:29] [load] fold=None seed=42 T=29 aggregate_days=None window_size=22 samples_per_step=480 n_train=104 (cap=15) n_test=135 (cap=25) classes_train=[0, 1, 2, 3, 4, 5, 6]
[20:22:30] [load] fold=None seed=42 T=29 aggregate_days=None window_size=22 samples_per_step=480 n_train=104 (cap=15) n_test=135 (cap=25) classes_train=[0, 1, 2, 3, 4, 5, 6]
[20:22:35] [load] fold=None seed=43 T=29 aggregate_days=None window_size=22 samples_per_step=480 n_train=104 (cap=15) n_test=135 (cap=25) classes_train=[0, 1, 2, 3, 4, 5, 6]
[20:22:36] [load] fold=None seed=43 T=29 aggregate_days=None window_size=22 samples_per_step=480 n_train=104 (cap=15) n_test=135 (cap=25) classes_train=[0, 1, 2, 3, 4, 5, 6]
[20:22:36] [load] fold=None seed=43 T=29 aggregate_days=None window_size=22 samples_per_step=480 n_train=104 (cap=15) n_test=135 (cap=25) classes_train=[0, 1, 2, 3, 4, 5, 6]
[20:22:36] [load] fold=None seed=43 T=29 aggregate_days=None window_size=22 samples_per_step=480 n_train=104 (cap=15) n_test=135 (cap=25) classes_train=[0, 1, 2, 3, 4, 5, 6]
[20:22:41] [load] fold=None seed=44 T=29 aggregate_days=None window_size=22 samples_per_step=480 n_train=104 (cap=15) n_test=135 (cap=25) classes_train=[0, 1, 2, 3, 4, 5, 6]
[20:22:42] [load] fold=None seed=44 T=29 aggregate_days=None window_size=22 samples_per_step=480 n_train=104 (cap=15) n_test=135 (cap=25) classes_train=[0, 1, 2, 3, 4, 5, 6]
[20:22:42] [load] fold=None seed=44 T=29 aggregate_days=None window_size=22 samples_per_step=480 n_train=104 (cap=15) n_test=135 (cap=25) classes_train=[0, 1, 2, 3, 4, 5, 6]
[20:22:43] [load] fold=None seed=44 T=29 aggregate_days=None window_size=22 samples_per_step=480 n_train=104 (cap=15) n_test=135 (cap=25) classes_train=[0, 1, 2, 3, 4, 5, 6]
[20:22:48] [load] fold=None seed=42 T=29 aggregate_days=None window_size=22 samples_per_step=480 n_train=104 (cap=15) n_test=135 (cap=25) classes_train=[0, 1, 2, 3, 4, 5, 6]
[20:22:48] [load] fold=None seed=42 T=29 aggregate_days=None window_size=22 samples_per_step=480 n_train=104 (cap=15) n_test=135 (cap=25) classes_train=[0, 1, 2, 3, 4, 5, 6]
[20:22:49] [load] fold=None seed=42 T=29 aggregate_days=None window_size=22 samples_per_step=480 n_train=104 (cap=15) n_test=135 (cap=25) classes_train=[0, 1, 2, 3, 4, 5, 6]
[20:22:54] [load] fold=None seed=43 T=29 aggregate_days=None window_size=22 samples_per_step=480 n_train=104 (cap=15) n_test=135 (cap=25) classes_train=[0, 1, 2, 3, 4, 5, 6]
[20:22:54] [load] fold=None seed=43 T=29 aggregate_days=None window_size=22 samples_per_step=480 n_train=104 (cap=15) n_test=135 (cap=25) classes_train=[0, 1, 2, 3, 4, 5, 6]
[20:22:55] [load] fold=None seed=43 T=29 aggregate_days=None window_size=22 samples_per_step=480 n_train=104 (cap=15) n_test=135 (cap=25) classes_train=[0, 1, 2, 3, 4, 5, 6]
[20:23:00] [load] fold=None seed=44 T=29 aggregate_days=None window_size=22 samples_per_step=480 n_train=104 (cap=15) n_test=135 (cap=25) classes_train=[0, 1, 2, 3, 4, 5, 6]
[20:23:00] [load] fold=None seed=44 T=29 aggregate_days=None window_size=22 samples_per_step=480 n_train=104 (cap=15) n_test=135 (cap=25) classes_train=[0, 1, 2, 3, 4, 5, 6]
[20:23:01] [load] fold=None seed=44 T=29 aggregate_days=None window_size=22 samples_per_step=480 n_train=104 (cap=15) n_test=135 (cap=25) classes_train=[0, 1, 2, 3, 4, 5, 6]
[20:23:01] [grid_knn] eucl_params: best k=1 gamma=0.01 f1=0.405 (3/3 runs)
[20:23:07] [load] fold=None seed=42 T=29 aggregate_days=None window_size=22 samples_per_step=480 n_train=104 (cap=15) n_test=135 (cap=25) classes_train=[0, 1, 2, 3, 4, 5, 6]
[20:23:07] [load] fold=None seed=42 T=29 aggregate_days=None window_size=22 samples_per_step=480 n_train=104 (cap=15) n_test=135 (cap=25) classes_train=[0, 1, 2, 3, 4, 5, 6]
[20:23:07] [load] fold=None seed=42 T=29 aggregate_days=None window_size=22 samples_per_step=480 n_train=104 (cap=15) n_test=135 (cap=25) classes_train=[0, 1, 2, 3, 4, 5, 6]
[20:23:07] [load] fold=None seed=42 T=29 aggregate_days=None window_size=22 samples_per_step=480 n_train=104 (cap=15) n_test=135 (cap=25) classes_train=[0, 1, 2, 3, 4, 5, 6]
[20:23:14] [load] fold=None seed=43 T=29 aggregate_days=None window_size=22 samples_per_step=480 n_train=104 (cap=15) n_test=135 (cap=25) classes_train=[0, 1, 2, 3, 4, 5, 6]
[20:23:14] [load] fold=None seed=43 T=29 aggregate_days=None window_size=22 samples_per_step=480 n_train=104 (cap=15) n_test=135 (cap=25) classes_train=[0, 1, 2, 3, 4, 5, 6]
[20:23:14] [load] fold=None seed=43 T=29 aggregate_days=None window_size=22 samples_per_step=480 n_train=104 (cap=15) n_test=135 (cap=25) classes_train=[0, 1, 2, 3, 4, 5, 6]
[20:23:14] [load] fold=None seed=43 T=29 aggregate_days=None window_size=22 samples_per_step=480 n_train=104 (cap=15) n_test=135 (cap=25) classes_train=[0, 1, 2, 3, 4, 5, 6]
[20:23:20] [load] fold=None seed=44 T=29 aggregate_days=None window_size=22 samples_per_step=480 n_train=104 (cap=15) n_test=135 (cap=25) classes_train=[0, 1, 2, 3, 4, 5, 6]
[20:23:20] [load] fold=None seed=44 T=29 aggregate_days=None window_size=22 samples_per_step=480 n_train=104 (cap=15) n_test=135 (cap=25) classes_train=[0, 1, 2, 3, 4, 5, 6]
[20:23:20] [load] fold=None seed=44 T=29 aggregate_days=None window_size=22 samples_per_step=480 n_train=104 (cap=15) n_test=135 (cap=25) classes_train=[0, 1, 2, 3, 4, 5, 6]
[20:23:21] [load] fold=None seed=44 T=29 aggregate_days=None window_size=22 samples_per_step=480 n_train=104 (cap=15) n_test=135 (cap=25) classes_train=[0, 1, 2, 3, 4, 5, 6]
[20:23:26] [load] fold=None seed=42 T=29 aggregate_days=None window_size=22 samples_per_step=480 n_train=104 (cap=15) n_test=135 (cap=25) classes_train=[0, 1, 2, 3, 4, 5, 6]
[20:23:26] [load] fold=None seed=42 T=29 aggregate_days=None window_size=22 samples_per_step=480 n_train=104 (cap=15) n_test=135 (cap=25) classes_train=[0, 1, 2, 3, 4, 5, 6]
[20:23:27] [load] fold=None seed=42 T=29 aggregate_days=None window_size=22 samples_per_step=480 n_train=104 (cap=15) n_test=135 (cap=25) classes_train=[0, 1, 2, 3, 4, 5, 6]
[20:23:32] [load] fold=None seed=43 T=29 aggregate_days=None window_size=22 samples_per_step=480 n_train=104 (cap=15) n_test=135 (cap=25) classes_train=[0, 1, 2, 3, 4, 5, 6]
[20:23:32] [load] fold=None seed=43 T=29 aggregate_days=None window_size=22 samples_per_step=480 n_train=104 (cap=15) n_test=135 (cap=25) classes_train=[0, 1, 2, 3, 4, 5, 6]
[20:23:33] [load] fold=None seed=43 T=29 aggregate_days=None window_size=22 samples_per_step=480 n_train=104 (cap=15) n_test=135 (cap=25) classes_train=[0, 1, 2, 3, 4, 5, 6]
[20:23:38] [load] fold=None seed=44 T=29 aggregate_days=None window_size=22 samples_per_step=480 n_train=104 (cap=15) n_test=135 (cap=25) classes_train=[0, 1, 2, 3, 4, 5, 6]
[20:23:39] [load] fold=None seed=44 T=29 aggregate_days=None window_size=22 samples_per_step=480 n_train=104 (cap=15) n_test=135 (cap=25) classes_train=[0, 1, 2, 3, 4, 5, 6]
[20:23:39] [load] fold=None seed=44 T=29 aggregate_days=None window_size=22 samples_per_step=480 n_train=104 (cap=15) n_test=135 (cap=25) classes_train=[0, 1, 2, 3, 4, 5, 6]
[20:23:40] [grid_knn] eucl_params_nodiv: best k=1 gamma=0.01 f1=0.405 (3/3 runs)
[20:23:45] [load] fold=None seed=42 T=29 aggregate_days=None window_size=22 samples_per_step=480 n_train=104 (cap=15) n_test=135 (cap=25) classes_train=[0, 1, 2, 3, 4, 5, 6]
[20:23:45] [load] fold=None seed=42 T=29 aggregate_days=None window_size=22 samples_per_step=480 n_train=104 (cap=15) n_test=135 (cap=25) classes_train=[0, 1, 2, 3, 4, 5, 6]
[20:23:45] [load] fold=None seed=42 T=29 aggregate_days=None window_size=22 samples_per_step=480 n_train=104 (cap=15) n_test=135 (cap=25) classes_train=[0, 1, 2, 3, 4, 5, 6]
[20:23:46] [load] fold=None seed=42 T=29 aggregate_days=None window_size=22 samples_per_step=480 n_train=104 (cap=15) n_test=135 (cap=25) classes_train=[0, 1, 2, 3, 4, 5, 6]
[20:23:51] [load] fold=None seed=43 T=29 aggregate_days=None window_size=22 samples_per_step=480 n_train=104 (cap=15) n_test=135 (cap=25) classes_train=[0, 1, 2, 3, 4, 5, 6]
[20:23:52] [load] fold=None seed=43 T=29 aggregate_days=None window_size=22 samples_per_step=480 n_train=104 (cap=15) n_test=135 (cap=25) classes_train=[0, 1, 2, 3, 4, 5, 6]
[20:23:53] [load] fold=None seed=43 T=29 aggregate_days=None window_size=22 samples_per_step=480 n_train=104 (cap=15) n_test=135 (cap=25) classes_train=[0, 1, 2, 3, 4, 5, 6]
[20:23:53] [load] fold=None seed=43 T=29 aggregate_days=None window_size=22 samples_per_step=480 n_train=104 (cap=15) n_test=135 (cap=25) classes_train=[0, 1, 2, 3, 4, 5, 6]
[20:23:58] [load] fold=None seed=44 T=29 aggregate_days=None window_size=22 samples_per_step=480 n_train=104 (cap=15) n_test=135 (cap=25) classes_train=[0, 1, 2, 3, 4, 5, 6]
[20:23:58] [load] fold=None seed=44 T=29 aggregate_days=None window_size=22 samples_per_step=480 n_train=104 (cap=15) n_test=135 (cap=25) classes_train=[0, 1, 2, 3, 4, 5, 6]
[20:23:59] [load] fold=None seed=44 T=29 aggregate_days=None window_size=22 samples_per_step=480 n_train=104 (cap=15) n_test=135 (cap=25) classes_train=[0, 1, 2, 3, 4, 5, 6]
[20:24:00] [load] fold=None seed=44 T=29 aggregate_days=None window_size=22 samples_per_step=480 n_train=104 (cap=15) n_test=135 (cap=25) classes_train=[0, 1, 2, 3, 4, 5, 6]
[20:24:04] [load] fold=None seed=42 T=29 aggregate_days=None window_size=22 samples_per_step=480 n_train=104 (cap=15) n_test=135 (cap=25) classes_train=[0, 1, 2, 3, 4, 5, 6]
[20:24:05] [load] fold=None seed=42 T=29 aggregate_days=None window_size=22 samples_per_step=480 n_train=104 (cap=15) n_test=135 (cap=25) classes_train=[0, 1, 2, 3, 4, 5, 6]
[20:24:06] [load] fold=None seed=42 T=29 aggregate_days=None window_size=22 samples_per_step=480 n_train=104 (cap=15) n_test=135 (cap=25) classes_train=[0, 1, 2, 3, 4, 5, 6]
[20:24:11] [load] fold=None seed=43 T=29 aggregate_days=None window_size=22 samples_per_step=480 n_train=104 (cap=15) n_test=135 (cap=25) classes_train=[0, 1, 2, 3, 4, 5, 6]
[20:24:11] [load] fold=None seed=43 T=29 aggregate_days=None window_size=22 samples_per_step=480 n_train=104 (cap=15) n_test=135 (cap=25) classes_train=[0, 1, 2, 3, 4, 5, 6]
[20:24:12] [load] fold=None seed=43 T=29 aggregate_days=None window_size=22 samples_per_step=480 n_train=104 (cap=15) n_test=135 (cap=25) classes_train=[0, 1, 2, 3, 4, 5, 6]
[20:24:17] [load] fold=None seed=44 T=29 aggregate_days=None window_size=22 samples_per_step=480 n_train=104 (cap=15) n_test=135 (cap=25) classes_train=[0, 1, 2, 3, 4, 5, 6]
[20:24:17] [load] fold=None seed=44 T=29 aggregate_days=None window_size=22 samples_per_step=480 n_train=104 (cap=15) n_test=135 (cap=25) classes_train=[0, 1, 2, 3, 4, 5, 6]
[20:24:18] [load] fold=None seed=44 T=29 aggregate_days=None window_size=22 samples_per_step=480 n_train=104 (cap=15) n_test=135 (cap=25) classes_train=[0, 1, 2, 3, 4, 5, 6]
[20:24:19] [grid_knn] eucl_raw: best k=1 gamma=0.0001 f1=0.607 (3/3 runs)
[20:24:24] [load] fold=None seed=42 T=29 aggregate_days=None window_size=22 samples_per_step=480 n_train=104 (cap=15) n_test=135 (cap=25) classes_train=[0, 1, 2, 3, 4, 5, 6]
[20:24:24] [load] fold=None seed=42 T=29 aggregate_days=None window_size=22 samples_per_step=480 n_train=104 (cap=15) n_test=135 (cap=25) classes_train=[0, 1, 2, 3, 4, 5, 6]
[20:24:25] [load] fold=None seed=42 T=29 aggregate_days=None window_size=22 samples_per_step=480 n_train=104 (cap=15) n_test=135 (cap=25) classes_train=[0, 1, 2, 3, 4, 5, 6]
[20:24:25] [load] fold=None seed=42 T=29 aggregate_days=None window_size=22 samples_per_step=480 n_train=104 (cap=15) n_test=135 (cap=25) classes_train=[0, 1, 2, 3, 4, 5, 6]
[20:24:31] [load] fold=None seed=43 T=29 aggregate_days=None window_size=22 samples_per_step=480 n_train=104 (cap=15) n_test=135 (cap=25) classes_train=[0, 1, 2, 3, 4, 5, 6]
[20:24:31] [load] fold=None seed=43 T=29 aggregate_days=None window_size=22 samples_per_step=480 n_train=104 (cap=15) n_test=135 (cap=25) classes_train=[0, 1, 2, 3, 4, 5, 6]
[20:24:32] [load] fold=None seed=43 T=29 aggregate_days=None window_size=22 samples_per_step=480 n_train=104 (cap=15) n_test=135 (cap=25) classes_train=[0, 1, 2, 3, 4, 5, 6]
[20:24:32] [load] fold=None seed=43 T=29 aggregate_days=None window_size=22 samples_per_step=480 n_train=104 (cap=15) n_test=135 (cap=25) classes_train=[0, 1, 2, 3, 4, 5, 6]
[20:24:37] [load] fold=None seed=44 T=29 aggregate_days=None window_size=22 samples_per_step=480 n_train=104 (cap=15) n_test=135 (cap=25) classes_train=[0, 1, 2, 3, 4, 5, 6]
[20:24:37] [load] fold=None seed=44 T=29 aggregate_days=None window_size=22 samples_per_step=480 n_train=104 (cap=15) n_test=135 (cap=25) classes_train=[0, 1, 2, 3, 4, 5, 6]
[20:24:38] [load] fold=None seed=44 T=29 aggregate_days=None window_size=22 samples_per_step=480 n_train=104 (cap=15) n_test=135 (cap=25) classes_train=[0, 1, 2, 3, 4, 5, 6]
[20:24:38] [load] fold=None seed=44 T=29 aggregate_days=None window_size=22 samples_per_step=480 n_train=104 (cap=15) n_test=135 (cap=25) classes_train=[0, 1, 2, 3, 4, 5, 6]
[20:24:44] [load] fold=None seed=42 T=29 aggregate_days=None window_size=22 samples_per_step=480 n_train=104 (cap=15) n_test=135 (cap=25) classes_train=[0, 1, 2, 3, 4, 5, 6]
[20:24:44] [load] fold=None seed=42 T=29 aggregate_days=None window_size=22 samples_per_step=480 n_train=104 (cap=15) n_test=135 (cap=25) classes_train=[0, 1, 2, 3, 4, 5, 6]
[20:24:44] [load] fold=None seed=42 T=29 aggregate_days=None window_size=22 samples_per_step=480 n_train=104 (cap=15) n_test=135 (cap=25) classes_train=[0, 1, 2, 3, 4, 5, 6]
[20:24:50] [load] fold=None seed=43 T=29 aggregate_days=None window_size=22 samples_per_step=480 n_train=104 (cap=15) n_test=135 (cap=25) classes_train=[0, 1, 2, 3, 4, 5, 6]
[20:24:50] [load] fold=None seed=43 T=29 aggregate_days=None window_size=22 samples_per_step=480 n_train=104 (cap=15) n_test=135 (cap=25) classes_train=[0, 1, 2, 3, 4, 5, 6]
[20:24:51] [load] fold=None seed=43 T=29 aggregate_days=None window_size=22 samples_per_step=480 n_train=104 (cap=15) n_test=135 (cap=25) classes_train=[0, 1, 2, 3, 4, 5, 6]
[20:24:56] [load] fold=None seed=44 T=29 aggregate_days=None window_size=22 samples_per_step=480 n_train=104 (cap=15) n_test=135 (cap=25) classes_train=[0, 1, 2, 3, 4, 5, 6]
[20:24:57] [load] fold=None seed=44 T=29 aggregate_days=None window_size=22 samples_per_step=480 n_train=104 (cap=15) n_test=135 (cap=25) classes_train=[0, 1, 2, 3, 4, 5, 6]
[20:24:57] [load] fold=None seed=44 T=29 aggregate_days=None window_size=22 samples_per_step=480 n_train=104 (cap=15) n_test=135 (cap=25) classes_train=[0, 1, 2, 3, 4, 5, 6]
[20:24:58] [grid_knn] eucl_raw_nodiv: best k=1 gamma=0.0001 f1=0.607 (3/3 runs)
[20:24:58] [optimize_gamma/cpazmal] knn: sta @ reduced scale {'samples_per_step': 8, 'max_train_per_class': 3, 'max_test_per_class': 1}, n_jobs=2
[20:25:06] [load] fold=None seed=42 T=29 aggregate_days=None window_size=22 samples_per_step=8 n_train=21 (cap=3) n_test=7 (cap=1) classes_train=[0, 1, 2, 3, 4, 5, 6]
[20:25:06] [load] fold=None seed=42 T=29 aggregate_days=None window_size=22 samples_per_step=8 n_train=21 (cap=3) n_test=7 (cap=1) classes_train=[0, 1, 2, 3, 4, 5, 6]
[20:25:33] [load] fold=None seed=43 T=29 aggregate_days=None window_size=22 samples_per_step=8 n_train=21 (cap=3) n_test=7 (cap=1) classes_train=[0, 1, 2, 3, 4, 5, 6]
[20:25:33] [load] fold=None seed=43 T=29 aggregate_days=None window_size=22 samples_per_step=8 n_train=21 (cap=3) n_test=7 (cap=1) classes_train=[0, 1, 2, 3, 4, 5, 6]
[20:25:59] [load] fold=None seed=44 T=29 aggregate_days=None window_size=22 samples_per_step=8 n_train=21 (cap=3) n_test=7 (cap=1) classes_train=[0, 1, 2, 3, 4, 5, 6]
[20:25:59] [load] fold=None seed=44 T=29 aggregate_days=None window_size=22 samples_per_step=8 n_train=21 (cap=3) n_test=7 (cap=1) classes_train=[0, 1, 2, 3, 4, 5, 6]
[20:26:25] [load] fold=None seed=42 T=29 aggregate_days=None window_size=22 samples_per_step=8 n_train=21 (cap=3) n_test=7 (cap=1) classes_train=[0, 1, 2, 3, 4, 5, 6]
[20:26:25] [load] fold=None seed=42 T=29 aggregate_days=None window_size=22 samples_per_step=8 n_train=21 (cap=3) n_test=7 (cap=1) classes_train=[0, 1, 2, 3, 4, 5, 6]
[20:26:52] [load] fold=None seed=43 T=29 aggregate_days=None window_size=22 samples_per_step=8 n_train=21 (cap=3) n_test=7 (cap=1) classes_train=[0, 1, 2, 3, 4, 5, 6]
[20:26:52] [load] fold=None seed=43 T=29 aggregate_days=None window_size=22 samples_per_step=8 n_train=21 (cap=3) n_test=7 (cap=1) classes_train=[0, 1, 2, 3, 4, 5, 6]
[20:27:19] [load] fold=None seed=44 T=29 aggregate_days=None window_size=22 samples_per_step=8 n_train=21 (cap=3) n_test=7 (cap=1) classes_train=[0, 1, 2, 3, 4, 5, 6]
[20:27:20] [load] fold=None seed=44 T=29 aggregate_days=None window_size=22 samples_per_step=8 n_train=21 (cap=3) n_test=7 (cap=1) classes_train=[0, 1, 2, 3, 4, 5, 6]
[20:27:54] [load] fold=None seed=42 T=29 aggregate_days=None window_size=22 samples_per_step=8 n_train=21 (cap=3) n_test=7 (cap=1) classes_train=[0, 1, 2, 3, 4, 5, 6]
[20:27:58] [load] fold=None seed=42 T=29 aggregate_days=None window_size=22 samples_per_step=8 n_train=21 (cap=3) n_test=7 (cap=1) classes_train=[0, 1, 2, 3, 4, 5, 6]
[20:28:19] [load] fold=None seed=43 T=29 aggregate_days=None window_size=22 samples_per_step=8 n_train=21 (cap=3) n_test=7 (cap=1) classes_train=[0, 1, 2, 3, 4, 5, 6]
[20:28:24] [load] fold=None seed=43 T=29 aggregate_days=None window_size=22 samples_per_step=8 n_train=21 (cap=3) n_test=7 (cap=1) classes_train=[0, 1, 2, 3, 4, 5, 6]
[20:28:45] [load] fold=None seed=44 T=29 aggregate_days=None window_size=22 samples_per_step=8 n_train=21 (cap=3) n_test=7 (cap=1) classes_train=[0, 1, 2, 3, 4, 5, 6]
[20:28:49] [load] fold=None seed=44 T=29 aggregate_days=None window_size=22 samples_per_step=8 n_train=21 (cap=3) n_test=7 (cap=1) classes_train=[0, 1, 2, 3, 4, 5, 6]
[20:29:11] [load] fold=None seed=42 T=29 aggregate_days=None window_size=22 samples_per_step=8 n_train=21 (cap=3) n_test=7 (cap=1) classes_train=[0, 1, 2, 3, 4, 5, 6]
[20:29:36] [load] fold=None seed=43 T=29 aggregate_days=None window_size=22 samples_per_step=8 n_train=21 (cap=3) n_test=7 (cap=1) classes_train=[0, 1, 2, 3, 4, 5, 6]
[20:30:03] [load] fold=None seed=44 T=29 aggregate_days=None window_size=22 samples_per_step=8 n_train=21 (cap=3) n_test=7 (cap=1) classes_train=[0, 1, 2, 3, 4, 5, 6]
[20:30:26] [grid_knn] sta: best k=1 gamma=0.0001 f1=0.698 (3/3 runs)
[20:30:26] [optimize_gamma/cpazmal] barycenter: 6 methods @ samples_per_step=480, n_jobs=4
[20:30:39] [load] fold=None seed=42 T=29 aggregate_days=None window_size=22 samples_per_step=480 n_train=104 (cap=15) n_test=135 (cap=25) classes_train=[0, 1, 2, 3, 4, 5, 6]
[20:30:40] [load] fold=None seed=42 T=29 aggregate_days=None window_size=22 samples_per_step=480 n_train=104 (cap=15) n_test=135 (cap=25) classes_train=[0, 1, 2, 3, 4, 5, 6]
[20:30:40] [load] fold=None seed=42 T=29 aggregate_days=None window_size=22 samples_per_step=480 n_train=104 (cap=15) n_test=135 (cap=25) classes_train=[0, 1, 2, 3, 4, 5, 6]
[20:30:40] [load] fold=None seed=42 T=29 aggregate_days=None window_size=22 samples_per_step=480 n_train=104 (cap=15) n_test=135 (cap=25) classes_train=[0, 1, 2, 3, 4, 5, 6]
[20:31:00] [load] fold=None seed=43 T=29 aggregate_days=None window_size=22 samples_per_step=480 n_train=104 (cap=15) n_test=135 (cap=25) classes_train=[0, 1, 2, 3, 4, 5, 6]
[20:31:00] [load] fold=None seed=43 T=29 aggregate_days=None window_size=22 samples_per_step=480 n_train=104 (cap=15) n_test=135 (cap=25) classes_train=[0, 1, 2, 3, 4, 5, 6]
[20:31:01] [load] fold=None seed=43 T=29 aggregate_days=None window_size=22 samples_per_step=480 n_train=104 (cap=15) n_test=135 (cap=25) classes_train=[0, 1, 2, 3, 4, 5, 6]
[20:31:01] [load] fold=None seed=43 T=29 aggregate_days=None window_size=22 samples_per_step=480 n_train=104 (cap=15) n_test=135 (cap=25) classes_train=[0, 1, 2, 3, 4, 5, 6]
[20:31:19] [load] fold=None seed=44 T=29 aggregate_days=None window_size=22 samples_per_step=480 n_train=104 (cap=15) n_test=135 (cap=25) classes_train=[0, 1, 2, 3, 4, 5, 6]
[20:31:19] [load] fold=None seed=44 T=29 aggregate_days=None window_size=22 samples_per_step=480 n_train=104 (cap=15) n_test=135 (cap=25) classes_train=[0, 1, 2, 3, 4, 5, 6]
[20:31:20] [load] fold=None seed=44 T=29 aggregate_days=None window_size=22 samples_per_step=480 n_train=104 (cap=15) n_test=135 (cap=25) classes_train=[0, 1, 2, 3, 4, 5, 6]
[20:31:20] [load] fold=None seed=44 T=29 aggregate_days=None window_size=22 samples_per_step=480 n_train=104 (cap=15) n_test=135 (cap=25) classes_train=[0, 1, 2, 3, 4, 5, 6]
[20:31:37] [load] fold=None seed=42 T=29 aggregate_days=None window_size=22 samples_per_step=480 n_train=104 (cap=15) n_test=135 (cap=25) classes_train=[0, 1, 2, 3, 4, 5, 6]
[20:31:38] [load] fold=None seed=42 T=29 aggregate_days=None window_size=22 samples_per_step=480 n_train=104 (cap=15) n_test=135 (cap=25) classes_train=[0, 1, 2, 3, 4, 5, 6]
[20:31:38] [load] fold=None seed=42 T=29 aggregate_days=None window_size=22 samples_per_step=480 n_train=104 (cap=15) n_test=135 (cap=25) classes_train=[0, 1, 2, 3, 4, 5, 6]
[20:31:55] [load] fold=None seed=43 T=29 aggregate_days=None window_size=22 samples_per_step=480 n_train=104 (cap=15) n_test=135 (cap=25) classes_train=[0, 1, 2, 3, 4, 5, 6]
[20:31:56] [load] fold=None seed=43 T=29 aggregate_days=None window_size=22 samples_per_step=480 n_train=104 (cap=15) n_test=135 (cap=25) classes_train=[0, 1, 2, 3, 4, 5, 6]
[20:31:56] [load] fold=None seed=43 T=29 aggregate_days=None window_size=22 samples_per_step=480 n_train=104 (cap=15) n_test=135 (cap=25) classes_train=[0, 1, 2, 3, 4, 5, 6]
[20:32:11] [load] fold=None seed=44 T=29 aggregate_days=None window_size=22 samples_per_step=480 n_train=104 (cap=15) n_test=135 (cap=25) classes_train=[0, 1, 2, 3, 4, 5, 6]
[20:32:11] [load] fold=None seed=44 T=29 aggregate_days=None window_size=22 samples_per_step=480 n_train=104 (cap=15) n_test=135 (cap=25) classes_train=[0, 1, 2, 3, 4, 5, 6]
[20:32:13] [load] fold=None seed=44 T=29 aggregate_days=None window_size=22 samples_per_step=480 n_train=104 (cap=15) n_test=135 (cap=25) classes_train=[0, 1, 2, 3, 4, 5, 6]
[20:32:23] [grid_bary] wasps: best lr=0.05 gamma=0.01 f1=0.610 (3/3 runs)
[20:32:29] [load] fold=None seed=42 T=29 aggregate_days=None window_size=22 samples_per_step=480 n_train=104 (cap=15) n_test=135 (cap=25) classes_train=[0, 1, 2, 3, 4, 5, 6]
[20:32:29] [load] fold=None seed=42 T=29 aggregate_days=None window_size=22 samples_per_step=480 n_train=104 (cap=15) n_test=135 (cap=25) classes_train=[0, 1, 2, 3, 4, 5, 6]
[20:32:29] [load] fold=None seed=42 T=29 aggregate_days=None window_size=22 samples_per_step=480 n_train=104 (cap=15) n_test=135 (cap=25) classes_train=[0, 1, 2, 3, 4, 5, 6]
[20:32:29] [load] fold=None seed=42 T=29 aggregate_days=None window_size=22 samples_per_step=480 n_train=104 (cap=15) n_test=135 (cap=25) classes_train=[0, 1, 2, 3, 4, 5, 6]
[20:32:40] [load] fold=None seed=43 T=29 aggregate_days=None window_size=22 samples_per_step=480 n_train=104 (cap=15) n_test=135 (cap=25) classes_train=[0, 1, 2, 3, 4, 5, 6]
[20:32:42] [load] fold=None seed=43 T=29 aggregate_days=None window_size=22 samples_per_step=480 n_train=104 (cap=15) n_test=135 (cap=25) classes_train=[0, 1, 2, 3, 4, 5, 6]
[20:32:43] [load] fold=None seed=43 T=29 aggregate_days=None window_size=22 samples_per_step=480 n_train=104 (cap=15) n_test=135 (cap=25) classes_train=[0, 1, 2, 3, 4, 5, 6]
[20:32:43] [load] fold=None seed=43 T=29 aggregate_days=None window_size=22 samples_per_step=480 n_train=104 (cap=15) n_test=135 (cap=25) classes_train=[0, 1, 2, 3, 4, 5, 6]
[20:32:51] [load] fold=None seed=44 T=29 aggregate_days=None window_size=22 samples_per_step=480 n_train=104 (cap=15) n_test=135 (cap=25) classes_train=[0, 1, 2, 3, 4, 5, 6]
[20:32:56] [load] fold=None seed=44 T=29 aggregate_days=None window_size=22 samples_per_step=480 n_train=104 (cap=15) n_test=135 (cap=25) classes_train=[0, 1, 2, 3, 4, 5, 6]
[20:32:56] [load] fold=None seed=44 T=29 aggregate_days=None window_size=22 samples_per_step=480 n_train=104 (cap=15) n_test=135 (cap=25) classes_train=[0, 1, 2, 3, 4, 5, 6]
[20:32:56] [load] fold=None seed=44 T=29 aggregate_days=None window_size=22 samples_per_step=480 n_train=104 (cap=15) n_test=135 (cap=25) classes_train=[0, 1, 2, 3, 4, 5, 6]
[20:33:02] [load] fold=None seed=42 T=29 aggregate_days=None window_size=22 samples_per_step=480 n_train=104 (cap=15) n_test=135 (cap=25) classes_train=[0, 1, 2, 3, 4, 5, 6]
[20:33:09] [load] fold=None seed=42 T=29 aggregate_days=None window_size=22 samples_per_step=480 n_train=104 (cap=15) n_test=135 (cap=25) classes_train=[0, 1, 2, 3, 4, 5, 6]
[20:33:09] [load] fold=None seed=42 T=29 aggregate_days=None window_size=22 samples_per_step=480 n_train=104 (cap=15) n_test=135 (cap=25) classes_train=[0, 1, 2, 3, 4, 5, 6]
[20:33:11] [load] fold=None seed=43 T=29 aggregate_days=None window_size=22 samples_per_step=480 n_train=104 (cap=15) n_test=135 (cap=25) classes_train=[0, 1, 2, 3, 4, 5, 6]
[20:33:18] [load] fold=None seed=43 T=29 aggregate_days=None window_size=22 samples_per_step=480 n_train=104 (cap=15) n_test=135 (cap=25) classes_train=[0, 1, 2, 3, 4, 5, 6]
[20:33:18] [load] fold=None seed=43 T=29 aggregate_days=None window_size=22 samples_per_step=480 n_train=104 (cap=15) n_test=135 (cap=25) classes_train=[0, 1, 2, 3, 4, 5, 6]
[20:33:19] [load] fold=None seed=44 T=29 aggregate_days=None window_size=22 samples_per_step=480 n_train=104 (cap=15) n_test=135 (cap=25) classes_train=[0, 1, 2, 3, 4, 5, 6]
[20:33:26] [load] fold=None seed=44 T=29 aggregate_days=None window_size=22 samples_per_step=480 n_train=104 (cap=15) n_test=135 (cap=25) classes_train=[0, 1, 2, 3, 4, 5, 6]
[20:33:26] [load] fold=None seed=44 T=29 aggregate_days=None window_size=22 samples_per_step=480 n_train=104 (cap=15) n_test=135 (cap=25) classes_train=[0, 1, 2, 3, 4, 5, 6]
[20:33:29] [grid_bary] wasps_nodiv: best lr=0.05 gamma=0.01 f1=0.605 (3/3 runs)
[20:33:35] [load] fold=None seed=42 T=29 aggregate_days=None window_size=22 samples_per_step=480 n_train=104 (cap=15) n_test=135 (cap=25) classes_train=[0, 1, 2, 3, 4, 5, 6]
[20:33:35] [load] fold=None seed=42 T=29 aggregate_days=None window_size=22 samples_per_step=480 n_train=104 (cap=15) n_test=135 (cap=25) classes_train=[0, 1, 2, 3, 4, 5, 6]
[20:33:35] [load] fold=None seed=42 T=29 aggregate_days=None window_size=22 samples_per_step=480 n_train=104 (cap=15) n_test=135 (cap=25) classes_train=[0, 1, 2, 3, 4, 5, 6]
[20:33:35] [load] fold=None seed=42 T=29 aggregate_days=None window_size=22 samples_per_step=480 n_train=104 (cap=15) n_test=135 (cap=25) classes_train=[0, 1, 2, 3, 4, 5, 6]
[20:33:48] [load] fold=None seed=43 T=29 aggregate_days=None window_size=22 samples_per_step=480 n_train=104 (cap=15) n_test=135 (cap=25) classes_train=[0, 1, 2, 3, 4, 5, 6]
[20:33:48] [load] fold=None seed=43 T=29 aggregate_days=None window_size=22 samples_per_step=480 n_train=104 (cap=15) n_test=135 (cap=25) classes_train=[0, 1, 2, 3, 4, 5, 6]
[20:33:49] [load] fold=None seed=43 T=29 aggregate_days=None window_size=22 samples_per_step=480 n_train=104 (cap=15) n_test=135 (cap=25) classes_train=[0, 1, 2, 3, 4, 5, 6]
[20:33:49] [load] fold=None seed=43 T=29 aggregate_days=None window_size=22 samples_per_step=480 n_train=104 (cap=15) n_test=135 (cap=25) classes_train=[0, 1, 2, 3, 4, 5, 6]
[20:34:00] [load] fold=None seed=44 T=29 aggregate_days=None window_size=22 samples_per_step=480 n_train=104 (cap=15) n_test=135 (cap=25) classes_train=[0, 1, 2, 3, 4, 5, 6]
[20:34:00] [load] fold=None seed=44 T=29 aggregate_days=None window_size=22 samples_per_step=480 n_train=104 (cap=15) n_test=135 (cap=25) classes_train=[0, 1, 2, 3, 4, 5, 6]
[20:34:01] [load] fold=None seed=44 T=29 aggregate_days=None window_size=22 samples_per_step=480 n_train=104 (cap=15) n_test=135 (cap=25) classes_train=[0, 1, 2, 3, 4, 5, 6]
[20:34:02] [load] fold=None seed=44 T=29 aggregate_days=None window_size=22 samples_per_step=480 n_train=104 (cap=15) n_test=135 (cap=25) classes_train=[0, 1, 2, 3, 4, 5, 6]
[20:34:12] [load] fold=None seed=42 T=29 aggregate_days=None window_size=22 samples_per_step=480 n_train=104 (cap=15) n_test=135 (cap=25) classes_train=[0, 1, 2, 3, 4, 5, 6]
[20:34:13] [load] fold=None seed=42 T=29 aggregate_days=None window_size=22 samples_per_step=480 n_train=104 (cap=15) n_test=135 (cap=25) classes_train=[0, 1, 2, 3, 4, 5, 6]
[20:34:13] [load] fold=None seed=42 T=29 aggregate_days=None window_size=22 samples_per_step=480 n_train=104 (cap=15) n_test=135 (cap=25) classes_train=[0, 1, 2, 3, 4, 5, 6]
[20:34:22] [load] fold=None seed=43 T=29 aggregate_days=None window_size=22 samples_per_step=480 n_train=104 (cap=15) n_test=135 (cap=25) classes_train=[0, 1, 2, 3, 4, 5, 6]
[20:34:22] [load] fold=None seed=43 T=29 aggregate_days=None window_size=22 samples_per_step=480 n_train=104 (cap=15) n_test=135 (cap=25) classes_train=[0, 1, 2, 3, 4, 5, 6]
[20:34:22] [load] fold=None seed=43 T=29 aggregate_days=None window_size=22 samples_per_step=480 n_train=104 (cap=15) n_test=135 (cap=25) classes_train=[0, 1, 2, 3, 4, 5, 6]
[20:34:30] [load] fold=None seed=44 T=29 aggregate_days=None window_size=22 samples_per_step=480 n_train=104 (cap=15) n_test=135 (cap=25) classes_train=[0, 1, 2, 3, 4, 5, 6]
[20:34:31] [load] fold=None seed=44 T=29 aggregate_days=None window_size=22 samples_per_step=480 n_train=104 (cap=15) n_test=135 (cap=25) classes_train=[0, 1, 2, 3, 4, 5, 6]
[20:34:32] [load] fold=None seed=44 T=29 aggregate_days=None window_size=22 samples_per_step=480 n_train=104 (cap=15) n_test=135 (cap=25) classes_train=[0, 1, 2, 3, 4, 5, 6]
[20:34:35] [grid_bary] eucl_params: best lr=0.05 gamma=0.01 f1=0.433 (3/3 runs)
[20:34:41] [load] fold=None seed=42 T=29 aggregate_days=None window_size=22 samples_per_step=480 n_train=104 (cap=15) n_test=135 (cap=25) classes_train=[0, 1, 2, 3, 4, 5, 6]
[20:34:41] [load] fold=None seed=42 T=29 aggregate_days=None window_size=22 samples_per_step=480 n_train=104 (cap=15) n_test=135 (cap=25) classes_train=[0, 1, 2, 3, 4, 5, 6]
[20:34:44] [load] fold=None seed=42 T=29 aggregate_days=None window_size=22 samples_per_step=480 n_train=104 (cap=15) n_test=135 (cap=25) classes_train=[0, 1, 2, 3, 4, 5, 6]
[20:34:47] [load] fold=None seed=42 T=29 aggregate_days=None window_size=22 samples_per_step=480 n_train=104 (cap=15) n_test=135 (cap=25) classes_train=[0, 1, 2, 3, 4, 5, 6]
[20:34:52] [load] fold=None seed=43 T=29 aggregate_days=None window_size=22 samples_per_step=480 n_train=104 (cap=15) n_test=135 (cap=25) classes_train=[0, 1, 2, 3, 4, 5, 6]
[20:34:52] [load] fold=None seed=43 T=29 aggregate_days=None window_size=22 samples_per_step=480 n_train=104 (cap=15) n_test=135 (cap=25) classes_train=[0, 1, 2, 3, 4, 5, 6]
[20:34:55] [load] fold=None seed=43 T=29 aggregate_days=None window_size=22 samples_per_step=480 n_train=104 (cap=15) n_test=135 (cap=25) classes_train=[0, 1, 2, 3, 4, 5, 6]
[20:34:58] [load] fold=None seed=43 T=29 aggregate_days=None window_size=22 samples_per_step=480 n_train=104 (cap=15) n_test=135 (cap=25) classes_train=[0, 1, 2, 3, 4, 5, 6]
[20:35:01] [load] fold=None seed=44 T=29 aggregate_days=None window_size=22 samples_per_step=480 n_train=104 (cap=15) n_test=135 (cap=25) classes_train=[0, 1, 2, 3, 4, 5, 6]
[20:35:02] [load] fold=None seed=44 T=29 aggregate_days=None window_size=22 samples_per_step=480 n_train=104 (cap=15) n_test=135 (cap=25) classes_train=[0, 1, 2, 3, 4, 5, 6]
[20:35:05] [load] fold=None seed=44 T=29 aggregate_days=None window_size=22 samples_per_step=480 n_train=104 (cap=15) n_test=135 (cap=25) classes_train=[0, 1, 2, 3, 4, 5, 6]
[20:35:06] [load] fold=None seed=44 T=29 aggregate_days=None window_size=22 samples_per_step=480 n_train=104 (cap=15) n_test=135 (cap=25) classes_train=[0, 1, 2, 3, 4, 5, 6]
[20:35:12] [load] fold=None seed=42 T=29 aggregate_days=None window_size=22 samples_per_step=480 n_train=104 (cap=15) n_test=135 (cap=25) classes_train=[0, 1, 2, 3, 4, 5, 6]
[20:35:12] [load] fold=None seed=42 T=29 aggregate_days=None window_size=22 samples_per_step=480 n_train=104 (cap=15) n_test=135 (cap=25) classes_train=[0, 1, 2, 3, 4, 5, 6]
[20:35:15] [load] fold=None seed=42 T=29 aggregate_days=None window_size=22 samples_per_step=480 n_train=104 (cap=15) n_test=135 (cap=25) classes_train=[0, 1, 2, 3, 4, 5, 6]
[20:35:20] [load] fold=None seed=43 T=29 aggregate_days=None window_size=22 samples_per_step=480 n_train=104 (cap=15) n_test=135 (cap=25) classes_train=[0, 1, 2, 3, 4, 5, 6]
[20:35:20] [load] fold=None seed=43 T=29 aggregate_days=None window_size=22 samples_per_step=480 n_train=104 (cap=15) n_test=135 (cap=25) classes_train=[0, 1, 2, 3, 4, 5, 6]
[20:35:23] [load] fold=None seed=43 T=29 aggregate_days=None window_size=22 samples_per_step=480 n_train=104 (cap=15) n_test=135 (cap=25) classes_train=[0, 1, 2, 3, 4, 5, 6]
[20:35:27] [load] fold=None seed=44 T=29 aggregate_days=None window_size=22 samples_per_step=480 n_train=104 (cap=15) n_test=135 (cap=25) classes_train=[0, 1, 2, 3, 4, 5, 6]
[20:35:27] [load] fold=None seed=44 T=29 aggregate_days=None window_size=22 samples_per_step=480 n_train=104 (cap=15) n_test=135 (cap=25) classes_train=[0, 1, 2, 3, 4, 5, 6]
[20:35:30] [load] fold=None seed=44 T=29 aggregate_days=None window_size=22 samples_per_step=480 n_train=104 (cap=15) n_test=135 (cap=25) classes_train=[0, 1, 2, 3, 4, 5, 6]
[20:35:32] [grid_bary] eucl_params_nodiv: best lr=0.05 gamma=0.1 f1=0.454 (3/3 runs)
[20:35:38] [load] fold=None seed=42 T=29 aggregate_days=None window_size=22 samples_per_step=480 n_train=104 (cap=15) n_test=135 (cap=25) classes_train=[0, 1, 2, 3, 4, 5, 6]
[20:35:38] [load] fold=None seed=42 T=29 aggregate_days=None window_size=22 samples_per_step=480 n_train=104 (cap=15) n_test=135 (cap=25) classes_train=[0, 1, 2, 3, 4, 5, 6]
[20:35:42] [load] fold=None seed=42 T=29 aggregate_days=None window_size=22 samples_per_step=480 n_train=104 (cap=15) n_test=135 (cap=25) classes_train=[0, 1, 2, 3, 4, 5, 6]
[20:35:43] [load] fold=None seed=42 T=29 aggregate_days=None window_size=22 samples_per_step=480 n_train=104 (cap=15) n_test=135 (cap=25) classes_train=[0, 1, 2, 3, 4, 5, 6]
[20:36:05] [load] fold=None seed=43 T=29 aggregate_days=None window_size=22 samples_per_step=480 n_train=104 (cap=15) n_test=135 (cap=25) classes_train=[0, 1, 2, 3, 4, 5, 6]
[20:36:05] [load] fold=None seed=43 T=29 aggregate_days=None window_size=22 samples_per_step=480 n_train=104 (cap=15) n_test=135 (cap=25) classes_train=[0, 1, 2, 3, 4, 5, 6]
[20:36:12] [load] fold=None seed=43 T=29 aggregate_days=None window_size=22 samples_per_step=480 n_train=104 (cap=15) n_test=135 (cap=25) classes_train=[0, 1, 2, 3, 4, 5, 6]
[20:36:15] [load] fold=None seed=43 T=29 aggregate_days=None window_size=22 samples_per_step=480 n_train=104 (cap=15) n_test=135 (cap=25) classes_train=[0, 1, 2, 3, 4, 5, 6]
[20:36:33] [load] fold=None seed=44 T=29 aggregate_days=None window_size=22 samples_per_step=480 n_train=104 (cap=15) n_test=135 (cap=25) classes_train=[0, 1, 2, 3, 4, 5, 6]
[20:36:36] [load] fold=None seed=44 T=29 aggregate_days=None window_size=22 samples_per_step=480 n_train=104 (cap=15) n_test=135 (cap=25) classes_train=[0, 1, 2, 3, 4, 5, 6]
[20:36:42] [load] fold=None seed=44 T=29 aggregate_days=None window_size=22 samples_per_step=480 n_train=104 (cap=15) n_test=135 (cap=25) classes_train=[0, 1, 2, 3, 4, 5, 6]
[20:36:49] [load] fold=None seed=44 T=29 aggregate_days=None window_size=22 samples_per_step=480 n_train=104 (cap=15) n_test=135 (cap=25) classes_train=[0, 1, 2, 3, 4, 5, 6]
[20:37:03] [load] fold=None seed=42 T=29 aggregate_days=None window_size=22 samples_per_step=480 n_train=104 (cap=15) n_test=135 (cap=25) classes_train=[0, 1, 2, 3, 4, 5, 6]
[20:37:04] [load] fold=None seed=42 T=29 aggregate_days=None window_size=22 samples_per_step=480 n_train=104 (cap=15) n_test=135 (cap=25) classes_train=[0, 1, 2, 3, 4, 5, 6]
[20:37:09] [load] fold=None seed=42 T=29 aggregate_days=None window_size=22 samples_per_step=480 n_train=104 (cap=15) n_test=135 (cap=25) classes_train=[0, 1, 2, 3, 4, 5, 6]
[20:37:25] [load] fold=None seed=43 T=29 aggregate_days=None window_size=22 samples_per_step=480 n_train=104 (cap=15) n_test=135 (cap=25) classes_train=[0, 1, 2, 3, 4, 5, 6]
[20:37:33] [load] fold=None seed=43 T=29 aggregate_days=None window_size=22 samples_per_step=480 n_train=104 (cap=15) n_test=135 (cap=25) classes_train=[0, 1, 2, 3, 4, 5, 6]
[20:37:35] [load] fold=None seed=43 T=29 aggregate_days=None window_size=22 samples_per_step=480 n_train=104 (cap=15) n_test=135 (cap=25) classes_train=[0, 1, 2, 3, 4, 5, 6]
[20:37:38] [load] fold=None seed=44 T=29 aggregate_days=None window_size=22 samples_per_step=480 n_train=104 (cap=15) n_test=135 (cap=25) classes_train=[0, 1, 2, 3, 4, 5, 6]
[20:38:03] [load] fold=None seed=44 T=29 aggregate_days=None window_size=22 samples_per_step=480 n_train=104 (cap=15) n_test=135 (cap=25) classes_train=[0, 1, 2, 3, 4, 5, 6]
[20:38:05] [load] fold=None seed=44 T=29 aggregate_days=None window_size=22 samples_per_step=480 n_train=104 (cap=15) n_test=135 (cap=25) classes_train=[0, 1, 2, 3, 4, 5, 6]
[20:38:27] [grid_bary] eucl_raw: best lr=0.05 gamma=0.0001 f1=0.590 (3/3 runs)
[20:38:40] [load] fold=None seed=42 T=29 aggregate_days=None window_size=22 samples_per_step=480 n_train=104 (cap=15) n_test=135 (cap=25) classes_train=[0, 1, 2, 3, 4, 5, 6]
[20:38:40] [load] fold=None seed=42 T=29 aggregate_days=None window_size=22 samples_per_step=480 n_train=104 (cap=15) n_test=135 (cap=25) classes_train=[0, 1, 2, 3, 4, 5, 6]
[20:38:40] [load] fold=None seed=42 T=29 aggregate_days=None window_size=22 samples_per_step=480 n_train=104 (cap=15) n_test=135 (cap=25) classes_train=[0, 1, 2, 3, 4, 5, 6]
[20:38:40] [load] fold=None seed=42 T=29 aggregate_days=None window_size=22 samples_per_step=480 n_train=104 (cap=15) n_test=135 (cap=25) classes_train=[0, 1, 2, 3, 4, 5, 6]
[11:41:47] ===== optimize_gamma config=configs/config_baseline.yaml dataset=cpazmal n_jobs=4 sta_n_jobs=2 seed=42 =====
[11:41:47] gamma_grid=[0.0001, 0.01, 0.1, 1.0, 10.0, 100.0, 10000.0] n_seeds=3 sta_samples_per_step=48 methods=['wasps', 'wasps_nodiv', 'eucl_params', 'eucl_params_nodiv', 'eucl_raw', 'eucl_raw_nodiv', 'sta']
[11:41:47] [optimize_gamma/cpazmal] knn: 6 methods @ samples_per_step=480, n_jobs=4
[11:41:52] [load] fold=None seed=42 T=29 aggregate_days=None window_size=22 samples_per_step=480 n_train=104 (cap=15) n_test=135 (cap=25) classes_train=[0, 1, 2, 3, 4, 5, 6]
[11:41:52] [load] fold=None seed=42 T=29 aggregate_days=None window_size=22 samples_per_step=480 n_train=104 (cap=15) n_test=135 (cap=25) classes_train=[0, 1, 2, 3, 4, 5, 6]
[11:41:52] [load] fold=None seed=42 T=29 aggregate_days=None window_size=22 samples_per_step=480 n_train=104 (cap=15) n_test=135 (cap=25) classes_train=[0, 1, 2, 3, 4, 5, 6]
[11:41:52] [load] fold=None seed=42 T=29 aggregate_days=None window_size=22 samples_per_step=480 n_train=104 (cap=15) n_test=135 (cap=25) classes_train=[0, 1, 2, 3, 4, 5, 6]
[11:41:56] [load] fold=None seed=43 T=29 aggregate_days=None window_size=22 samples_per_step=480 n_train=104 (cap=15) n_test=135 (cap=25) classes_train=[0, 1, 2, 3, 4, 5, 6]
[11:41:56] [load] fold=None seed=43 T=29 aggregate_days=None window_size=22 samples_per_step=480 n_train=104 (cap=15) n_test=135 (cap=25) classes_train=[0, 1, 2, 3, 4, 5, 6]
[11:41:56] [load] fold=None seed=43 T=29 aggregate_days=None window_size=22 samples_per_step=480 n_train=104 (cap=15) n_test=135 (cap=25) classes_train=[0, 1, 2, 3, 4, 5, 6]
[11:41:56] [load] fold=None seed=43 T=29 aggregate_days=None window_size=22 samples_per_step=480 n_train=104 (cap=15) n_test=135 (cap=25) classes_train=[0, 1, 2, 3, 4, 5, 6]
[11:42:00] [load] fold=None seed=44 T=29 aggregate_days=None window_size=22 samples_per_step=480 n_train=104 (cap=15) n_test=135 (cap=25) classes_train=[0, 1, 2, 3, 4, 5, 6]
[11:42:00] [load] fold=None seed=44 T=29 aggregate_days=None window_size=22 samples_per_step=480 n_train=104 (cap=15) n_test=135 (cap=25) classes_train=[0, 1, 2, 3, 4, 5, 6]
[11:42:00] [load] fold=None seed=44 T=29 aggregate_days=None window_size=22 samples_per_step=480 n_train=104 (cap=15) n_test=135 (cap=25) classes_train=[0, 1, 2, 3, 4, 5, 6]
[11:42:00] [load] fold=None seed=44 T=29 aggregate_days=None window_size=22 samples_per_step=480 n_train=104 (cap=15) n_test=135 (cap=25) classes_train=[0, 1, 2, 3, 4, 5, 6]
[11:42:04] [load] fold=None seed=42 T=29 aggregate_days=None window_size=22 samples_per_step=480 n_train=104 (cap=15) n_test=135 (cap=25) classes_train=[0, 1, 2, 3, 4, 5, 6]
[11:42:04] [load] fold=None seed=42 T=29 aggregate_days=None window_size=22 samples_per_step=480 n_train=104 (cap=15) n_test=135 (cap=25) classes_train=[0, 1, 2, 3, 4, 5, 6]
[11:42:04] [load] fold=None seed=42 T=29 aggregate_days=None window_size=22 samples_per_step=480 n_train=104 (cap=15) n_test=135 (cap=25) classes_train=[0, 1, 2, 3, 4, 5, 6]
[11:42:07] [load] fold=None seed=43 T=29 aggregate_days=None window_size=22 samples_per_step=480 n_train=104 (cap=15) n_test=135 (cap=25) classes_train=[0, 1, 2, 3, 4, 5, 6]
[11:42:07] [load] fold=None seed=43 T=29 aggregate_days=None window_size=22 samples_per_step=480 n_train=104 (cap=15) n_test=135 (cap=25) classes_train=[0, 1, 2, 3, 4, 5, 6]
[11:42:07] [load] fold=None seed=43 T=29 aggregate_days=None window_size=22 samples_per_step=480 n_train=104 (cap=15) n_test=135 (cap=25) classes_train=[0, 1, 2, 3, 4, 5, 6]
[11:42:11] [load] fold=None seed=44 T=29 aggregate_days=None window_size=22 samples_per_step=480 n_train=104 (cap=15) n_test=135 (cap=25) classes_train=[0, 1, 2, 3, 4, 5, 6]
[11:42:11] [load] fold=None seed=44 T=29 aggregate_days=None window_size=22 samples_per_step=480 n_train=104 (cap=15) n_test=135 (cap=25) classes_train=[0, 1, 2, 3, 4, 5, 6]
[11:42:11] [load] fold=None seed=44 T=29 aggregate_days=None window_size=22 samples_per_step=480 n_train=104 (cap=15) n_test=135 (cap=25) classes_train=[0, 1, 2, 3, 4, 5, 6]
[11:42:12] [grid_knn] wasps: best k=1 gamma=0.0001 f1=0.744 (3/3 runs)
[11:42:15] [load] fold=None seed=42 T=29 aggregate_days=None window_size=22 samples_per_step=480 n_train=104 (cap=15) n_test=135 (cap=25) classes_train=[0, 1, 2, 3, 4, 5, 6]
[11:42:15] [load] fold=None seed=42 T=29 aggregate_days=None window_size=22 samples_per_step=480 n_train=104 (cap=15) n_test=135 (cap=25) classes_train=[0, 1, 2, 3, 4, 5, 6]
[11:42:15] [load] fold=None seed=42 T=29 aggregate_days=None window_size=22 samples_per_step=480 n_train=104 (cap=15) n_test=135 (cap=25) classes_train=[0, 1, 2, 3, 4, 5, 6]
[11:42:15] [load] fold=None seed=42 T=29 aggregate_days=None window_size=22 samples_per_step=480 n_train=104 (cap=15) n_test=135 (cap=25) classes_train=[0, 1, 2, 3, 4, 5, 6]
[11:42:19] [load] fold=None seed=43 T=29 aggregate_days=None window_size=22 samples_per_step=480 n_train=104 (cap=15) n_test=135 (cap=25) classes_train=[0, 1, 2, 3, 4, 5, 6]
[11:42:19] [load] fold=None seed=43 T=29 aggregate_days=None window_size=22 samples_per_step=480 n_train=104 (cap=15) n_test=135 (cap=25) classes_train=[0, 1, 2, 3, 4, 5, 6]
[11:42:19] [load] fold=None seed=43 T=29 aggregate_days=None window_size=22 samples_per_step=480 n_train=104 (cap=15) n_test=135 (cap=25) classes_train=[0, 1, 2, 3, 4, 5, 6]
[11:42:19] [load] fold=None seed=43 T=29 aggregate_days=None window_size=22 samples_per_step=480 n_train=104 (cap=15) n_test=135 (cap=25) classes_train=[0, 1, 2, 3, 4, 5, 6]
[11:42:23] [load] fold=None seed=44 T=29 aggregate_days=None window_size=22 samples_per_step=480 n_train=104 (cap=15) n_test=135 (cap=25) classes_train=[0, 1, 2, 3, 4, 5, 6]
[11:42:23] [load] fold=None seed=44 T=29 aggregate_days=None window_size=22 samples_per_step=480 n_train=104 (cap=15) n_test=135 (cap=25) classes_train=[0, 1, 2, 3, 4, 5, 6]
[11:42:23] [load] fold=None seed=44 T=29 aggregate_days=None window_size=22 samples_per_step=480 n_train=104 (cap=15) n_test=135 (cap=25) classes_train=[0, 1, 2, 3, 4, 5, 6]
[11:42:23] [load] fold=None seed=44 T=29 aggregate_days=None window_size=22 samples_per_step=480 n_train=104 (cap=15) n_test=135 (cap=25) classes_train=[0, 1, 2, 3, 4, 5, 6]
[11:42:26] [load] fold=None seed=42 T=29 aggregate_days=None window_size=22 samples_per_step=480 n_train=104 (cap=15) n_test=135 (cap=25) classes_train=[0, 1, 2, 3, 4, 5, 6]
[11:42:26] [load] fold=None seed=42 T=29 aggregate_days=None window_size=22 samples_per_step=480 n_train=104 (cap=15) n_test=135 (cap=25) classes_train=[0, 1, 2, 3, 4, 5, 6]
[11:42:26] [load] fold=None seed=42 T=29 aggregate_days=None window_size=22 samples_per_step=480 n_train=104 (cap=15) n_test=135 (cap=25) classes_train=[0, 1, 2, 3, 4, 5, 6]
[11:42:30] [load] fold=None seed=43 T=29 aggregate_days=None window_size=22 samples_per_step=480 n_train=104 (cap=15) n_test=135 (cap=25) classes_train=[0, 1, 2, 3, 4, 5, 6]
[11:42:30] [load] fold=None seed=43 T=29 aggregate_days=None window_size=22 samples_per_step=480 n_train=104 (cap=15) n_test=135 (cap=25) classes_train=[0, 1, 2, 3, 4, 5, 6]
[11:42:30] [load] fold=None seed=43 T=29 aggregate_days=None window_size=22 samples_per_step=480 n_train=104 (cap=15) n_test=135 (cap=25) classes_train=[0, 1, 2, 3, 4, 5, 6]
[11:42:33] [load] fold=None seed=44 T=29 aggregate_days=None window_size=22 samples_per_step=480 n_train=104 (cap=15) n_test=135 (cap=25) classes_train=[0, 1, 2, 3, 4, 5, 6]
[11:42:33] [load] fold=None seed=44 T=29 aggregate_days=None window_size=22 samples_per_step=480 n_train=104 (cap=15) n_test=135 (cap=25) classes_train=[0, 1, 2, 3, 4, 5, 6]
[11:42:33] [load] fold=None seed=44 T=29 aggregate_days=None window_size=22 samples_per_step=480 n_train=104 (cap=15) n_test=135 (cap=25) classes_train=[0, 1, 2, 3, 4, 5, 6]
[11:42:34] [grid_knn] wasps_nodiv: best k=1 gamma=0.0001 f1=0.747 (3/3 runs)
[11:42:37] [load] fold=None seed=42 T=29 aggregate_days=None window_size=22 samples_per_step=480 n_train=104 (cap=15) n_test=135 (cap=25) classes_train=[0, 1, 2, 3, 4, 5, 6]
[11:42:37] [load] fold=None seed=42 T=29 aggregate_days=None window_size=22 samples_per_step=480 n_train=104 (cap=15) n_test=135 (cap=25) classes_train=[0, 1, 2, 3, 4, 5, 6]
[11:42:37] [load] fold=None seed=42 T=29 aggregate_days=None window_size=22 samples_per_step=480 n_train=104 (cap=15) n_test=135 (cap=25) classes_train=[0, 1, 2, 3, 4, 5, 6]
[11:42:37] [load] fold=None seed=42 T=29 aggregate_days=None window_size=22 samples_per_step=480 n_train=104 (cap=15) n_test=135 (cap=25) classes_train=[0, 1, 2, 3, 4, 5, 6]
[11:42:41] [load] fold=None seed=43 T=29 aggregate_days=None window_size=22 samples_per_step=480 n_train=104 (cap=15) n_test=135 (cap=25) classes_train=[0, 1, 2, 3, 4, 5, 6]
[11:42:41] [load] fold=None seed=43 T=29 aggregate_days=None window_size=22 samples_per_step=480 n_train=104 (cap=15) n_test=135 (cap=25) classes_train=[0, 1, 2, 3, 4, 5, 6]
[11:42:41] [load] fold=None seed=43 T=29 aggregate_days=None window_size=22 samples_per_step=480 n_train=104 (cap=15) n_test=135 (cap=25) classes_train=[0, 1, 2, 3, 4, 5, 6]
[11:42:41] [load] fold=None seed=43 T=29 aggregate_days=None window_size=22 samples_per_step=480 n_train=104 (cap=15) n_test=135 (cap=25) classes_train=[0, 1, 2, 3, 4, 5, 6]
[11:42:45] [load] fold=None seed=44 T=29 aggregate_days=None window_size=22 samples_per_step=480 n_train=104 (cap=15) n_test=135 (cap=25) classes_train=[0, 1, 2, 3, 4, 5, 6]
[11:42:45] [load] fold=None seed=44 T=29 aggregate_days=None window_size=22 samples_per_step=480 n_train=104 (cap=15) n_test=135 (cap=25) classes_train=[0, 1, 2, 3, 4, 5, 6]
[11:42:45] [load] fold=None seed=44 T=29 aggregate_days=None window_size=22 samples_per_step=480 n_train=104 (cap=15) n_test=135 (cap=25) classes_train=[0, 1, 2, 3, 4, 5, 6]
[11:42:45] [load] fold=None seed=44 T=29 aggregate_days=None window_size=22 samples_per_step=480 n_train=104 (cap=15) n_test=135 (cap=25) classes_train=[0, 1, 2, 3, 4, 5, 6]
[11:42:48] [load] fold=None seed=42 T=29 aggregate_days=None window_size=22 samples_per_step=480 n_train=104 (cap=15) n_test=135 (cap=25) classes_train=[0, 1, 2, 3, 4, 5, 6]
[11:42:49] [load] fold=None seed=42 T=29 aggregate_days=None window_size=22 samples_per_step=480 n_train=104 (cap=15) n_test=135 (cap=25) classes_train=[0, 1, 2, 3, 4, 5, 6]
[11:42:49] [load] fold=None seed=42 T=29 aggregate_days=None window_size=22 samples_per_step=480 n_train=104 (cap=15) n_test=135 (cap=25) classes_train=[0, 1, 2, 3, 4, 5, 6]
[11:42:52] [load] fold=None seed=43 T=29 aggregate_days=None window_size=22 samples_per_step=480 n_train=104 (cap=15) n_test=135 (cap=25) classes_train=[0, 1, 2, 3, 4, 5, 6]
[11:42:52] [load] fold=None seed=43 T=29 aggregate_days=None window_size=22 samples_per_step=480 n_train=104 (cap=15) n_test=135 (cap=25) classes_train=[0, 1, 2, 3, 4, 5, 6]
[11:42:52] [load] fold=None seed=43 T=29 aggregate_days=None window_size=22 samples_per_step=480 n_train=104 (cap=15) n_test=135 (cap=25) classes_train=[0, 1, 2, 3, 4, 5, 6]
[11:42:55] [load] fold=None seed=44 T=29 aggregate_days=None window_size=22 samples_per_step=480 n_train=104 (cap=15) n_test=135 (cap=25) classes_train=[0, 1, 2, 3, 4, 5, 6]
[11:42:56] [load] fold=None seed=44 T=29 aggregate_days=None window_size=22 samples_per_step=480 n_train=104 (cap=15) n_test=135 (cap=25) classes_train=[0, 1, 2, 3, 4, 5, 6]
[11:42:56] [load] fold=None seed=44 T=29 aggregate_days=None window_size=22 samples_per_step=480 n_train=104 (cap=15) n_test=135 (cap=25) classes_train=[0, 1, 2, 3, 4, 5, 6]
[11:42:56] [grid_knn] eucl_params: best k=1 gamma=0.01 f1=0.405 (3/3 runs)
[11:42:59] [load] fold=None seed=42 T=29 aggregate_days=None window_size=22 samples_per_step=480 n_train=104 (cap=15) n_test=135 (cap=25) classes_train=[0, 1, 2, 3, 4, 5, 6]
[11:42:59] [load] fold=None seed=42 T=29 aggregate_days=None window_size=22 samples_per_step=480 n_train=104 (cap=15) n_test=135 (cap=25) classes_train=[0, 1, 2, 3, 4, 5, 6]
[11:42:59] [load] fold=None seed=42 T=29 aggregate_days=None window_size=22 samples_per_step=480 n_train=104 (cap=15) n_test=135 (cap=25) classes_train=[0, 1, 2, 3, 4, 5, 6]
[11:42:59] [load] fold=None seed=42 T=29 aggregate_days=None window_size=22 samples_per_step=480 n_train=104 (cap=15) n_test=135 (cap=25) classes_train=[0, 1, 2, 3, 4, 5, 6]
[11:43:03] [load] fold=None seed=43 T=29 aggregate_days=None window_size=22 samples_per_step=480 n_train=104 (cap=15) n_test=135 (cap=25) classes_train=[0, 1, 2, 3, 4, 5, 6]
[11:43:03] [load] fold=None seed=43 T=29 aggregate_days=None window_size=22 samples_per_step=480 n_train=104 (cap=15) n_test=135 (cap=25) classes_train=[0, 1, 2, 3, 4, 5, 6]
[11:43:03] [load] fold=None seed=43 T=29 aggregate_days=None window_size=22 samples_per_step=480 n_train=104 (cap=15) n_test=135 (cap=25) classes_train=[0, 1, 2, 3, 4, 5, 6]
[11:43:03] [load] fold=None seed=43 T=29 aggregate_days=None window_size=22 samples_per_step=480 n_train=104 (cap=15) n_test=135 (cap=25) classes_train=[0, 1, 2, 3, 4, 5, 6]
[11:43:07] [load] fold=None seed=44 T=29 aggregate_days=None window_size=22 samples_per_step=480 n_train=104 (cap=15) n_test=135 (cap=25) classes_train=[0, 1, 2, 3, 4, 5, 6]
[11:43:07] [load] fold=None seed=44 T=29 aggregate_days=None window_size=22 samples_per_step=480 n_train=104 (cap=15) n_test=135 (cap=25) classes_train=[0, 1, 2, 3, 4, 5, 6]
[11:43:07] [load] fold=None seed=44 T=29 aggregate_days=None window_size=22 samples_per_step=480 n_train=104 (cap=15) n_test=135 (cap=25) classes_train=[0, 1, 2, 3, 4, 5, 6]
[11:43:07] [load] fold=None seed=44 T=29 aggregate_days=None window_size=22 samples_per_step=480 n_train=104 (cap=15) n_test=135 (cap=25) classes_train=[0, 1, 2, 3, 4, 5, 6]
[11:43:10] [load] fold=None seed=42 T=29 aggregate_days=None window_size=22 samples_per_step=480 n_train=104 (cap=15) n_test=135 (cap=25) classes_train=[0, 1, 2, 3, 4, 5, 6]
[11:43:11] [load] fold=None seed=42 T=29 aggregate_days=None window_size=22 samples_per_step=480 n_train=104 (cap=15) n_test=135 (cap=25) classes_train=[0, 1, 2, 3, 4, 5, 6]
[11:43:11] [load] fold=None seed=42 T=29 aggregate_days=None window_size=22 samples_per_step=480 n_train=104 (cap=15) n_test=135 (cap=25) classes_train=[0, 1, 2, 3, 4, 5, 6]
[11:43:14] [load] fold=None seed=43 T=29 aggregate_days=None window_size=22 samples_per_step=480 n_train=104 (cap=15) n_test=135 (cap=25) classes_train=[0, 1, 2, 3, 4, 5, 6]
[11:43:14] [load] fold=None seed=43 T=29 aggregate_days=None window_size=22 samples_per_step=480 n_train=104 (cap=15) n_test=135 (cap=25) classes_train=[0, 1, 2, 3, 4, 5, 6]
[11:43:14] [load] fold=None seed=43 T=29 aggregate_days=None window_size=22 samples_per_step=480 n_train=104 (cap=15) n_test=135 (cap=25) classes_train=[0, 1, 2, 3, 4, 5, 6]
[11:43:17] [load] fold=None seed=44 T=29 aggregate_days=None window_size=22 samples_per_step=480 n_train=104 (cap=15) n_test=135 (cap=25) classes_train=[0, 1, 2, 3, 4, 5, 6]
[11:43:18] [load] fold=None seed=44 T=29 aggregate_days=None window_size=22 samples_per_step=480 n_train=104 (cap=15) n_test=135 (cap=25) classes_train=[0, 1, 2, 3, 4, 5, 6]
[11:43:18] [load] fold=None seed=44 T=29 aggregate_days=None window_size=22 samples_per_step=480 n_train=104 (cap=15) n_test=135 (cap=25) classes_train=[0, 1, 2, 3, 4, 5, 6]
[11:43:18] [grid_knn] eucl_params_nodiv: best k=1 gamma=0.01 f1=0.405 (3/3 runs)
[11:43:22] [load] fold=None seed=42 T=29 aggregate_days=None window_size=22 samples_per_step=480 n_train=104 (cap=15) n_test=135 (cap=25) classes_train=[0, 1, 2, 3, 4, 5, 6]
[11:43:22] [load] fold=None seed=42 T=29 aggregate_days=None window_size=22 samples_per_step=480 n_train=104 (cap=15) n_test=135 (cap=25) classes_train=[0, 1, 2, 3, 4, 5, 6]
[11:43:22] [load] fold=None seed=42 T=29 aggregate_days=None window_size=22 samples_per_step=480 n_train=104 (cap=15) n_test=135 (cap=25) classes_train=[0, 1, 2, 3, 4, 5, 6]
[11:43:22] [load] fold=None seed=42 T=29 aggregate_days=None window_size=22 samples_per_step=480 n_train=104 (cap=15) n_test=135 (cap=25) classes_train=[0, 1, 2, 3, 4, 5, 6]
[11:43:26] [load] fold=None seed=43 T=29 aggregate_days=None window_size=22 samples_per_step=480 n_train=104 (cap=15) n_test=135 (cap=25) classes_train=[0, 1, 2, 3, 4, 5, 6]
[11:43:26] [load] fold=None seed=43 T=29 aggregate_days=None window_size=22 samples_per_step=480 n_train=104 (cap=15) n_test=135 (cap=25) classes_train=[0, 1, 2, 3, 4, 5, 6]
[11:43:26] [load] fold=None seed=43 T=29 aggregate_days=None window_size=22 samples_per_step=480 n_train=104 (cap=15) n_test=135 (cap=25) classes_train=[0, 1, 2, 3, 4, 5, 6]
[11:43:26] [load] fold=None seed=43 T=29 aggregate_days=None window_size=22 samples_per_step=480 n_train=104 (cap=15) n_test=135 (cap=25) classes_train=[0, 1, 2, 3, 4, 5, 6]
[11:43:30] [load] fold=None seed=44 T=29 aggregate_days=None window_size=22 samples_per_step=480 n_train=104 (cap=15) n_test=135 (cap=25) classes_train=[0, 1, 2, 3, 4, 5, 6]
[11:43:30] [load] fold=None seed=44 T=29 aggregate_days=None window_size=22 samples_per_step=480 n_train=104 (cap=15) n_test=135 (cap=25) classes_train=[0, 1, 2, 3, 4, 5, 6]
[11:43:30] [load] fold=None seed=44 T=29 aggregate_days=None window_size=22 samples_per_step=480 n_train=104 (cap=15) n_test=135 (cap=25) classes_train=[0, 1, 2, 3, 4, 5, 6]
[11:43:30] [load] fold=None seed=44 T=29 aggregate_days=None window_size=22 samples_per_step=480 n_train=104 (cap=15) n_test=135 (cap=25) classes_train=[0, 1, 2, 3, 4, 5, 6]
[11:43:34] [load] fold=None seed=42 T=29 aggregate_days=None window_size=22 samples_per_step=480 n_train=104 (cap=15) n_test=135 (cap=25) classes_train=[0, 1, 2, 3, 4, 5, 6]
[11:43:34] [load] fold=None seed=42 T=29 aggregate_days=None window_size=22 samples_per_step=480 n_train=104 (cap=15) n_test=135 (cap=25) classes_train=[0, 1, 2, 3, 4, 5, 6]
[11:43:34] [load] fold=None seed=42 T=29 aggregate_days=None window_size=22 samples_per_step=480 n_train=104 (cap=15) n_test=135 (cap=25) classes_train=[0, 1, 2, 3, 4, 5, 6]
[11:43:38] [load] fold=None seed=43 T=29 aggregate_days=None window_size=22 samples_per_step=480 n_train=104 (cap=15) n_test=135 (cap=25) classes_train=[0, 1, 2, 3, 4, 5, 6]
[11:43:38] [load] fold=None seed=43 T=29 aggregate_days=None window_size=22 samples_per_step=480 n_train=104 (cap=15) n_test=135 (cap=25) classes_train=[0, 1, 2, 3, 4, 5, 6]
[11:43:38] [load] fold=None seed=43 T=29 aggregate_days=None window_size=22 samples_per_step=480 n_train=104 (cap=15) n_test=135 (cap=25) classes_train=[0, 1, 2, 3, 4, 5, 6]
[11:43:41] [load] fold=None seed=44 T=29 aggregate_days=None window_size=22 samples_per_step=480 n_train=104 (cap=15) n_test=135 (cap=25) classes_train=[0, 1, 2, 3, 4, 5, 6]
[11:43:41] [load] fold=None seed=44 T=29 aggregate_days=None window_size=22 samples_per_step=480 n_train=104 (cap=15) n_test=135 (cap=25) classes_train=[0, 1, 2, 3, 4, 5, 6]
[11:43:41] [load] fold=None seed=44 T=29 aggregate_days=None window_size=22 samples_per_step=480 n_train=104 (cap=15) n_test=135 (cap=25) classes_train=[0, 1, 2, 3, 4, 5, 6]
[11:43:42] [grid_knn] eucl_raw: best k=1 gamma=0.0001 f1=0.607 (3/3 runs)
[11:43:46] [load] fold=None seed=42 T=29 aggregate_days=None window_size=22 samples_per_step=480 n_train=104 (cap=15) n_test=135 (cap=25) classes_train=[0, 1, 2, 3, 4, 5, 6]
[11:43:46] [load] fold=None seed=42 T=29 aggregate_days=None window_size=22 samples_per_step=480 n_train=104 (cap=15) n_test=135 (cap=25) classes_train=[0, 1, 2, 3, 4, 5, 6]
[11:43:46] [load] fold=None seed=42 T=29 aggregate_days=None window_size=22 samples_per_step=480 n_train=104 (cap=15) n_test=135 (cap=25) classes_train=[0, 1, 2, 3, 4, 5, 6]
[11:43:46] [load] fold=None seed=42 T=29 aggregate_days=None window_size=22 samples_per_step=480 n_train=104 (cap=15) n_test=135 (cap=25) classes_train=[0, 1, 2, 3, 4, 5, 6]
[11:43:50] [load] fold=None seed=43 T=29 aggregate_days=None window_size=22 samples_per_step=480 n_train=104 (cap=15) n_test=135 (cap=25) classes_train=[0, 1, 2, 3, 4, 5, 6]
[11:43:50] [load] fold=None seed=43 T=29 aggregate_days=None window_size=22 samples_per_step=480 n_train=104 (cap=15) n_test=135 (cap=25) classes_train=[0, 1, 2, 3, 4, 5, 6]
[11:43:50] [load] fold=None seed=43 T=29 aggregate_days=None window_size=22 samples_per_step=480 n_train=104 (cap=15) n_test=135 (cap=25) classes_train=[0, 1, 2, 3, 4, 5, 6]
[11:43:50] [load] fold=None seed=43 T=29 aggregate_days=None window_size=22 samples_per_step=480 n_train=104 (cap=15) n_test=135 (cap=25) classes_train=[0, 1, 2, 3, 4, 5, 6]
[11:43:54] [load] fold=None seed=44 T=29 aggregate_days=None window_size=22 samples_per_step=480 n_train=104 (cap=15) n_test=135 (cap=25) classes_train=[0, 1, 2, 3, 4, 5, 6]
[11:43:54] [load] fold=None seed=44 T=29 aggregate_days=None window_size=22 samples_per_step=480 n_train=104 (cap=15) n_test=135 (cap=25) classes_train=[0, 1, 2, 3, 4, 5, 6]
[11:43:54] [load] fold=None seed=44 T=29 aggregate_days=None window_size=22 samples_per_step=480 n_train=104 (cap=15) n_test=135 (cap=25) classes_train=[0, 1, 2, 3, 4, 5, 6]
[11:43:54] [load] fold=None seed=44 T=29 aggregate_days=None window_size=22 samples_per_step=480 n_train=104 (cap=15) n_test=135 (cap=25) classes_train=[0, 1, 2, 3, 4, 5, 6]
[11:43:58] [load] fold=None seed=42 T=29 aggregate_days=None window_size=22 samples_per_step=480 n_train=104 (cap=15) n_test=135 (cap=25) classes_train=[0, 1, 2, 3, 4, 5, 6]
[11:43:58] [load] fold=None seed=42 T=29 aggregate_days=None window_size=22 samples_per_step=480 n_train=104 (cap=15) n_test=135 (cap=25) classes_train=[0, 1, 2, 3, 4, 5, 6]
[11:43:58] [load] fold=None seed=42 T=29 aggregate_days=None window_size=22 samples_per_step=480 n_train=104 (cap=15) n_test=135 (cap=25) classes_train=[0, 1, 2, 3, 4, 5, 6]
[11:44:02] [load] fold=None seed=43 T=29 aggregate_days=None window_size=22 samples_per_step=480 n_train=104 (cap=15) n_test=135 (cap=25) classes_train=[0, 1, 2, 3, 4, 5, 6]
[11:44:02] [load] fold=None seed=43 T=29 aggregate_days=None window_size=22 samples_per_step=480 n_train=104 (cap=15) n_test=135 (cap=25) classes_train=[0, 1, 2, 3, 4, 5, 6]
[11:44:02] [load] fold=None seed=43 T=29 aggregate_days=None window_size=22 samples_per_step=480 n_train=104 (cap=15) n_test=135 (cap=25) classes_train=[0, 1, 2, 3, 4, 5, 6]
[11:44:06] [load] fold=None seed=44 T=29 aggregate_days=None window_size=22 samples_per_step=480 n_train=104 (cap=15) n_test=135 (cap=25) classes_train=[0, 1, 2, 3, 4, 5, 6]
[11:44:06] [load] fold=None seed=44 T=29 aggregate_days=None window_size=22 samples_per_step=480 n_train=104 (cap=15) n_test=135 (cap=25) classes_train=[0, 1, 2, 3, 4, 5, 6]
[11:44:06] [load] fold=None seed=44 T=29 aggregate_days=None window_size=22 samples_per_step=480 n_train=104 (cap=15) n_test=135 (cap=25) classes_train=[0, 1, 2, 3, 4, 5, 6]
[11:44:06] [grid_knn] eucl_raw_nodiv: best k=1 gamma=0.0001 f1=0.607 (3/3 runs)
[11:44:06] [optimize_gamma/cpazmal] knn: sta @ reduced scale {'samples_per_step': 8, 'max_train_per_class': 3, 'max_test_per_class': 1}, n_jobs=2
[11:44:11] [load] fold=None seed=42 T=29 aggregate_days=None window_size=22 samples_per_step=8 n_train=21 (cap=3) n_test=7 (cap=1) classes_train=[0, 1, 2, 3, 4, 5, 6]
[11:44:11] [load] fold=None seed=42 T=29 aggregate_days=None window_size=22 samples_per_step=8 n_train=21 (cap=3) n_test=7 (cap=1) classes_train=[0, 1, 2, 3, 4, 5, 6]
[11:44:25] [load] fold=None seed=43 T=29 aggregate_days=None window_size=22 samples_per_step=8 n_train=21 (cap=3) n_test=7 (cap=1) classes_train=[0, 1, 2, 3, 4, 5, 6]
[11:44:25] [load] fold=None seed=43 T=29 aggregate_days=None window_size=22 samples_per_step=8 n_train=21 (cap=3) n_test=7 (cap=1) classes_train=[0, 1, 2, 3, 4, 5, 6]
[11:44:38] [load] fold=None seed=44 T=29 aggregate_days=None window_size=22 samples_per_step=8 n_train=21 (cap=3) n_test=7 (cap=1) classes_train=[0, 1, 2, 3, 4, 5, 6]
[11:44:38] [load] fold=None seed=44 T=29 aggregate_days=None window_size=22 samples_per_step=8 n_train=21 (cap=3) n_test=7 (cap=1) classes_train=[0, 1, 2, 3, 4, 5, 6]
[11:44:51] [load] fold=None seed=42 T=29 aggregate_days=None window_size=22 samples_per_step=8 n_train=21 (cap=3) n_test=7 (cap=1) classes_train=[0, 1, 2, 3, 4, 5, 6]
[11:44:51] [load] fold=None seed=42 T=29 aggregate_days=None window_size=22 samples_per_step=8 n_train=21 (cap=3) n_test=7 (cap=1) classes_train=[0, 1, 2, 3, 4, 5, 6]
[11:45:05] [load] fold=None seed=43 T=29 aggregate_days=None window_size=22 samples_per_step=8 n_train=21 (cap=3) n_test=7 (cap=1) classes_train=[0, 1, 2, 3, 4, 5, 6]
[11:45:05] [load] fold=None seed=43 T=29 aggregate_days=None window_size=22 samples_per_step=8 n_train=21 (cap=3) n_test=7 (cap=1) classes_train=[0, 1, 2, 3, 4, 5, 6]
[11:45:18] [load] fold=None seed=44 T=29 aggregate_days=None window_size=22 samples_per_step=8 n_train=21 (cap=3) n_test=7 (cap=1) classes_train=[0, 1, 2, 3, 4, 5, 6]
[11:45:18] [load] fold=None seed=44 T=29 aggregate_days=None window_size=22 samples_per_step=8 n_train=21 (cap=3) n_test=7 (cap=1) classes_train=[0, 1, 2, 3, 4, 5, 6]
[11:45:35] [load] fold=None seed=42 T=29 aggregate_days=None window_size=22 samples_per_step=8 n_train=21 (cap=3) n_test=7 (cap=1) classes_train=[0, 1, 2, 3, 4, 5, 6]
[11:45:36] [load] fold=None seed=42 T=29 aggregate_days=None window_size=22 samples_per_step=8 n_train=21 (cap=3) n_test=7 (cap=1) classes_train=[0, 1, 2, 3, 4, 5, 6]
[11:45:48] [load] fold=None seed=43 T=29 aggregate_days=None window_size=22 samples_per_step=8 n_train=21 (cap=3) n_test=7 (cap=1) classes_train=[0, 1, 2, 3, 4, 5, 6]
[11:45:49] [load] fold=None seed=43 T=29 aggregate_days=None window_size=22 samples_per_step=8 n_train=21 (cap=3) n_test=7 (cap=1) classes_train=[0, 1, 2, 3, 4, 5, 6]
[11:46:01] [load] fold=None seed=44 T=29 aggregate_days=None window_size=22 samples_per_step=8 n_train=21 (cap=3) n_test=7 (cap=1) classes_train=[0, 1, 2, 3, 4, 5, 6]
[11:46:02] [load] fold=None seed=44 T=29 aggregate_days=None window_size=22 samples_per_step=8 n_train=21 (cap=3) n_test=7 (cap=1) classes_train=[0, 1, 2, 3, 4, 5, 6]
[11:46:14] [load] fold=None seed=42 T=29 aggregate_days=None window_size=22 samples_per_step=8 n_train=21 (cap=3) n_test=7 (cap=1) classes_train=[0, 1, 2, 3, 4, 5, 6]
[11:46:27] [load] fold=None seed=43 T=29 aggregate_days=None window_size=22 samples_per_step=8 n_train=21 (cap=3) n_test=7 (cap=1) classes_train=[0, 1, 2, 3, 4, 5, 6]
[11:46:39] [load] fold=None seed=44 T=29 aggregate_days=None window_size=22 samples_per_step=8 n_train=21 (cap=3) n_test=7 (cap=1) classes_train=[0, 1, 2, 3, 4, 5, 6]
[11:46:50] [grid_knn] sta: best k=1 gamma=0.0001 f1=0.698 (3/3 runs)
[11:46:50] [optimize_gamma/cpazmal] barycenter: 6 methods @ samples_per_step=480, n_jobs=4
[11:46:56] [load] fold=None seed=42 T=29 aggregate_days=None window_size=22 samples_per_step=480 n_train=104 (cap=15) n_test=135 (cap=25) classes_train=[0, 1, 2, 3, 4, 5, 6]
[11:46:56] [load] fold=None seed=42 T=29 aggregate_days=None window_size=22 samples_per_step=480 n_train=104 (cap=15) n_test=135 (cap=25) classes_train=[0, 1, 2, 3, 4, 5, 6]
[11:46:56] [load] fold=None seed=42 T=29 aggregate_days=None window_size=22 samples_per_step=480 n_train=104 (cap=15) n_test=135 (cap=25) classes_train=[0, 1, 2, 3, 4, 5, 6]
[11:46:56] [load] fold=None seed=42 T=29 aggregate_days=None window_size=22 samples_per_step=480 n_train=104 (cap=15) n_test=135 (cap=25) classes_train=[0, 1, 2, 3, 4, 5, 6]
[11:47:05] [load] fold=None seed=43 T=29 aggregate_days=None window_size=22 samples_per_step=480 n_train=104 (cap=15) n_test=135 (cap=25) classes_train=[0, 1, 2, 3, 4, 5, 6]
[11:47:05] [load] fold=None seed=43 T=29 aggregate_days=None window_size=22 samples_per_step=480 n_train=104 (cap=15) n_test=135 (cap=25) classes_train=[0, 1, 2, 3, 4, 5, 6]
[11:47:05] [load] fold=None seed=43 T=29 aggregate_days=None window_size=22 samples_per_step=480 n_train=104 (cap=15) n_test=135 (cap=25) classes_train=[0, 1, 2, 3, 4, 5, 6]
[11:47:05] [load] fold=None seed=43 T=29 aggregate_days=None window_size=22 samples_per_step=480 n_train=104 (cap=15) n_test=135 (cap=25) classes_train=[0, 1, 2, 3, 4, 5, 6]
[11:47:13] [load] fold=None seed=44 T=29 aggregate_days=None window_size=22 samples_per_step=480 n_train=104 (cap=15) n_test=135 (cap=25) classes_train=[0, 1, 2, 3, 4, 5, 6]
[11:47:13] [load] fold=None seed=44 T=29 aggregate_days=None window_size=22 samples_per_step=480 n_train=104 (cap=15) n_test=135 (cap=25) classes_train=[0, 1, 2, 3, 4, 5, 6]
[11:47:14] [load] fold=None seed=44 T=29 aggregate_days=None window_size=22 samples_per_step=480 n_train=104 (cap=15) n_test=135 (cap=25) classes_train=[0, 1, 2, 3, 4, 5, 6]
[11:47:14] [load] fold=None seed=44 T=29 aggregate_days=None window_size=22 samples_per_step=480 n_train=104 (cap=15) n_test=135 (cap=25) classes_train=[0, 1, 2, 3, 4, 5, 6]
[11:47:21] [load] fold=None seed=42 T=29 aggregate_days=None window_size=22 samples_per_step=480 n_train=104 (cap=15) n_test=135 (cap=25) classes_train=[0, 1, 2, 3, 4, 5, 6]
[11:47:22] [load] fold=None seed=42 T=29 aggregate_days=None window_size=22 samples_per_step=480 n_train=104 (cap=15) n_test=135 (cap=25) classes_train=[0, 1, 2, 3, 4, 5, 6]
[11:47:22] [load] fold=None seed=42 T=29 aggregate_days=None window_size=22 samples_per_step=480 n_train=104 (cap=15) n_test=135 (cap=25) classes_train=[0, 1, 2, 3, 4, 5, 6]
[11:47:29] [load] fold=None seed=43 T=29 aggregate_days=None window_size=22 samples_per_step=480 n_train=104 (cap=15) n_test=135 (cap=25) classes_train=[0, 1, 2, 3, 4, 5, 6]
[11:47:29] [load] fold=None seed=43 T=29 aggregate_days=None window_size=22 samples_per_step=480 n_train=104 (cap=15) n_test=135 (cap=25) classes_train=[0, 1, 2, 3, 4, 5, 6]
[11:47:29] [load] fold=None seed=43 T=29 aggregate_days=None window_size=22 samples_per_step=480 n_train=104 (cap=15) n_test=135 (cap=25) classes_train=[0, 1, 2, 3, 4, 5, 6]
[11:47:36] [load] fold=None seed=44 T=29 aggregate_days=None window_size=22 samples_per_step=480 n_train=104 (cap=15) n_test=135 (cap=25) classes_train=[0, 1, 2, 3, 4, 5, 6]
[11:47:36] [load] fold=None seed=44 T=29 aggregate_days=None window_size=22 samples_per_step=480 n_train=104 (cap=15) n_test=135 (cap=25) classes_train=[0, 1, 2, 3, 4, 5, 6]
[11:47:37] [load] fold=None seed=44 T=29 aggregate_days=None window_size=22 samples_per_step=480 n_train=104 (cap=15) n_test=135 (cap=25) classes_train=[0, 1, 2, 3, 4, 5, 6]
[11:47:41] [grid_bary] wasps: best lr=0.05 gamma=0.01 f1=0.587 (3/3 runs)
[11:47:44] [load] fold=None seed=42 T=29 aggregate_days=None window_size=22 samples_per_step=480 n_train=104 (cap=15) n_test=135 (cap=25) classes_train=[0, 1, 2, 3, 4, 5, 6]
[11:47:44] [load] fold=None seed=42 T=29 aggregate_days=None window_size=22 samples_per_step=480 n_train=104 (cap=15) n_test=135 (cap=25) classes_train=[0, 1, 2, 3, 4, 5, 6]
[11:47:44] [load] fold=None seed=42 T=29 aggregate_days=None window_size=22 samples_per_step=480 n_train=104 (cap=15) n_test=135 (cap=25) classes_train=[0, 1, 2, 3, 4, 5, 6]
[11:47:44] [load] fold=None seed=42 T=29 aggregate_days=None window_size=22 samples_per_step=480 n_train=104 (cap=15) n_test=135 (cap=25) classes_train=[0, 1, 2, 3, 4, 5, 6]
[11:47:50] [load] fold=None seed=43 T=29 aggregate_days=None window_size=22 samples_per_step=480 n_train=104 (cap=15) n_test=135 (cap=25) classes_train=[0, 1, 2, 3, 4, 5, 6]
[11:47:51] [load] fold=None seed=43 T=29 aggregate_days=None window_size=22 samples_per_step=480 n_train=104 (cap=15) n_test=135 (cap=25) classes_train=[0, 1, 2, 3, 4, 5, 6]
[11:47:51] [load] fold=None seed=43 T=29 aggregate_days=None window_size=22 samples_per_step=480 n_train=104 (cap=15) n_test=135 (cap=25) classes_train=[0, 1, 2, 3, 4, 5, 6]
[11:47:51] [load] fold=None seed=43 T=29 aggregate_days=None window_size=22 samples_per_step=480 n_train=104 (cap=15) n_test=135 (cap=25) classes_train=[0, 1, 2, 3, 4, 5, 6]
[11:47:56] [load] fold=None seed=44 T=29 aggregate_days=None window_size=22 samples_per_step=480 n_train=104 (cap=15) n_test=135 (cap=25) classes_train=[0, 1, 2, 3, 4, 5, 6]
[11:47:57] [load] fold=None seed=44 T=29 aggregate_days=None window_size=22 samples_per_step=480 n_train=104 (cap=15) n_test=135 (cap=25) classes_train=[0, 1, 2, 3, 4, 5, 6]
[11:47:57] [load] fold=None seed=44 T=29 aggregate_days=None window_size=22 samples_per_step=480 n_train=104 (cap=15) n_test=135 (cap=25) classes_train=[0, 1, 2, 3, 4, 5, 6]
[11:47:57] [load] fold=None seed=44 T=29 aggregate_days=None window_size=22 samples_per_step=480 n_train=104 (cap=15) n_test=135 (cap=25) classes_train=[0, 1, 2, 3, 4, 5, 6]
[11:48:02] [load] fold=None seed=42 T=29 aggregate_days=None window_size=22 samples_per_step=480 n_train=104 (cap=15) n_test=135 (cap=25) classes_train=[0, 1, 2, 3, 4, 5, 6]
[11:48:03] [load] fold=None seed=42 T=29 aggregate_days=None window_size=22 samples_per_step=480 n_train=104 (cap=15) n_test=135 (cap=25) classes_train=[0, 1, 2, 3, 4, 5, 6]
[11:48:03] [load] fold=None seed=42 T=29 aggregate_days=None window_size=22 samples_per_step=480 n_train=104 (cap=15) n_test=135 (cap=25) classes_train=[0, 1, 2, 3, 4, 5, 6]
[11:48:06] [load] fold=None seed=43 T=29 aggregate_days=None window_size=22 samples_per_step=480 n_train=104 (cap=15) n_test=135 (cap=25) classes_train=[0, 1, 2, 3, 4, 5, 6]
[11:48:08] [load] fold=None seed=43 T=29 aggregate_days=None window_size=22 samples_per_step=480 n_train=104 (cap=15) n_test=135 (cap=25) classes_train=[0, 1, 2, 3, 4, 5, 6]
[11:48:08] [load] fold=None seed=43 T=29 aggregate_days=None window_size=22 samples_per_step=480 n_train=104 (cap=15) n_test=135 (cap=25) classes_train=[0, 1, 2, 3, 4, 5, 6]
[11:48:11] [load] fold=None seed=44 T=29 aggregate_days=None window_size=22 samples_per_step=480 n_train=104 (cap=15) n_test=135 (cap=25) classes_train=[0, 1, 2, 3, 4, 5, 6]
[11:48:12] [load] fold=None seed=44 T=29 aggregate_days=None window_size=22 samples_per_step=480 n_train=104 (cap=15) n_test=135 (cap=25) classes_train=[0, 1, 2, 3, 4, 5, 6]
[11:48:12] [load] fold=None seed=44 T=29 aggregate_days=None window_size=22 samples_per_step=480 n_train=104 (cap=15) n_test=135 (cap=25) classes_train=[0, 1, 2, 3, 4, 5, 6]
[11:48:14] [grid_bary] wasps_nodiv: best lr=0.05 gamma=0.01 f1=0.605 (3/3 runs)
[11:48:17] [load] fold=None seed=42 T=29 aggregate_days=None window_size=22 samples_per_step=480 n_train=104 (cap=15) n_test=135 (cap=25) classes_train=[0, 1, 2, 3, 4, 5, 6]
[11:48:17] [load] fold=None seed=42 T=29 aggregate_days=None window_size=22 samples_per_step=480 n_train=104 (cap=15) n_test=135 (cap=25) classes_train=[0, 1, 2, 3, 4, 5, 6]
[11:48:17] [load] fold=None seed=42 T=29 aggregate_days=None window_size=22 samples_per_step=480 n_train=104 (cap=15) n_test=135 (cap=25) classes_train=[0, 1, 2, 3, 4, 5, 6]
[11:48:17] [load] fold=None seed=42 T=29 aggregate_days=None window_size=22 samples_per_step=480 n_train=104 (cap=15) n_test=135 (cap=25) classes_train=[0, 1, 2, 3, 4, 5, 6]
[11:48:24] [load] fold=None seed=43 T=29 aggregate_days=None window_size=22 samples_per_step=480 n_train=104 (cap=15) n_test=135 (cap=25) classes_train=[0, 1, 2, 3, 4, 5, 6]
[11:48:24] [load] fold=None seed=43 T=29 aggregate_days=None window_size=22 samples_per_step=480 n_train=104 (cap=15) n_test=135 (cap=25) classes_train=[0, 1, 2, 3, 4, 5, 6]
[11:48:24] [load] fold=None seed=43 T=29 aggregate_days=None window_size=22 samples_per_step=480 n_train=104 (cap=15) n_test=135 (cap=25) classes_train=[0, 1, 2, 3, 4, 5, 6]
[11:48:24] [load] fold=None seed=43 T=29 aggregate_days=None window_size=22 samples_per_step=480 n_train=104 (cap=15) n_test=135 (cap=25) classes_train=[0, 1, 2, 3, 4, 5, 6]
[11:48:29] [load] fold=None seed=44 T=29 aggregate_days=None window_size=22 samples_per_step=480 n_train=104 (cap=15) n_test=135 (cap=25) classes_train=[0, 1, 2, 3, 4, 5, 6]
[11:48:29] [load] fold=None seed=44 T=29 aggregate_days=None window_size=22 samples_per_step=480 n_train=104 (cap=15) n_test=135 (cap=25) classes_train=[0, 1, 2, 3, 4, 5, 6]
[11:48:29] [load] fold=None seed=44 T=29 aggregate_days=None window_size=22 samples_per_step=480 n_train=104 (cap=15) n_test=135 (cap=25) classes_train=[0, 1, 2, 3, 4, 5, 6]
[11:48:29] [load] fold=None seed=44 T=29 aggregate_days=None window_size=22 samples_per_step=480 n_train=104 (cap=15) n_test=135 (cap=25) classes_train=[0, 1, 2, 3, 4, 5, 6]
[11:48:35] [load] fold=None seed=42 T=29 aggregate_days=None window_size=22 samples_per_step=480 n_train=104 (cap=15) n_test=135 (cap=25) classes_train=[0, 1, 2, 3, 4, 5, 6]
[11:48:35] [load] fold=None seed=42 T=29 aggregate_days=None window_size=22 samples_per_step=480 n_train=104 (cap=15) n_test=135 (cap=25) classes_train=[0, 1, 2, 3, 4, 5, 6]
[11:48:35] [load] fold=None seed=42 T=29 aggregate_days=None window_size=22 samples_per_step=480 n_train=104 (cap=15) n_test=135 (cap=25) classes_train=[0, 1, 2, 3, 4, 5, 6]
[11:48:39] [load] fold=None seed=43 T=29 aggregate_days=None window_size=22 samples_per_step=480 n_train=104 (cap=15) n_test=135 (cap=25) classes_train=[0, 1, 2, 3, 4, 5, 6]
[11:48:40] [load] fold=None seed=43 T=29 aggregate_days=None window_size=22 samples_per_step=480 n_train=104 (cap=15) n_test=135 (cap=25) classes_train=[0, 1, 2, 3, 4, 5, 6]
[11:48:40] [load] fold=None seed=43 T=29 aggregate_days=None window_size=22 samples_per_step=480 n_train=104 (cap=15) n_test=135 (cap=25) classes_train=[0, 1, 2, 3, 4, 5, 6]
[11:48:44] [load] fold=None seed=44 T=29 aggregate_days=None window_size=22 samples_per_step=480 n_train=104 (cap=15) n_test=135 (cap=25) classes_train=[0, 1, 2, 3, 4, 5, 6]
[11:48:44] [load] fold=None seed=44 T=29 aggregate_days=None window_size=22 samples_per_step=480 n_train=104 (cap=15) n_test=135 (cap=25) classes_train=[0, 1, 2, 3, 4, 5, 6]
[11:48:44] [load] fold=None seed=44 T=29 aggregate_days=None window_size=22 samples_per_step=480 n_train=104 (cap=15) n_test=135 (cap=25) classes_train=[0, 1, 2, 3, 4, 5, 6]
[11:48:46] [grid_bary] eucl_params: best lr=0.05 gamma=0.01 f1=0.447 (3/3 runs)
[11:48:49] [load] fold=None seed=42 T=29 aggregate_days=None window_size=22 samples_per_step=480 n_train=104 (cap=15) n_test=135 (cap=25) classes_train=[0, 1, 2, 3, 4, 5, 6]
[11:48:49] [load] fold=None seed=42 T=29 aggregate_days=None window_size=22 samples_per_step=480 n_train=104 (cap=15) n_test=135 (cap=25) classes_train=[0, 1, 2, 3, 4, 5, 6]
[11:48:49] [load] fold=None seed=42 T=29 aggregate_days=None window_size=22 samples_per_step=480 n_train=104 (cap=15) n_test=135 (cap=25) classes_train=[0, 1, 2, 3, 4, 5, 6]
[11:48:51] [load] fold=None seed=42 T=29 aggregate_days=None window_size=22 samples_per_step=480 n_train=104 (cap=15) n_test=135 (cap=25) classes_train=[0, 1, 2, 3, 4, 5, 6]
[11:48:54] [load] fold=None seed=43 T=29 aggregate_days=None window_size=22 samples_per_step=480 n_train=104 (cap=15) n_test=135 (cap=25) classes_train=[0, 1, 2, 3, 4, 5, 6]
[11:48:54] [load] fold=None seed=43 T=29 aggregate_days=None window_size=22 samples_per_step=480 n_train=104 (cap=15) n_test=135 (cap=25) classes_train=[0, 1, 2, 3, 4, 5, 6]
[11:48:55] [load] fold=None seed=43 T=29 aggregate_days=None window_size=22 samples_per_step=480 n_train=104 (cap=15) n_test=135 (cap=25) classes_train=[0, 1, 2, 3, 4, 5, 6]
[11:48:56] [load] fold=None seed=43 T=29 aggregate_days=None window_size=22 samples_per_step=480 n_train=104 (cap=15) n_test=135 (cap=25) classes_train=[0, 1, 2, 3, 4, 5, 6]
[11:48:59] [load] fold=None seed=44 T=29 aggregate_days=None window_size=22 samples_per_step=480 n_train=104 (cap=15) n_test=135 (cap=25) classes_train=[0, 1, 2, 3, 4, 5, 6]
[11:48:59] [load] fold=None seed=44 T=29 aggregate_days=None window_size=22 samples_per_step=480 n_train=104 (cap=15) n_test=135 (cap=25) classes_train=[0, 1, 2, 3, 4, 5, 6]
[11:48:59] [load] fold=None seed=44 T=29 aggregate_days=None window_size=22 samples_per_step=480 n_train=104 (cap=15) n_test=135 (cap=25) classes_train=[0, 1, 2, 3, 4, 5, 6]
[11:49:01] [load] fold=None seed=44 T=29 aggregate_days=None window_size=22 samples_per_step=480 n_train=104 (cap=15) n_test=135 (cap=25) classes_train=[0, 1, 2, 3, 4, 5, 6]
[11:49:03] [load] fold=None seed=42 T=29 aggregate_days=None window_size=22 samples_per_step=480 n_train=104 (cap=15) n_test=135 (cap=25) classes_train=[0, 1, 2, 3, 4, 5, 6]
[11:49:04] [load] fold=None seed=42 T=29 aggregate_days=None window_size=22 samples_per_step=480 n_train=104 (cap=15) n_test=135 (cap=25) classes_train=[0, 1, 2, 3, 4, 5, 6]
[11:49:04] [load] fold=None seed=42 T=29 aggregate_days=None window_size=22 samples_per_step=480 n_train=104 (cap=15) n_test=135 (cap=25) classes_train=[0, 1, 2, 3, 4, 5, 6]
[11:49:08] [load] fold=None seed=43 T=29 aggregate_days=None window_size=22 samples_per_step=480 n_train=104 (cap=15) n_test=135 (cap=25) classes_train=[0, 1, 2, 3, 4, 5, 6]
[11:49:08] [load] fold=None seed=43 T=29 aggregate_days=None window_size=22 samples_per_step=480 n_train=104 (cap=15) n_test=135 (cap=25) classes_train=[0, 1, 2, 3, 4, 5, 6]
[11:49:08] [load] fold=None seed=43 T=29 aggregate_days=None window_size=22 samples_per_step=480 n_train=104 (cap=15) n_test=135 (cap=25) classes_train=[0, 1, 2, 3, 4, 5, 6]
[11:49:11] [load] fold=None seed=44 T=29 aggregate_days=None window_size=22 samples_per_step=480 n_train=104 (cap=15) n_test=135 (cap=25) classes_train=[0, 1, 2, 3, 4, 5, 6]
[11:49:12] [load] fold=None seed=44 T=29 aggregate_days=None window_size=22 samples_per_step=480 n_train=104 (cap=15) n_test=135 (cap=25) classes_train=[0, 1, 2, 3, 4, 5, 6]
[11:49:12] [load] fold=None seed=44 T=29 aggregate_days=None window_size=22 samples_per_step=480 n_train=104 (cap=15) n_test=135 (cap=25) classes_train=[0, 1, 2, 3, 4, 5, 6]
[11:49:13] [grid_bary] eucl_params_nodiv: best lr=0.05 gamma=0.1 f1=0.452 (3/3 runs)
[11:49:17] [load] fold=None seed=42 T=29 aggregate_days=None window_size=22 samples_per_step=480 n_train=104 (cap=15) n_test=135 (cap=25) classes_train=[0, 1, 2, 3, 4, 5, 6]
[11:49:17] [load] fold=None seed=42 T=29 aggregate_days=None window_size=22 samples_per_step=480 n_train=104 (cap=15) n_test=135 (cap=25) classes_train=[0, 1, 2, 3, 4, 5, 6]
[11:49:18] [load] fold=None seed=42 T=29 aggregate_days=None window_size=22 samples_per_step=480 n_train=104 (cap=15) n_test=135 (cap=25) classes_train=[0, 1, 2, 3, 4, 5, 6]
[11:49:18] [load] fold=None seed=42 T=29 aggregate_days=None window_size=22 samples_per_step=480 n_train=104 (cap=15) n_test=135 (cap=25) classes_train=[0, 1, 2, 3, 4, 5, 6]
[11:49:26] [load] fold=None seed=43 T=29 aggregate_days=None window_size=22 samples_per_step=480 n_train=104 (cap=15) n_test=135 (cap=25) classes_train=[0, 1, 2, 3, 4, 5, 6]
[11:49:26] [load] fold=None seed=43 T=29 aggregate_days=None window_size=22 samples_per_step=480 n_train=104 (cap=15) n_test=135 (cap=25) classes_train=[0, 1, 2, 3, 4, 5, 6]
[11:49:27] [load] fold=None seed=43 T=29 aggregate_days=None window_size=22 samples_per_step=480 n_train=104 (cap=15) n_test=135 (cap=25) classes_train=[0, 1, 2, 3, 4, 5, 6]
[11:49:28] [load] fold=None seed=43 T=29 aggregate_days=None window_size=22 samples_per_step=480 n_train=104 (cap=15) n_test=135 (cap=25) classes_train=[0, 1, 2, 3, 4, 5, 6]
[11:49:33] [load] fold=None seed=44 T=29 aggregate_days=None window_size=22 samples_per_step=480 n_train=104 (cap=15) n_test=135 (cap=25) classes_train=[0, 1, 2, 3, 4, 5, 6]
[11:49:33] [load] fold=None seed=44 T=29 aggregate_days=None window_size=22 samples_per_step=480 n_train=104 (cap=15) n_test=135 (cap=25) classes_train=[0, 1, 2, 3, 4, 5, 6]
[11:49:35] [load] fold=None seed=44 T=29 aggregate_days=None window_size=22 samples_per_step=480 n_train=104 (cap=15) n_test=135 (cap=25) classes_train=[0, 1, 2, 3, 4, 5, 6]
[11:49:36] [load] fold=None seed=44 T=29 aggregate_days=None window_size=22 samples_per_step=480 n_train=104 (cap=15) n_test=135 (cap=25) classes_train=[0, 1, 2, 3, 4, 5, 6]
[11:49:41] [load] fold=None seed=42 T=29 aggregate_days=None window_size=22 samples_per_step=480 n_train=104 (cap=15) n_test=135 (cap=25) classes_train=[0, 1, 2, 3, 4, 5, 6]
[11:49:42] [load] fold=None seed=42 T=29 aggregate_days=None window_size=22 samples_per_step=480 n_train=104 (cap=15) n_test=135 (cap=25) classes_train=[0, 1, 2, 3, 4, 5, 6]
[11:49:43] [load] fold=None seed=42 T=29 aggregate_days=None window_size=22 samples_per_step=480 n_train=104 (cap=15) n_test=135 (cap=25) classes_train=[0, 1, 2, 3, 4, 5, 6]
[11:49:48] [load] fold=None seed=43 T=29 aggregate_days=None window_size=22 samples_per_step=480 n_train=104 (cap=15) n_test=135 (cap=25) classes_train=[0, 1, 2, 3, 4, 5, 6]
[11:49:49] [load] fold=None seed=43 T=29 aggregate_days=None window_size=22 samples_per_step=480 n_train=104 (cap=15) n_test=135 (cap=25) classes_train=[0, 1, 2, 3, 4, 5, 6]
[11:49:52] [load] fold=None seed=43 T=29 aggregate_days=None window_size=22 samples_per_step=480 n_train=104 (cap=15) n_test=135 (cap=25) classes_train=[0, 1, 2, 3, 4, 5, 6]
[11:49:53] [load] fold=None seed=44 T=29 aggregate_days=None window_size=22 samples_per_step=480 n_train=104 (cap=15) n_test=135 (cap=25) classes_train=[0, 1, 2, 3, 4, 5, 6]
[11:49:57] [load] fold=None seed=44 T=29 aggregate_days=None window_size=22 samples_per_step=480 n_train=104 (cap=15) n_test=135 (cap=25) classes_train=[0, 1, 2, 3, 4, 5, 6]
[11:49:59] [load] fold=None seed=44 T=29 aggregate_days=None window_size=22 samples_per_step=480 n_train=104 (cap=15) n_test=135 (cap=25) classes_train=[0, 1, 2, 3, 4, 5, 6]
[11:50:03] [grid_bary] eucl_raw: best lr=0.05 gamma=1 f1=0.590 (3/3 runs)
[11:50:06] [load] fold=None seed=42 T=29 aggregate_days=None window_size=22 samples_per_step=480 n_train=104 (cap=15) n_test=135 (cap=25) classes_train=[0, 1, 2, 3, 4, 5, 6]
[11:50:06] [load] fold=None seed=42 T=29 aggregate_days=None window_size=22 samples_per_step=480 n_train=104 (cap=15) n_test=135 (cap=25) classes_train=[0, 1, 2, 3, 4, 5, 6]
[11:50:06] [load] fold=None seed=42 T=29 aggregate_days=None window_size=22 samples_per_step=480 n_train=104 (cap=15) n_test=135 (cap=25) classes_train=[0, 1, 2, 3, 4, 5, 6]
[11:50:06] [load] fold=None seed=42 T=29 aggregate_days=None window_size=22 samples_per_step=480 n_train=104 (cap=15) n_test=135 (cap=25) classes_train=[0, 1, 2, 3, 4, 5, 6]
[11:50:13] [load] fold=None seed=43 T=29 aggregate_days=None window_size=22 samples_per_step=480 n_train=104 (cap=15) n_test=135 (cap=25) classes_train=[0, 1, 2, 3, 4, 5, 6]
[11:50:13] [load] fold=None seed=43 T=29 aggregate_days=None window_size=22 samples_per_step=480 n_train=104 (cap=15) n_test=135 (cap=25) classes_train=[0, 1, 2, 3, 4, 5, 6]
[11:50:13] [load] fold=None seed=43 T=29 aggregate_days=None window_size=22 samples_per_step=480 n_train=104 (cap=15) n_test=135 (cap=25) classes_train=[0, 1, 2, 3, 4, 5, 6]
[11:50:13] [load] fold=None seed=43 T=29 aggregate_days=None window_size=22 samples_per_step=480 n_train=104 (cap=15) n_test=135 (cap=25) classes_train=[0, 1, 2, 3, 4, 5, 6]
[11:50:19] [load] fold=None seed=44 T=29 aggregate_days=None window_size=22 samples_per_step=480 n_train=104 (cap=15) n_test=135 (cap=25) classes_train=[0, 1, 2, 3, 4, 5, 6]
[11:50:19] [load] fold=None seed=44 T=29 aggregate_days=None window_size=22 samples_per_step=480 n_train=104 (cap=15) n_test=135 (cap=25) classes_train=[0, 1, 2, 3, 4, 5, 6]
[11:50:19] [load] fold=None seed=44 T=29 aggregate_days=None window_size=22 samples_per_step=480 n_train=104 (cap=15) n_test=135 (cap=25) classes_train=[0, 1, 2, 3, 4, 5, 6]
[11:50:19] [load] fold=None seed=44 T=29 aggregate_days=None window_size=22 samples_per_step=480 n_train=104 (cap=15) n_test=135 (cap=25) classes_train=[0, 1, 2, 3, 4, 5, 6]
[11:50:25] [load] fold=None seed=42 T=29 aggregate_days=None window_size=22 samples_per_step=480 n_train=104 (cap=15) n_test=135 (cap=25) classes_train=[0, 1, 2, 3, 4, 5, 6]
[11:50:25] [load] fold=None seed=42 T=29 aggregate_days=None window_size=22 samples_per_step=480 n_train=104 (cap=15) n_test=135 (cap=25) classes_train=[0, 1, 2, 3, 4, 5, 6]
[11:50:25] [load] fold=None seed=42 T=29 aggregate_days=None window_size=22 samples_per_step=480 n_train=104 (cap=15) n_test=135 (cap=25) classes_train=[0, 1, 2, 3, 4, 5, 6]
[11:50:30] [load] fold=None seed=43 T=29 aggregate_days=None window_size=22 samples_per_step=480 n_train=104 (cap=15) n_test=135 (cap=25) classes_train=[0, 1, 2, 3, 4, 5, 6]
[11:50:31] [load] fold=None seed=43 T=29 aggregate_days=None window_size=22 samples_per_step=480 n_train=104 (cap=15) n_test=135 (cap=25) classes_train=[0, 1, 2, 3, 4, 5, 6]
[11:50:32] [load] fold=None seed=43 T=29 aggregate_days=None window_size=22 samples_per_step=480 n_train=104 (cap=15) n_test=135 (cap=25) classes_train=[0, 1, 2, 3, 4, 5, 6]
[11:50:34] [load] fold=None seed=44 T=29 aggregate_days=None window_size=22 samples_per_step=480 n_train=104 (cap=15) n_test=135 (cap=25) classes_train=[0, 1, 2, 3, 4, 5, 6]
[11:50:37] [load] fold=None seed=44 T=29 aggregate_days=None window_size=22 samples_per_step=480 n_train=104 (cap=15) n_test=135 (cap=25) classes_train=[0, 1, 2, 3, 4, 5, 6]
[11:50:38] [load] fold=None seed=44 T=29 aggregate_days=None window_size=22 samples_per_step=480 n_train=104 (cap=15) n_test=135 (cap=25) classes_train=[0, 1, 2, 3, 4, 5, 6]
[11:50:41] [grid_bary] eucl_raw_nodiv: best lr=0.05 gamma=0.0001 f1=0.589 (3/3 runs)
[11:50:41] [optimize_gamma/cpazmal] barycenter: sta @ reduced scale {'samples_per_step': 8, 'max_train_per_class': 3, 'max_test_per_class': 1}, n_jobs=2
[11:50:45] [load] fold=None seed=42 T=29 aggregate_days=None window_size=22 samples_per_step=8 n_train=21 (cap=3) n_test=7 (cap=1) classes_train=[0, 1, 2, 3, 4, 5, 6]
[11:50:45] [load] fold=None seed=42 T=29 aggregate_days=None window_size=22 samples_per_step=8 n_train=21 (cap=3) n_test=7 (cap=1) classes_train=[0, 1, 2, 3, 4, 5, 6]
[11:51:10] [load] fold=None seed=43 T=29 aggregate_days=None window_size=22 samples_per_step=8 n_train=21 (cap=3) n_test=7 (cap=1) classes_train=[0, 1, 2, 3, 4, 5, 6]
[11:51:10] [load] fold=None seed=43 T=29 aggregate_days=None window_size=22 samples_per_step=8 n_train=21 (cap=3) n_test=7 (cap=1) classes_train=[0, 1, 2, 3, 4, 5, 6]
[11:51:35] [load] fold=None seed=44 T=29 aggregate_days=None window_size=22 samples_per_step=8 n_train=21 (cap=3) n_test=7 (cap=1) classes_train=[0, 1, 2, 3, 4, 5, 6]
[11:51:35] [load] fold=None seed=44 T=29 aggregate_days=None window_size=22 samples_per_step=8 n_train=21 (cap=3) n_test=7 (cap=1) classes_train=[0, 1, 2, 3, 4, 5, 6]
[11:52:00] [load] fold=None seed=42 T=29 aggregate_days=None window_size=22 samples_per_step=8 n_train=21 (cap=3) n_test=7 (cap=1) classes_train=[0, 1, 2, 3, 4, 5, 6]
[11:52:00] [load] fold=None seed=42 T=29 aggregate_days=None window_size=22 samples_per_step=8 n_train=21 (cap=3) n_test=7 (cap=1) classes_train=[0, 1, 2, 3, 4, 5, 6]
[11:52:26] [load] fold=None seed=43 T=29 aggregate_days=None window_size=22 samples_per_step=8 n_train=21 (cap=3) n_test=7 (cap=1) classes_train=[0, 1, 2, 3, 4, 5, 6]
[11:52:26] [load] fold=None seed=43 T=29 aggregate_days=None window_size=22 samples_per_step=8 n_train=21 (cap=3) n_test=7 (cap=1) classes_train=[0, 1, 2, 3, 4, 5, 6]
[11:52:51] [load] fold=None seed=44 T=29 aggregate_days=None window_size=22 samples_per_step=8 n_train=21 (cap=3) n_test=7 (cap=1) classes_train=[0, 1, 2, 3, 4, 5, 6]
[11:52:51] [load] fold=None seed=44 T=29 aggregate_days=None window_size=22 samples_per_step=8 n_train=21 (cap=3) n_test=7 (cap=1) classes_train=[0, 1, 2, 3, 4, 5, 6]
[11:53:16] [load] fold=None seed=42 T=29 aggregate_days=None window_size=22 samples_per_step=8 n_train=21 (cap=3) n_test=7 (cap=1) classes_train=[0, 1, 2, 3, 4, 5, 6]
[11:53:16] [load] fold=None seed=42 T=29 aggregate_days=None window_size=22 samples_per_step=8 n_train=21 (cap=3) n_test=7 (cap=1) classes_train=[0, 1, 2, 3, 4, 5, 6]
[11:53:42] [load] fold=None seed=43 T=29 aggregate_days=None window_size=22 samples_per_step=8 n_train=21 (cap=3) n_test=7 (cap=1) classes_train=[0, 1, 2, 3, 4, 5, 6]
[11:53:42] [load] fold=None seed=43 T=29 aggregate_days=None window_size=22 samples_per_step=8 n_train=21 (cap=3) n_test=7 (cap=1) classes_train=[0, 1, 2, 3, 4, 5, 6]
[11:54:07] [load] fold=None seed=44 T=29 aggregate_days=None window_size=22 samples_per_step=8 n_train=21 (cap=3) n_test=7 (cap=1) classes_train=[0, 1, 2, 3, 4, 5, 6]
[11:54:07] [load] fold=None seed=44 T=29 aggregate_days=None window_size=22 samples_per_step=8 n_train=21 (cap=3) n_test=7 (cap=1) classes_train=[0, 1, 2, 3, 4, 5, 6]
[11:54:33] [load] fold=None seed=42 T=29 aggregate_days=None window_size=22 samples_per_step=8 n_train=21 (cap=3) n_test=7 (cap=1) classes_train=[0, 1, 2, 3, 4, 5, 6]
[11:54:58] [load] fold=None seed=43 T=29 aggregate_days=None window_size=22 samples_per_step=8 n_train=21 (cap=3) n_test=7 (cap=1) classes_train=[0, 1, 2, 3, 4, 5, 6]
[11:55:22] [load] fold=None seed=44 T=29 aggregate_days=None window_size=22 samples_per_step=8 n_train=21 (cap=3) n_test=7 (cap=1) classes_train=[0, 1, 2, 3, 4, 5, 6]
[11:55:47] [grid_bary] sta: best lr=0.05 gamma=0.01 f1=0.683 (3/3 runs)
[11:55:47] ===== optimize_gamma done =====
