[13:32:29] ===== optimize_gamma config=configs/exp1_baseline.yaml gamma_search_config=configs/gamma_search.yaml dataset=both n_jobs=4 sta_n_jobs=2 seed=42 =====
[13:32:29] gamma_grid=[0.0001, 0.01, 0.1, 1.0, 10.0, 100.0, 10000.0] n_seeds=3 methods=['wasps', 'wasps_nodiv', 'eucl_params', 'eucl_params_nodiv', 'eucl_raw', 'eucl_raw_nodiv', 'sta']
[13:32:29] [optimize_gamma/river] knn: 6 methods @ full scale, n_jobs=4
[Parallel(n_jobs=4)]: Using backend LokyBackend with 4 concurrent workers.
[13:32:31] [load] fold=None seed=42 T=52 aggregate_days=7 window_size=None samples_per_step=48 n_train=105 (cap=105) n_test=160 (cap=175) classes_train=[0, 1, 4, 5]
[13:32:31] [load] fold=None seed=42 T=52 aggregate_days=7 window_size=None samples_per_step=48 n_train=105 (cap=105) n_test=160 (cap=175) classes_train=[0, 1, 4, 5]
[warn] build_repr: dropped 1/105 series with NaN params (timesteps where log_cumulant failed)
[13:32:31] [load] fold=None seed=42 T=52 aggregate_days=7 window_size=None samples_per_step=48 n_train=105 (cap=105) n_test=160 (cap=175) classes_train=[0, 1, 4, 5]
[13:32:31] [load] fold=None seed=42 T=52 aggregate_days=7 window_size=None samples_per_step=48 n_train=105 (cap=105) n_test=160 (cap=175) classes_train=[0, 1, 4, 5]
[warn] build_repr: dropped 1/105 series with NaN params (timesteps where log_cumulant failed)
[warn] build_repr: dropped 1/105 series with NaN params (timesteps where log_cumulant failed)
[warn] build_repr: dropped 1/105 series with NaN params (timesteps where log_cumulant failed)
[warn] build_repr: dropped 2/160 series with NaN params (timesteps where log_cumulant failed)
[warn] build_repr: dropped 2/160 series with NaN params (timesteps where log_cumulant failed)
[warn] build_repr: dropped 2/160 series with NaN params (timesteps where log_cumulant failed)
[warn] build_repr: dropped 2/160 series with NaN params (timesteps where log_cumulant failed)
[13:32:33] [load] fold=None seed=43 T=52 aggregate_days=7 window_size=None samples_per_step=48 n_train=105 (cap=105) n_test=160 (cap=175) classes_train=[0, 1, 4, 5]
[warn] build_repr: dropped 2/105 series with NaN params (timesteps where log_cumulant failed)
[13:32:33] [load] fold=None seed=43 T=52 aggregate_days=7 window_size=None samples_per_step=48 n_train=105 (cap=105) n_test=160 (cap=175) classes_train=[0, 1, 4, 5]
[warn] build_repr: dropped 2/105 series with NaN params (timesteps where log_cumulant failed)
[13:32:33] [load] fold=None seed=43 T=52 aggregate_days=7 window_size=None samples_per_step=48 n_train=105 (cap=105) n_test=160 (cap=175) classes_train=[0, 1, 4, 5]
[warn] build_repr: dropped 3/160 series with NaN params (timesteps where log_cumulant failed)
[13:32:33] [load] fold=None seed=43 T=52 aggregate_days=7 window_size=None samples_per_step=48 n_train=105 (cap=105) n_test=160 (cap=175) classes_train=[0, 1, 4, 5]
[warn] build_repr: dropped 2/105 series with NaN params (timesteps where log_cumulant failed)
[warn] build_repr: dropped 3/160 series with NaN params (timesteps where log_cumulant failed)
[warn] build_repr: dropped 2/105 series with NaN params (timesteps where log_cumulant failed)
[warn] build_repr: dropped 3/160 series with NaN params (timesteps where log_cumulant failed)
[warn] build_repr: dropped 3/160 series with NaN params (timesteps where log_cumulant failed)
[13:32:35] [load] fold=None seed=44 T=52 aggregate_days=7 window_size=None samples_per_step=48 n_train=105 (cap=105) n_test=160 (cap=175) classes_train=[0, 1, 4, 5]
[13:32:35] [load] fold=None seed=44 T=52 aggregate_days=7 window_size=None samples_per_step=48 n_train=105 (cap=105) n_test=160 (cap=175) classes_train=[0, 1, 4, 5]
[warn] build_repr: dropped 4/160 series with NaN params (timesteps where log_cumulant failed)
[13:32:35] [load] fold=None seed=44 T=52 aggregate_days=7 window_size=None samples_per_step=48 n_train=105 (cap=105) n_test=160 (cap=175) classes_train=[0, 1, 4, 5]
[13:32:35] [load] fold=None seed=44 T=52 aggregate_days=7 window_size=None samples_per_step=48 n_train=105 (cap=105) n_test=160 (cap=175) classes_train=[0, 1, 4, 5]
[warn] build_repr: dropped 4/160 series with NaN params (timesteps where log_cumulant failed)
[warn] build_repr: dropped 4/160 series with NaN params (timesteps where log_cumulant failed)
[warn] build_repr: dropped 4/160 series with NaN params (timesteps where log_cumulant failed)
[Parallel(n_jobs=4)]: Done   1 tasks      | elapsed:    6.6s
[Parallel(n_jobs=4)]: Done   2 out of   7 | elapsed:    6.6s remaining:   16.6s
[Parallel(n_jobs=4)]: Done   3 out of   7 | elapsed:    6.7s remaining:    9.0s
[Parallel(n_jobs=4)]: Done   4 out of   7 | elapsed:    6.8s remaining:    5.1s
[13:32:37] [load] fold=None seed=42 T=52 aggregate_days=7 window_size=None samples_per_step=48 n_train=105 (cap=105) n_test=160 (cap=175) classes_train=[0, 1, 4, 5]
[13:32:37] [load] fold=None seed=42 T=52 aggregate_days=7 window_size=None samples_per_step=48 n_train=105 (cap=105) n_test=160 (cap=175) classes_train=[0, 1, 4, 5]
[warn] build_repr: dropped 1/105 series with NaN params (timesteps where log_cumulant failed)
[warn] build_repr: dropped 1/105 series with NaN params (timesteps where log_cumulant failed)
[13:32:37] [load] fold=None seed=42 T=52 aggregate_days=7 window_size=None samples_per_step=48 n_train=105 (cap=105) n_test=160 (cap=175) classes_train=[0, 1, 4, 5]
[warn] build_repr: dropped 2/160 series with NaN params (timesteps where log_cumulant failed)
[warn] build_repr: dropped 2/160 series with NaN params (timesteps where log_cumulant failed)
[warn] build_repr: dropped 1/105 series with NaN params (timesteps where log_cumulant failed)
[warn] build_repr: dropped 2/160 series with NaN params (timesteps where log_cumulant failed)
[13:32:38] [load] fold=None seed=43 T=52 aggregate_days=7 window_size=None samples_per_step=48 n_train=105 (cap=105) n_test=160 (cap=175) classes_train=[0, 1, 4, 5]
[warn] build_repr: dropped 2/105 series with NaN params (timesteps where log_cumulant failed)
[13:32:38] [load] fold=None seed=43 T=52 aggregate_days=7 window_size=None samples_per_step=48 n_train=105 (cap=105) n_test=160 (cap=175) classes_train=[0, 1, 4, 5]
[13:32:38] [load] fold=None seed=43 T=52 aggregate_days=7 window_size=None samples_per_step=48 n_train=105 (cap=105) n_test=160 (cap=175) classes_train=[0, 1, 4, 5]
[warn] build_repr: dropped 2/105 series with NaN params (timesteps where log_cumulant failed)
[warn] build_repr: dropped 2/105 series with NaN params (timesteps where log_cumulant failed)
[warn] build_repr: dropped 3/160 series with NaN params (timesteps where log_cumulant failed)
[warn] build_repr: dropped 3/160 series with NaN params (timesteps where log_cumulant failed)
[warn] build_repr: dropped 3/160 series with NaN params (timesteps where log_cumulant failed)
[13:32:39] [load] fold=None seed=44 T=52 aggregate_days=7 window_size=None samples_per_step=48 n_train=105 (cap=105) n_test=160 (cap=175) classes_train=[0, 1, 4, 5]
[13:32:39] [load] fold=None seed=44 T=52 aggregate_days=7 window_size=None samples_per_step=48 n_train=105 (cap=105) n_test=160 (cap=175) classes_train=[0, 1, 4, 5]
[warn] build_repr: dropped 4/160 series with NaN params (timesteps where log_cumulant failed)
[13:32:39] [load] fold=None seed=44 T=52 aggregate_days=7 window_size=None samples_per_step=48 n_train=105 (cap=105) n_test=160 (cap=175) classes_train=[0, 1, 4, 5]
[warn] build_repr: dropped 4/160 series with NaN params (timesteps where log_cumulant failed)
[warn] build_repr: dropped 4/160 series with NaN params (timesteps where log_cumulant failed)
[Parallel(n_jobs=4)]: Done   5 out of   7 | elapsed:   10.7s remaining:    4.3s
[Parallel(n_jobs=4)]: Done   7 out of   7 | elapsed:   10.9s finished
[13:32:40] [grid_knn] wasps: best k=1 gamma=0.01 f1=0.602 (3/3 runs)
[Parallel(n_jobs=4)]: Using backend LokyBackend with 4 concurrent workers.
[13:32:41] [load] fold=None seed=42 T=52 aggregate_days=7 window_size=None samples_per_step=48 n_train=105 (cap=105) n_test=160 (cap=175) classes_train=[0, 1, 4, 5]
[13:32:41] [load] fold=None seed=42 T=52 aggregate_days=7 window_size=None samples_per_step=48 n_train=105 (cap=105) n_test=160 (cap=175) classes_train=[0, 1, 4, 5]
[13:32:41] [load] fold=None seed=42 T=52 aggregate_days=7 window_size=None samples_per_step=48 n_train=105 (cap=105) n_test=160 (cap=175) classes_train=[0, 1, 4, 5]
[13:32:41] [load] fold=None seed=42 T=52 aggregate_days=7 window_size=None samples_per_step=48 n_train=105 (cap=105) n_test=160 (cap=175) classes_train=[0, 1, 4, 5]
[warn] build_repr: dropped 1/105 series with NaN params (timesteps where log_cumulant failed)
[warn] build_repr: dropped 1/105 series with NaN params (timesteps where log_cumulant failed)
[warn] build_repr: dropped 1/105 series with NaN params (timesteps where log_cumulant failed)
[warn] build_repr: dropped 1/105 series with NaN params (timesteps where log_cumulant failed)
[warn] build_repr: dropped 2/160 series with NaN params (timesteps where log_cumulant failed)
[warn] build_repr: dropped 2/160 series with NaN params (timesteps where log_cumulant failed)
[warn] build_repr: dropped 2/160 series with NaN params (timesteps where log_cumulant failed)
[warn] build_repr: dropped 2/160 series with NaN params (timesteps where log_cumulant failed)
[13:32:42] [load] fold=None seed=43 T=52 aggregate_days=7 window_size=None samples_per_step=48 n_train=105 (cap=105) n_test=160 (cap=175) classes_train=[0, 1, 4, 5]
[13:32:42] [load] fold=None seed=43 T=52 aggregate_days=7 window_size=None samples_per_step=48 n_train=105 (cap=105) n_test=160 (cap=175) classes_train=[0, 1, 4, 5]
[13:32:42] [load] fold=None seed=43 T=52 aggregate_days=7 window_size=None samples_per_step=48 n_train=105 (cap=105) n_test=160 (cap=175) classes_train=[0, 1, 4, 5]
[warn] build_repr: dropped 2/105 series with NaN params (timesteps where log_cumulant failed)
[13:32:42] [load] fold=None seed=43 T=52 aggregate_days=7 window_size=None samples_per_step=48 n_train=105 (cap=105) n_test=160 (cap=175) classes_train=[0, 1, 4, 5]
[warn] build_repr: dropped 2/105 series with NaN params (timesteps where log_cumulant failed)
[warn] build_repr: dropped 2/105 series with NaN params (timesteps where log_cumulant failed)
[warn] build_repr: dropped 2/105 series with NaN params (timesteps where log_cumulant failed)
[warn] build_repr: dropped 3/160 series with NaN params (timesteps where log_cumulant failed)
[warn] build_repr: dropped 3/160 series with NaN params (timesteps where log_cumulant failed)
[warn] build_repr: dropped 3/160 series with NaN params (timesteps where log_cumulant failed)
[warn] build_repr: dropped 3/160 series with NaN params (timesteps where log_cumulant failed)
[13:32:43] [load] fold=None seed=44 T=52 aggregate_days=7 window_size=None samples_per_step=48 n_train=105 (cap=105) n_test=160 (cap=175) classes_train=[0, 1, 4, 5]
[13:32:43] [load] fold=None seed=44 T=52 aggregate_days=7 window_size=None samples_per_step=48 n_train=105 (cap=105) n_test=160 (cap=175) classes_train=[0, 1, 4, 5]
[13:32:43] [load] fold=None seed=44 T=52 aggregate_days=7 window_size=None samples_per_step=48 n_train=105 (cap=105) n_test=160 (cap=175) classes_train=[0, 1, 4, 5]
[13:32:43] [load] fold=None seed=44 T=52 aggregate_days=7 window_size=None samples_per_step=48 n_train=105 (cap=105) n_test=160 (cap=175) classes_train=[0, 1, 4, 5]
[warn] build_repr: dropped 4/160 series with NaN params (timesteps where log_cumulant failed)
[warn] build_repr: dropped 4/160 series with NaN params (timesteps where log_cumulant failed)
[warn] build_repr: dropped 4/160 series with NaN params (timesteps where log_cumulant failed)
[warn] build_repr: dropped 4/160 series with NaN params (timesteps where log_cumulant failed)
[Parallel(n_jobs=4)]: Done   1 tasks      | elapsed:    3.8s
[Parallel(n_jobs=4)]: Done   2 out of   7 | elapsed:    3.8s remaining:    9.6s
[Parallel(n_jobs=4)]: Done   3 out of   7 | elapsed:    3.9s remaining:    5.2s
[Parallel(n_jobs=4)]: Done   4 out of   7 | elapsed:    3.9s remaining:    2.9s
[13:32:45] [load] fold=None seed=42 T=52 aggregate_days=7 window_size=None samples_per_step=48 n_train=105 (cap=105) n_test=160 (cap=175) classes_train=[0, 1, 4, 5]
[13:32:45] [load] fold=None seed=42 T=52 aggregate_days=7 window_size=None samples_per_step=48 n_train=105 (cap=105) n_test=160 (cap=175) classes_train=[0, 1, 4, 5]
[warn] build_repr: dropped 1/105 series with NaN params (timesteps where log_cumulant failed)
[13:32:45] [load] fold=None seed=42 T=52 aggregate_days=7 window_size=None samples_per_step=48 n_train=105 (cap=105) n_test=160 (cap=175) classes_train=[0, 1, 4, 5]
[warn] build_repr: dropped 1/105 series with NaN params (timesteps where log_cumulant failed)
[warn] build_repr: dropped 2/160 series with NaN params (timesteps where log_cumulant failed)
[warn] build_repr: dropped 1/105 series with NaN params (timesteps where log_cumulant failed)
[warn] build_repr: dropped 2/160 series with NaN params (timesteps where log_cumulant failed)
[warn] build_repr: dropped 2/160 series with NaN params (timesteps where log_cumulant failed)
[13:32:46] [load] fold=None seed=43 T=52 aggregate_days=7 window_size=None samples_per_step=48 n_train=105 (cap=105) n_test=160 (cap=175) classes_train=[0, 1, 4, 5]
[warn] build_repr: dropped 2/105 series with NaN params (timesteps where log_cumulant failed)
[13:32:46] [load] fold=None seed=43 T=52 aggregate_days=7 window_size=None samples_per_step=48 n_train=105 (cap=105) n_test=160 (cap=175) classes_train=[0, 1, 4, 5]
[warn] build_repr: dropped 2/105 series with NaN params (timesteps where log_cumulant failed)
[warn] build_repr: dropped 3/160 series with NaN params (timesteps where log_cumulant failed)
[13:32:46] [load] fold=None seed=43 T=52 aggregate_days=7 window_size=None samples_per_step=48 n_train=105 (cap=105) n_test=160 (cap=175) classes_train=[0, 1, 4, 5]
[warn] build_repr: dropped 2/105 series with NaN params (timesteps where log_cumulant failed)
[warn] build_repr: dropped 3/160 series with NaN params (timesteps where log_cumulant failed)
[warn] build_repr: dropped 3/160 series with NaN params (timesteps where log_cumulant failed)
[13:32:47] [load] fold=None seed=44 T=52 aggregate_days=7 window_size=None samples_per_step=48 n_train=105 (cap=105) n_test=160 (cap=175) classes_train=[0, 1, 4, 5]
[13:32:47] [load] fold=None seed=44 T=52 aggregate_days=7 window_size=None samples_per_step=48 n_train=105 (cap=105) n_test=160 (cap=175) classes_train=[0, 1, 4, 5]
[warn] build_repr: dropped 4/160 series with NaN params (timesteps where log_cumulant failed)
[13:32:47] [load] fold=None seed=44 T=52 aggregate_days=7 window_size=None samples_per_step=48 n_train=105 (cap=105) n_test=160 (cap=175) classes_train=[0, 1, 4, 5]
[warn] build_repr: dropped 4/160 series with NaN params (timesteps where log_cumulant failed)
[warn] build_repr: dropped 4/160 series with NaN params (timesteps where log_cumulant failed)
[Parallel(n_jobs=4)]: Done   5 out of   7 | elapsed:    7.4s remaining:    3.0s
[Parallel(n_jobs=4)]: Done   7 out of   7 | elapsed:    7.7s finished
[13:32:48] [grid_knn] wasps_nodiv: best k=1 gamma=0.01 f1=0.591 (3/3 runs)
[Parallel(n_jobs=4)]: Using backend LokyBackend with 4 concurrent workers.
[13:32:49] [load] fold=None seed=42 T=52 aggregate_days=7 window_size=None samples_per_step=48 n_train=105 (cap=105) n_test=160 (cap=175) classes_train=[0, 1, 4, 5]
[13:32:49] [load] fold=None seed=42 T=52 aggregate_days=7 window_size=None samples_per_step=48 n_train=105 (cap=105) n_test=160 (cap=175) classes_train=[0, 1, 4, 5]
[13:32:49] [load] fold=None seed=42 T=52 aggregate_days=7 window_size=None samples_per_step=48 n_train=105 (cap=105) n_test=160 (cap=175) classes_train=[0, 1, 4, 5]
[13:32:49] [load] fold=None seed=42 T=52 aggregate_days=7 window_size=None samples_per_step=48 n_train=105 (cap=105) n_test=160 (cap=175) classes_train=[0, 1, 4, 5]
[warn] build_repr: dropped 1/105 series with NaN params (timesteps where log_cumulant failed)
[warn] build_repr: dropped 1/105 series with NaN params (timesteps where log_cumulant failed)
[warn] build_repr: dropped 1/105 series with NaN params (timesteps where log_cumulant failed)
[warn] build_repr: dropped 1/105 series with NaN params (timesteps where log_cumulant failed)
[warn] build_repr: dropped 2/160 series with NaN params (timesteps where log_cumulant failed)
[warn] build_repr: dropped 2/160 series with NaN params (timesteps where log_cumulant failed)
[warn] build_repr: dropped 2/160 series with NaN params (timesteps where log_cumulant failed)
[warn] build_repr: dropped 2/160 series with NaN params (timesteps where log_cumulant failed)
[13:32:50] [load] fold=None seed=43 T=52 aggregate_days=7 window_size=None samples_per_step=48 n_train=105 (cap=105) n_test=160 (cap=175) classes_train=[0, 1, 4, 5]
[13:32:50] [load] fold=None seed=43 T=52 aggregate_days=7 window_size=None samples_per_step=48 n_train=105 (cap=105) n_test=160 (cap=175) classes_train=[0, 1, 4, 5]
[13:32:50] [load] fold=None seed=43 T=52 aggregate_days=7 window_size=None samples_per_step=48 n_train=105 (cap=105) n_test=160 (cap=175) classes_train=[0, 1, 4, 5]
[warn] build_repr: dropped 2/105 series with NaN params (timesteps where log_cumulant failed)
[warn] build_repr: dropped 2/105 series with NaN params (timesteps where log_cumulant failed)
[warn] build_repr: dropped 2/105 series with NaN params (timesteps where log_cumulant failed)
[13:32:50] [load] fold=None seed=43 T=52 aggregate_days=7 window_size=None samples_per_step=48 n_train=105 (cap=105) n_test=160 (cap=175) classes_train=[0, 1, 4, 5]
[warn] build_repr: dropped 3/160 series with NaN params (timesteps where log_cumulant failed)
[warn] build_repr: dropped 3/160 series with NaN params (timesteps where log_cumulant failed)
[warn] build_repr: dropped 2/105 series with NaN params (timesteps where log_cumulant failed)
[warn] build_repr: dropped 3/160 series with NaN params (timesteps where log_cumulant failed)
[warn] build_repr: dropped 3/160 series with NaN params (timesteps where log_cumulant failed)
[13:32:51] [load] fold=None seed=44 T=52 aggregate_days=7 window_size=None samples_per_step=48 n_train=105 (cap=105) n_test=160 (cap=175) classes_train=[0, 1, 4, 5]
[13:32:51] [load] fold=None seed=44 T=52 aggregate_days=7 window_size=None samples_per_step=48 n_train=105 (cap=105) n_test=160 (cap=175) classes_train=[0, 1, 4, 5]
[13:32:51] [load] fold=None seed=44 T=52 aggregate_days=7 window_size=None samples_per_step=48 n_train=105 (cap=105) n_test=160 (cap=175) classes_train=[0, 1, 4, 5]
[warn] build_repr: dropped 4/160 series with NaN params (timesteps where log_cumulant failed)
[warn] build_repr: dropped 4/160 series with NaN params (timesteps where log_cumulant failed)
[13:32:51] [load] fold=None seed=44 T=52 aggregate_days=7 window_size=None samples_per_step=48 n_train=105 (cap=105) n_test=160 (cap=175) classes_train=[0, 1, 4, 5]
[warn] build_repr: dropped 4/160 series with NaN params (timesteps where log_cumulant failed)
[warn] build_repr: dropped 4/160 series with NaN params (timesteps where log_cumulant failed)
[Parallel(n_jobs=4)]: Done   1 tasks      | elapsed:    3.9s
[Parallel(n_jobs=4)]: Done   2 out of   7 | elapsed:    4.0s remaining:    9.9s
[Parallel(n_jobs=4)]: Done   3 out of   7 | elapsed:    4.0s remaining:    5.3s
[Parallel(n_jobs=4)]: Done   4 out of   7 | elapsed:    4.2s remaining:    3.1s
[13:32:52] [load] fold=None seed=42 T=52 aggregate_days=7 window_size=None samples_per_step=48 n_train=105 (cap=105) n_test=160 (cap=175) classes_train=[0, 1, 4, 5]
[warn] build_repr: dropped 1/105 series with NaN params (timesteps where log_cumulant failed)
[13:32:52] [load] fold=None seed=42 T=52 aggregate_days=7 window_size=None samples_per_step=48 n_train=105 (cap=105) n_test=160 (cap=175) classes_train=[0, 1, 4, 5]
[13:32:52] [load] fold=None seed=42 T=52 aggregate_days=7 window_size=None samples_per_step=48 n_train=105 (cap=105) n_test=160 (cap=175) classes_train=[0, 1, 4, 5]
[warn] build_repr: dropped 1/105 series with NaN params (timesteps where log_cumulant failed)
[warn] build_repr: dropped 2/160 series with NaN params (timesteps where log_cumulant failed)
[warn] build_repr: dropped 1/105 series with NaN params (timesteps where log_cumulant failed)
[warn] build_repr: dropped 2/160 series with NaN params (timesteps where log_cumulant failed)
[warn] build_repr: dropped 2/160 series with NaN params (timesteps where log_cumulant failed)
[13:32:54] [load] fold=None seed=43 T=52 aggregate_days=7 window_size=None samples_per_step=48 n_train=105 (cap=105) n_test=160 (cap=175) classes_train=[0, 1, 4, 5]
[warn] build_repr: dropped 2/105 series with NaN params (timesteps where log_cumulant failed)
[warn] build_repr: dropped 3/160 series with NaN params (timesteps where log_cumulant failed)
[13:32:54] [load] fold=None seed=43 T=52 aggregate_days=7 window_size=None samples_per_step=48 n_train=105 (cap=105) n_test=160 (cap=175) classes_train=[0, 1, 4, 5]
[13:32:54] [load] fold=None seed=43 T=52 aggregate_days=7 window_size=None samples_per_step=48 n_train=105 (cap=105) n_test=160 (cap=175) classes_train=[0, 1, 4, 5]
[warn] build_repr: dropped 2/105 series with NaN params (timesteps where log_cumulant failed)
[warn] build_repr: dropped 2/105 series with NaN params (timesteps where log_cumulant failed)
[warn] build_repr: dropped 3/160 series with NaN params (timesteps where log_cumulant failed)
[warn] build_repr: dropped 3/160 series with NaN params (timesteps where log_cumulant failed)
[13:32:55] [load] fold=None seed=44 T=52 aggregate_days=7 window_size=None samples_per_step=48 n_train=105 (cap=105) n_test=160 (cap=175) classes_train=[0, 1, 4, 5]
[warn] build_repr: dropped 4/160 series with NaN params (timesteps where log_cumulant failed)
[13:32:55] [load] fold=None seed=44 T=52 aggregate_days=7 window_size=None samples_per_step=48 n_train=105 (cap=105) n_test=160 (cap=175) classes_train=[0, 1, 4, 5]
[13:32:55] [load] fold=None seed=44 T=52 aggregate_days=7 window_size=None samples_per_step=48 n_train=105 (cap=105) n_test=160 (cap=175) classes_train=[0, 1, 4, 5]
[warn] build_repr: dropped 4/160 series with NaN params (timesteps where log_cumulant failed)
[warn] build_repr: dropped 4/160 series with NaN params (timesteps where log_cumulant failed)
[Parallel(n_jobs=4)]: Done   5 out of   7 | elapsed:    7.5s remaining:    3.0s
[Parallel(n_jobs=4)]: Done   7 out of   7 | elapsed:    7.8s finished
[13:32:56] [grid_knn] eucl_params: best k=1 gamma=100 f1=0.496 (3/3 runs)
[Parallel(n_jobs=4)]: Using backend LokyBackend with 4 concurrent workers.
[13:32:56] [load] fold=None seed=42 T=52 aggregate_days=7 window_size=None samples_per_step=48 n_train=105 (cap=105) n_test=160 (cap=175) classes_train=[0, 1, 4, 5]
[13:32:56] [load] fold=None seed=42 T=52 aggregate_days=7 window_size=None samples_per_step=48 n_train=105 (cap=105) n_test=160 (cap=175) classes_train=[0, 1, 4, 5]
[13:32:56] [load] fold=None seed=42 T=52 aggregate_days=7 window_size=None samples_per_step=48 n_train=105 (cap=105) n_test=160 (cap=175) classes_train=[0, 1, 4, 5]
[13:32:56] [load] fold=None seed=42 T=52 aggregate_days=7 window_size=None samples_per_step=48 n_train=105 (cap=105) n_test=160 (cap=175) classes_train=[0, 1, 4, 5]
[warn] build_repr: dropped 1/105 series with NaN params (timesteps where log_cumulant failed)
[warn] build_repr: dropped 1/105 series with NaN params (timesteps where log_cumulant failed)
[warn] build_repr: dropped 1/105 series with NaN params (timesteps where log_cumulant failed)
[warn] build_repr: dropped 1/105 series with NaN params (timesteps where log_cumulant failed)
[warn] build_repr: dropped 2/160 series with NaN params (timesteps where log_cumulant failed)
[warn] build_repr: dropped 2/160 series with NaN params (timesteps where log_cumulant failed)
[warn] build_repr: dropped 2/160 series with NaN params (timesteps where log_cumulant failed)
[warn] build_repr: dropped 2/160 series with NaN params (timesteps where log_cumulant failed)
[13:32:58] [load] fold=None seed=43 T=52 aggregate_days=7 window_size=None samples_per_step=48 n_train=105 (cap=105) n_test=160 (cap=175) classes_train=[0, 1, 4, 5]
[13:32:58] [load] fold=None seed=43 T=52 aggregate_days=7 window_size=None samples_per_step=48 n_train=105 (cap=105) n_test=160 (cap=175) classes_train=[0, 1, 4, 5]
[13:32:58] [load] fold=None seed=43 T=52 aggregate_days=7 window_size=None samples_per_step=48 n_train=105 (cap=105) n_test=160 (cap=175) classes_train=[0, 1, 4, 5]
[warn] build_repr: dropped 2/105 series with NaN params (timesteps where log_cumulant failed)
[13:32:58] [load] fold=None seed=43 T=52 aggregate_days=7 window_size=None samples_per_step=48 n_train=105 (cap=105) n_test=160 (cap=175) classes_train=[0, 1, 4, 5]
[warn] build_repr: dropped 2/105 series with NaN params (timesteps where log_cumulant failed)
[warn] build_repr: dropped 2/105 series with NaN params (timesteps where log_cumulant failed)
[warn] build_repr: dropped 3/160 series with NaN params (timesteps where log_cumulant failed)
[warn] build_repr: dropped 2/105 series with NaN params (timesteps where log_cumulant failed)
[warn] build_repr: dropped 3/160 series with NaN params (timesteps where log_cumulant failed)
[warn] build_repr: dropped 3/160 series with NaN params (timesteps where log_cumulant failed)
[warn] build_repr: dropped 3/160 series with NaN params (timesteps where log_cumulant failed)
[13:32:59] [load] fold=None seed=44 T=52 aggregate_days=7 window_size=None samples_per_step=48 n_train=105 (cap=105) n_test=160 (cap=175) classes_train=[0, 1, 4, 5]
[13:32:59] [load] fold=None seed=44 T=52 aggregate_days=7 window_size=None samples_per_step=48 n_train=105 (cap=105) n_test=160 (cap=175) classes_train=[0, 1, 4, 5]
[13:32:59] [load] fold=None seed=44 T=52 aggregate_days=7 window_size=None samples_per_step=48 n_train=105 (cap=105) n_test=160 (cap=175) classes_train=[0, 1, 4, 5]
[warn] build_repr: dropped 4/160 series with NaN params (timesteps where log_cumulant failed)
[13:32:59] [load] fold=None seed=44 T=52 aggregate_days=7 window_size=None samples_per_step=48 n_train=105 (cap=105) n_test=160 (cap=175) classes_train=[0, 1, 4, 5]
[warn] build_repr: dropped 4/160 series with NaN params (timesteps where log_cumulant failed)
[warn] build_repr: dropped 4/160 series with NaN params (timesteps where log_cumulant failed)
[warn] build_repr: dropped 4/160 series with NaN params (timesteps where log_cumulant failed)
[Parallel(n_jobs=4)]: Done   1 tasks      | elapsed:    3.9s
[Parallel(n_jobs=4)]: Done   2 out of   7 | elapsed:    4.0s remaining:   10.0s
[Parallel(n_jobs=4)]: Done   3 out of   7 | elapsed:    4.0s remaining:    5.4s
[Parallel(n_jobs=4)]: Done   4 out of   7 | elapsed:    4.1s remaining:    3.1s
[13:33:00] [load] fold=None seed=42 T=52 aggregate_days=7 window_size=None samples_per_step=48 n_train=105 (cap=105) n_test=160 (cap=175) classes_train=[0, 1, 4, 5]
[warn] build_repr: dropped 1/105 series with NaN params (timesteps where log_cumulant failed)
[13:33:00] [load] fold=None seed=42 T=52 aggregate_days=7 window_size=None samples_per_step=48 n_train=105 (cap=105) n_test=160 (cap=175) classes_train=[0, 1, 4, 5]
[warn] build_repr: dropped 2/160 series with NaN params (timesteps where log_cumulant failed)
[13:33:00] [load] fold=None seed=42 T=52 aggregate_days=7 window_size=None samples_per_step=48 n_train=105 (cap=105) n_test=160 (cap=175) classes_train=[0, 1, 4, 5]
[warn] build_repr: dropped 1/105 series with NaN params (timesteps where log_cumulant failed)
[warn] build_repr: dropped 1/105 series with NaN params (timesteps where log_cumulant failed)
[warn] build_repr: dropped 2/160 series with NaN params (timesteps where log_cumulant failed)
[warn] build_repr: dropped 2/160 series with NaN params (timesteps where log_cumulant failed)
[13:33:01] [load] fold=None seed=43 T=52 aggregate_days=7 window_size=None samples_per_step=48 n_train=105 (cap=105) n_test=160 (cap=175) classes_train=[0, 1, 4, 5]
[warn] build_repr: dropped 2/105 series with NaN params (timesteps where log_cumulant failed)
[warn] build_repr: dropped 3/160 series with NaN params (timesteps where log_cumulant failed)
[13:33:02] [load] fold=None seed=43 T=52 aggregate_days=7 window_size=None samples_per_step=48 n_train=105 (cap=105) n_test=160 (cap=175) classes_train=[0, 1, 4, 5]
[13:33:02] [load] fold=None seed=43 T=52 aggregate_days=7 window_size=None samples_per_step=48 n_train=105 (cap=105) n_test=160 (cap=175) classes_train=[0, 1, 4, 5]
[warn] build_repr: dropped 2/105 series with NaN params (timesteps where log_cumulant failed)
[warn] build_repr: dropped 2/105 series with NaN params (timesteps where log_cumulant failed)
[warn] build_repr: dropped 3/160 series with NaN params (timesteps where log_cumulant failed)
[warn] build_repr: dropped 3/160 series with NaN params (timesteps where log_cumulant failed)
[13:33:03] [load] fold=None seed=44 T=52 aggregate_days=7 window_size=None samples_per_step=48 n_train=105 (cap=105) n_test=160 (cap=175) classes_train=[0, 1, 4, 5]
[warn] build_repr: dropped 4/160 series with NaN params (timesteps where log_cumulant failed)
[13:33:03] [load] fold=None seed=44 T=52 aggregate_days=7 window_size=None samples_per_step=48 n_train=105 (cap=105) n_test=160 (cap=175) classes_train=[0, 1, 4, 5]
[13:33:03] [load] fold=None seed=44 T=52 aggregate_days=7 window_size=None samples_per_step=48 n_train=105 (cap=105) n_test=160 (cap=175) classes_train=[0, 1, 4, 5]
[warn] build_repr: dropped 4/160 series with NaN params (timesteps where log_cumulant failed)
[warn] build_repr: dropped 4/160 series with NaN params (timesteps where log_cumulant failed)
[Parallel(n_jobs=4)]: Done   5 out of   7 | elapsed:    7.6s remaining:    3.0s
[Parallel(n_jobs=4)]: Done   7 out of   7 | elapsed:    7.9s finished
[13:33:04] [grid_knn] eucl_params_nodiv: best k=1 gamma=100 f1=0.496 (3/3 runs)
[Parallel(n_jobs=4)]: Using backend LokyBackend with 4 concurrent workers.
[13:33:04] [load] fold=None seed=42 T=52 aggregate_days=7 window_size=None samples_per_step=48 n_train=105 (cap=105) n_test=160 (cap=175) classes_train=[0, 1, 4, 5]
[13:33:04] [load] fold=None seed=42 T=52 aggregate_days=7 window_size=None samples_per_step=48 n_train=105 (cap=105) n_test=160 (cap=175) classes_train=[0, 1, 4, 5]
[13:33:04] [load] fold=None seed=42 T=52 aggregate_days=7 window_size=None samples_per_step=48 n_train=105 (cap=105) n_test=160 (cap=175) classes_train=[0, 1, 4, 5]
[13:33:04] [load] fold=None seed=42 T=52 aggregate_days=7 window_size=None samples_per_step=48 n_train=105 (cap=105) n_test=160 (cap=175) classes_train=[0, 1, 4, 5]
[13:33:06] [load] fold=None seed=43 T=52 aggregate_days=7 window_size=None samples_per_step=48 n_train=105 (cap=105) n_test=160 (cap=175) classes_train=[0, 1, 4, 5]
[13:33:06] [load] fold=None seed=43 T=52 aggregate_days=7 window_size=None samples_per_step=48 n_train=105 (cap=105) n_test=160 (cap=175) classes_train=[0, 1, 4, 5]
[13:33:06] [load] fold=None seed=43 T=52 aggregate_days=7 window_size=None samples_per_step=48 n_train=105 (cap=105) n_test=160 (cap=175) classes_train=[0, 1, 4, 5]
[13:33:06] [load] fold=None seed=43 T=52 aggregate_days=7 window_size=None samples_per_step=48 n_train=105 (cap=105) n_test=160 (cap=175) classes_train=[0, 1, 4, 5]
[13:33:07] [load] fold=None seed=44 T=52 aggregate_days=7 window_size=None samples_per_step=48 n_train=105 (cap=105) n_test=160 (cap=175) classes_train=[0, 1, 4, 5]
[13:33:07] [load] fold=None seed=44 T=52 aggregate_days=7 window_size=None samples_per_step=48 n_train=105 (cap=105) n_test=160 (cap=175) classes_train=[0, 1, 4, 5]
[13:33:07] [load] fold=None seed=44 T=52 aggregate_days=7 window_size=None samples_per_step=48 n_train=105 (cap=105) n_test=160 (cap=175) classes_train=[0, 1, 4, 5]
[13:33:07] [load] fold=None seed=44 T=52 aggregate_days=7 window_size=None samples_per_step=48 n_train=105 (cap=105) n_test=160 (cap=175) classes_train=[0, 1, 4, 5]
[Parallel(n_jobs=4)]: Done   1 tasks      | elapsed:    3.9s
[Parallel(n_jobs=4)]: Done   2 out of   7 | elapsed:    4.0s remaining:   10.0s
[Parallel(n_jobs=4)]: Done   3 out of   7 | elapsed:    4.1s remaining:    5.4s
[Parallel(n_jobs=4)]: Done   4 out of   7 | elapsed:    4.2s remaining:    3.1s
[13:33:08] [load] fold=None seed=42 T=52 aggregate_days=7 window_size=None samples_per_step=48 n_train=105 (cap=105) n_test=160 (cap=175) classes_train=[0, 1, 4, 5]
[13:33:08] [load] fold=None seed=42 T=52 aggregate_days=7 window_size=None samples_per_step=48 n_train=105 (cap=105) n_test=160 (cap=175) classes_train=[0, 1, 4, 5]
[13:33:08] [load] fold=None seed=42 T=52 aggregate_days=7 window_size=None samples_per_step=48 n_train=105 (cap=105) n_test=160 (cap=175) classes_train=[0, 1, 4, 5]
[13:33:09] [load] fold=None seed=43 T=52 aggregate_days=7 window_size=None samples_per_step=48 n_train=105 (cap=105) n_test=160 (cap=175) classes_train=[0, 1, 4, 5]
[13:33:10] [load] fold=None seed=43 T=52 aggregate_days=7 window_size=None samples_per_step=48 n_train=105 (cap=105) n_test=160 (cap=175) classes_train=[0, 1, 4, 5]
[13:33:10] [load] fold=None seed=43 T=52 aggregate_days=7 window_size=None samples_per_step=48 n_train=105 (cap=105) n_test=160 (cap=175) classes_train=[0, 1, 4, 5]
[13:33:11] [load] fold=None seed=44 T=52 aggregate_days=7 window_size=None samples_per_step=48 n_train=105 (cap=105) n_test=160 (cap=175) classes_train=[0, 1, 4, 5]
[13:33:11] [load] fold=None seed=44 T=52 aggregate_days=7 window_size=None samples_per_step=48 n_train=105 (cap=105) n_test=160 (cap=175) classes_train=[0, 1, 4, 5]
[13:33:11] [load] fold=None seed=44 T=52 aggregate_days=7 window_size=None samples_per_step=48 n_train=105 (cap=105) n_test=160 (cap=175) classes_train=[0, 1, 4, 5]
[Parallel(n_jobs=4)]: Done   5 out of   7 | elapsed:    7.6s remaining:    3.0s
[Parallel(n_jobs=4)]: Done   7 out of   7 | elapsed:    7.8s finished
[13:33:12] [grid_knn] eucl_raw: best k=1 gamma=1 f1=0.511 (3/3 runs)
[Parallel(n_jobs=4)]: Using backend LokyBackend with 4 concurrent workers.
[13:33:12] [load] fold=None seed=42 T=52 aggregate_days=7 window_size=None samples_per_step=48 n_train=105 (cap=105) n_test=160 (cap=175) classes_train=[0, 1, 4, 5]
[13:33:12] [load] fold=None seed=42 T=52 aggregate_days=7 window_size=None samples_per_step=48 n_train=105 (cap=105) n_test=160 (cap=175) classes_train=[0, 1, 4, 5]
[13:33:12] [load] fold=None seed=42 T=52 aggregate_days=7 window_size=None samples_per_step=48 n_train=105 (cap=105) n_test=160 (cap=175) classes_train=[0, 1, 4, 5]
[13:33:12] [load] fold=None seed=42 T=52 aggregate_days=7 window_size=None samples_per_step=48 n_train=105 (cap=105) n_test=160 (cap=175) classes_train=[0, 1, 4, 5]
[13:33:13] [load] fold=None seed=43 T=52 aggregate_days=7 window_size=None samples_per_step=48 n_train=105 (cap=105) n_test=160 (cap=175) classes_train=[0, 1, 4, 5]
[13:33:13] [load] fold=None seed=43 T=52 aggregate_days=7 window_size=None samples_per_step=48 n_train=105 (cap=105) n_test=160 (cap=175) classes_train=[0, 1, 4, 5]
[13:33:14] [load] fold=None seed=43 T=52 aggregate_days=7 window_size=None samples_per_step=48 n_train=105 (cap=105) n_test=160 (cap=175) classes_train=[0, 1, 4, 5]
[13:33:14] [load] fold=None seed=43 T=52 aggregate_days=7 window_size=None samples_per_step=48 n_train=105 (cap=105) n_test=160 (cap=175) classes_train=[0, 1, 4, 5]
[13:33:15] [load] fold=None seed=44 T=52 aggregate_days=7 window_size=None samples_per_step=48 n_train=105 (cap=105) n_test=160 (cap=175) classes_train=[0, 1, 4, 5]
[13:33:15] [load] fold=None seed=44 T=52 aggregate_days=7 window_size=None samples_per_step=48 n_train=105 (cap=105) n_test=160 (cap=175) classes_train=[0, 1, 4, 5]
[13:33:15] [load] fold=None seed=44 T=52 aggregate_days=7 window_size=None samples_per_step=48 n_train=105 (cap=105) n_test=160 (cap=175) classes_train=[0, 1, 4, 5]
[13:33:15] [load] fold=None seed=44 T=52 aggregate_days=7 window_size=None samples_per_step=48 n_train=105 (cap=105) n_test=160 (cap=175) classes_train=[0, 1, 4, 5]
[Parallel(n_jobs=4)]: Done   1 tasks      | elapsed:    3.9s
[Parallel(n_jobs=4)]: Done   2 out of   7 | elapsed:    4.0s remaining:   10.0s
[Parallel(n_jobs=4)]: Done   3 out of   7 | elapsed:    4.1s remaining:    5.5s
[Parallel(n_jobs=4)]: Done   4 out of   7 | elapsed:    4.2s remaining:    3.1s
[13:33:16] [load] fold=None seed=42 T=52 aggregate_days=7 window_size=None samples_per_step=48 n_train=105 (cap=105) n_test=160 (cap=175) classes_train=[0, 1, 4, 5]
[13:33:16] [load] fold=None seed=42 T=52 aggregate_days=7 window_size=None samples_per_step=48 n_train=105 (cap=105) n_test=160 (cap=175) classes_train=[0, 1, 4, 5]
[13:33:16] [load] fold=None seed=42 T=52 aggregate_days=7 window_size=None samples_per_step=48 n_train=105 (cap=105) n_test=160 (cap=175) classes_train=[0, 1, 4, 5]
[13:33:17] [load] fold=None seed=43 T=52 aggregate_days=7 window_size=None samples_per_step=48 n_train=105 (cap=105) n_test=160 (cap=175) classes_train=[0, 1, 4, 5]
[13:33:17] [load] fold=None seed=43 T=52 aggregate_days=7 window_size=None samples_per_step=48 n_train=105 (cap=105) n_test=160 (cap=175) classes_train=[0, 1, 4, 5]
[13:33:18] [load] fold=None seed=43 T=52 aggregate_days=7 window_size=None samples_per_step=48 n_train=105 (cap=105) n_test=160 (cap=175) classes_train=[0, 1, 4, 5]
[13:33:18] [load] fold=None seed=44 T=52 aggregate_days=7 window_size=None samples_per_step=48 n_train=105 (cap=105) n_test=160 (cap=175) classes_train=[0, 1, 4, 5]
[13:33:19] [load] fold=None seed=44 T=52 aggregate_days=7 window_size=None samples_per_step=48 n_train=105 (cap=105) n_test=160 (cap=175) classes_train=[0, 1, 4, 5]
[13:33:19] [load] fold=None seed=44 T=52 aggregate_days=7 window_size=None samples_per_step=48 n_train=105 (cap=105) n_test=160 (cap=175) classes_train=[0, 1, 4, 5]
[Parallel(n_jobs=4)]: Done   5 out of   7 | elapsed:    7.7s remaining:    3.1s
[Parallel(n_jobs=4)]: Done   7 out of   7 | elapsed:    7.9s finished
[13:33:19] [grid_knn] eucl_raw_nodiv: best k=1 gamma=1 f1=0.511 (3/3 runs)
[13:33:19] [optimize_gamma/river] knn: sta @ reduced scale {'samples_per_step': 8, 'max_train_samples': 12, 'max_test_samples': 8}, n_jobs=2
[Parallel(n_jobs=2)]: Using backend LokyBackend with 2 concurrent workers.
[13:33:22] [load] fold=None seed=42 T=52 aggregate_days=7 window_size=None samples_per_step=8 n_train=12 (cap=12) n_test=8 (cap=8) classes_train=[0, 1, 4, 5]
[13:33:22] [load] fold=None seed=42 T=52 aggregate_days=7 window_size=None samples_per_step=8 n_train=12 (cap=12) n_test=8 (cap=8) classes_train=[0, 1, 4, 5]
[13:33:30] [load] fold=None seed=43 T=52 aggregate_days=7 window_size=None samples_per_step=8 n_train=12 (cap=12) n_test=8 (cap=8) classes_train=[0, 1, 4, 5]
[13:33:31] [load] fold=None seed=43 T=52 aggregate_days=7 window_size=None samples_per_step=8 n_train=12 (cap=12) n_test=8 (cap=8) classes_train=[0, 1, 4, 5]
[13:33:39] [load] fold=None seed=44 T=52 aggregate_days=7 window_size=None samples_per_step=8 n_train=12 (cap=12) n_test=8 (cap=8) classes_train=[0, 1, 4, 5]
[13:33:39] [load] fold=None seed=44 T=52 aggregate_days=7 window_size=None samples_per_step=8 n_train=12 (cap=12) n_test=8 (cap=8) classes_train=[0, 1, 4, 5]
[Parallel(n_jobs=2)]: Done   1 tasks      | elapsed:   26.8s
[13:33:47] [load] fold=None seed=42 T=52 aggregate_days=7 window_size=None samples_per_step=8 n_train=12 (cap=12) n_test=8 (cap=8) classes_train=[0, 1, 4, 5]
[13:33:47] [load] fold=None seed=42 T=52 aggregate_days=7 window_size=None samples_per_step=8 n_train=12 (cap=12) n_test=8 (cap=8) classes_train=[0, 1, 4, 5]
[13:33:55] [load] fold=None seed=43 T=52 aggregate_days=7 window_size=None samples_per_step=8 n_train=12 (cap=12) n_test=8 (cap=8) classes_train=[0, 1, 4, 5]
[13:33:55] [load] fold=None seed=43 T=52 aggregate_days=7 window_size=None samples_per_step=8 n_train=12 (cap=12) n_test=8 (cap=8) classes_train=[0, 1, 4, 5]
[13:34:04] [load] fold=None seed=44 T=52 aggregate_days=7 window_size=None samples_per_step=8 n_train=12 (cap=12) n_test=8 (cap=8) classes_train=[0, 1, 4, 5]
[13:34:04] [load] fold=None seed=44 T=52 aggregate_days=7 window_size=None samples_per_step=8 n_train=12 (cap=12) n_test=8 (cap=8) classes_train=[0, 1, 4, 5]
[Parallel(n_jobs=2)]: Done   4 tasks      | elapsed:   52.4s
/home/mgallet/Documents/Codes/Python/3_DEVELOPPEMENT/WaSPS-DTW/WaSPS-DTW/.venv/lib/python3.13/site-packages/joblib/externals/loky/process_executor.py:782: UserWarning: A worker stopped while some jobs were given to the executor. This can be caused by a too short worker timeout or by a memory leak.
  warnings.warn(
[13:34:15] [load] fold=None seed=42 T=52 aggregate_days=7 window_size=None samples_per_step=8 n_train=12 (cap=12) n_test=8 (cap=8) classes_train=[0, 1, 4, 5]
[13:34:16] [load] fold=None seed=42 T=52 aggregate_days=7 window_size=None samples_per_step=8 n_train=12 (cap=12) n_test=8 (cap=8) classes_train=[0, 1, 4, 5]
[13:34:24] [load] fold=None seed=43 T=52 aggregate_days=7 window_size=None samples_per_step=8 n_train=12 (cap=12) n_test=8 (cap=8) classes_train=[0, 1, 4, 5]
[13:34:25] [load] fold=None seed=43 T=52 aggregate_days=7 window_size=None samples_per_step=8 n_train=12 (cap=12) n_test=8 (cap=8) classes_train=[0, 1, 4, 5]
[13:34:32] [load] fold=None seed=44 T=52 aggregate_days=7 window_size=None samples_per_step=8 n_train=12 (cap=12) n_test=8 (cap=8) classes_train=[0, 1, 4, 5]
[13:34:33] [load] fold=None seed=44 T=52 aggregate_days=7 window_size=None samples_per_step=8 n_train=12 (cap=12) n_test=8 (cap=8) classes_train=[0, 1, 4, 5]
[Parallel(n_jobs=2)]: Done   5 out of   7 | elapsed:  1.3min remaining:   32.1s
[13:34:40] [load] fold=None seed=42 T=52 aggregate_days=7 window_size=None samples_per_step=8 n_train=12 (cap=12) n_test=8 (cap=8) classes_train=[0, 1, 4, 5]
[13:34:48] [load] fold=None seed=43 T=52 aggregate_days=7 window_size=None samples_per_step=8 n_train=12 (cap=12) n_test=8 (cap=8) classes_train=[0, 1, 4, 5]
[13:34:55] [load] fold=None seed=44 T=52 aggregate_days=7 window_size=None samples_per_step=8 n_train=12 (cap=12) n_test=8 (cap=8) classes_train=[0, 1, 4, 5]
[Parallel(n_jobs=2)]: Done   7 out of   7 | elapsed:  1.7min finished
[13:35:03] [grid_knn] sta: best k=1 gamma=0.0001 f1=0.343 (3/3 runs)
[13:35:03] [optimize_gamma/river] barycenter: 6 methods @ full scale, n_jobs=4
[Parallel(n_jobs=4)]: Using backend LokyBackend with 4 concurrent workers.
[13:35:06] [load] fold=None seed=42 T=52 aggregate_days=7 window_size=None samples_per_step=48 n_train=105 (cap=105) n_test=160 (cap=175) classes_train=[0, 1, 4, 5]
[13:35:06] [load] fold=None seed=42 T=52 aggregate_days=7 window_size=None samples_per_step=48 n_train=105 (cap=105) n_test=160 (cap=175) classes_train=[0, 1, 4, 5]
[13:35:06] [load] fold=None seed=42 T=52 aggregate_days=7 window_size=None samples_per_step=48 n_train=105 (cap=105) n_test=160 (cap=175) classes_train=[0, 1, 4, 5]
[13:35:06] [load] fold=None seed=42 T=52 aggregate_days=7 window_size=None samples_per_step=48 n_train=105 (cap=105) n_test=160 (cap=175) classes_train=[0, 1, 4, 5]
[warn] build_repr: dropped 1/105 series with NaN params (timesteps where log_cumulant failed)
[warn] build_repr: dropped 1/105 series with NaN params (timesteps where log_cumulant failed)
[warn] build_repr: dropped 1/105 series with NaN params (timesteps where log_cumulant failed)
[warn] build_repr: dropped 1/105 series with NaN params (timesteps where log_cumulant failed)
[warn] build_repr: dropped 2/160 series with NaN params (timesteps where log_cumulant failed)
[warn] build_repr: dropped 2/160 series with NaN params (timesteps where log_cumulant failed)
[warn] build_repr: dropped 2/160 series with NaN params (timesteps where log_cumulant failed)
[warn] build_repr: dropped 2/160 series with NaN params (timesteps where log_cumulant failed)
[13:35:14] [load] fold=None seed=43 T=52 aggregate_days=7 window_size=None samples_per_step=48 n_train=105 (cap=105) n_test=160 (cap=175) classes_train=[0, 1, 4, 5]
[13:35:14] [load] fold=None seed=43 T=52 aggregate_days=7 window_size=None samples_per_step=48 n_train=105 (cap=105) n_test=160 (cap=175) classes_train=[0, 1, 4, 5]
[warn] build_repr: dropped 2/105 series with NaN params (timesteps where log_cumulant failed)
[13:35:14] [load] fold=None seed=43 T=52 aggregate_days=7 window_size=None samples_per_step=48 n_train=105 (cap=105) n_test=160 (cap=175) classes_train=[0, 1, 4, 5]
[warn] build_repr: dropped 2/105 series with NaN params (timesteps where log_cumulant failed)
[warn] build_repr: dropped 2/105 series with NaN params (timesteps where log_cumulant failed)
[13:35:14] [load] fold=None seed=43 T=52 aggregate_days=7 window_size=None samples_per_step=48 n_train=105 (cap=105) n_test=160 (cap=175) classes_train=[0, 1, 4, 5]
[warn] build_repr: dropped 2/105 series with NaN params (timesteps where log_cumulant failed)
[warn] build_repr: dropped 3/160 series with NaN params (timesteps where log_cumulant failed)
[warn] build_repr: dropped 3/160 series with NaN params (timesteps where log_cumulant failed)
[warn] build_repr: dropped 3/160 series with NaN params (timesteps where log_cumulant failed)
[warn] build_repr: dropped 3/160 series with NaN params (timesteps where log_cumulant failed)
[13:35:18] [load] fold=None seed=44 T=52 aggregate_days=7 window_size=None samples_per_step=48 n_train=105 (cap=105) n_test=160 (cap=175) classes_train=[0, 1, 4, 5]
[13:35:18] [load] fold=None seed=44 T=52 aggregate_days=7 window_size=None samples_per_step=48 n_train=105 (cap=105) n_test=160 (cap=175) classes_train=[0, 1, 4, 5]
[13:35:19] [load] fold=None seed=44 T=52 aggregate_days=7 window_size=None samples_per_step=48 n_train=105 (cap=105) n_test=160 (cap=175) classes_train=[0, 1, 4, 5]
[13:35:19] [load] fold=None seed=44 T=52 aggregate_days=7 window_size=None samples_per_step=48 n_train=105 (cap=105) n_test=160 (cap=175) classes_train=[0, 1, 4, 5]
[warn] build_repr: dropped 4/160 series with NaN params (timesteps where log_cumulant failed)
[Parallel(n_jobs=4)]: Done   1 tasks      | elapsed:   18.9s
[warn] build_repr: dropped 4/160 series with NaN params (timesteps where log_cumulant failed)
[warn] build_repr: dropped 4/160 series with NaN params (timesteps where log_cumulant failed)
[Parallel(n_jobs=4)]: Done   2 out of   7 | elapsed:   19.2s remaining:   48.1s
[warn] build_repr: dropped 4/160 series with NaN params (timesteps where log_cumulant failed)
[Parallel(n_jobs=4)]: Done   3 out of   7 | elapsed:   19.4s remaining:   25.9s
[13:35:22] [load] fold=None seed=42 T=52 aggregate_days=7 window_size=None samples_per_step=48 n_train=105 (cap=105) n_test=160 (cap=175) classes_train=[0, 1, 4, 5]
[Parallel(n_jobs=4)]: Done   4 out of   7 | elapsed:   19.6s remaining:   14.7s
[warn] build_repr: dropped 1/105 series with NaN params (timesteps where log_cumulant failed)
[13:35:22] [load] fold=None seed=42 T=52 aggregate_days=7 window_size=None samples_per_step=48 n_train=105 (cap=105) n_test=160 (cap=175) classes_train=[0, 1, 4, 5]
[warn] build_repr: dropped 1/105 series with NaN params (timesteps where log_cumulant failed)
[13:35:23] [load] fold=None seed=42 T=52 aggregate_days=7 window_size=None samples_per_step=48 n_train=105 (cap=105) n_test=160 (cap=175) classes_train=[0, 1, 4, 5]
[warn] build_repr: dropped 1/105 series with NaN params (timesteps where log_cumulant failed)
[warn] build_repr: dropped 2/160 series with NaN params (timesteps where log_cumulant failed)
[warn] build_repr: dropped 2/160 series with NaN params (timesteps where log_cumulant failed)
[warn] build_repr: dropped 2/160 series with NaN params (timesteps where log_cumulant failed)
[13:35:26] [load] fold=None seed=43 T=52 aggregate_days=7 window_size=None samples_per_step=48 n_train=105 (cap=105) n_test=160 (cap=175) classes_train=[0, 1, 4, 5]
[warn] build_repr: dropped 2/105 series with NaN params (timesteps where log_cumulant failed)
[13:35:26] [load] fold=None seed=43 T=52 aggregate_days=7 window_size=None samples_per_step=48 n_train=105 (cap=105) n_test=160 (cap=175) classes_train=[0, 1, 4, 5]
[warn] build_repr: dropped 2/105 series with NaN params (timesteps where log_cumulant failed)
[13:35:27] [load] fold=None seed=43 T=52 aggregate_days=7 window_size=None samples_per_step=48 n_train=105 (cap=105) n_test=160 (cap=175) classes_train=[0, 1, 4, 5]
[warn] build_repr: dropped 2/105 series with NaN params (timesteps where log_cumulant failed)
[warn] build_repr: dropped 3/160 series with NaN params (timesteps where log_cumulant failed)
[warn] build_repr: dropped 3/160 series with NaN params (timesteps where log_cumulant failed)
[13:35:29] [load] fold=None seed=44 T=52 aggregate_days=7 window_size=None samples_per_step=48 n_train=105 (cap=105) n_test=160 (cap=175) classes_train=[0, 1, 4, 5]
[13:35:29] [load] fold=None seed=44 T=52 aggregate_days=7 window_size=None samples_per_step=48 n_train=105 (cap=105) n_test=160 (cap=175) classes_train=[0, 1, 4, 5]
[warn] build_repr: dropped 3/160 series with NaN params (timesteps where log_cumulant failed)
[13:35:30] [load] fold=None seed=44 T=52 aggregate_days=7 window_size=None samples_per_step=48 n_train=105 (cap=105) n_test=160 (cap=175) classes_train=[0, 1, 4, 5]
[warn] build_repr: dropped 4/160 series with NaN params (timesteps where log_cumulant failed)
[warn] build_repr: dropped 4/160 series with NaN params (timesteps where log_cumulant failed)
[Parallel(n_jobs=4)]: Done   5 out of   7 | elapsed:   29.3s remaining:   11.7s
[warn] build_repr: dropped 4/160 series with NaN params (timesteps where log_cumulant failed)
[Parallel(n_jobs=4)]: Done   7 out of   7 | elapsed:   29.9s finished
[13:35:32] [grid_bary] wasps: best lr=0.001 gamma=1e+04 f1=0.453 (3/3 runs)
[Parallel(n_jobs=4)]: Using backend LokyBackend with 4 concurrent workers.
[13:35:33] [load] fold=None seed=42 T=52 aggregate_days=7 window_size=None samples_per_step=48 n_train=105 (cap=105) n_test=160 (cap=175) classes_train=[0, 1, 4, 5]
[13:35:33] [load] fold=None seed=42 T=52 aggregate_days=7 window_size=None samples_per_step=48 n_train=105 (cap=105) n_test=160 (cap=175) classes_train=[0, 1, 4, 5]
[13:35:33] [load] fold=None seed=42 T=52 aggregate_days=7 window_size=None samples_per_step=48 n_train=105 (cap=105) n_test=160 (cap=175) classes_train=[0, 1, 4, 5]
[13:35:33] [load] fold=None seed=42 T=52 aggregate_days=7 window_size=None samples_per_step=48 n_train=105 (cap=105) n_test=160 (cap=175) classes_train=[0, 1, 4, 5]
[warn] build_repr: dropped 1/105 series with NaN params (timesteps where log_cumulant failed)
[warn] build_repr: dropped 1/105 series with NaN params (timesteps where log_cumulant failed)
[warn] build_repr: dropped 1/105 series with NaN params (timesteps where log_cumulant failed)
[warn] build_repr: dropped 1/105 series with NaN params (timesteps where log_cumulant failed)
[warn] build_repr: dropped 2/160 series with NaN params (timesteps where log_cumulant failed)
[warn] build_repr: dropped 2/160 series with NaN params (timesteps where log_cumulant failed)
[warn] build_repr: dropped 2/160 series with NaN params (timesteps where log_cumulant failed)
[warn] build_repr: dropped 2/160 series with NaN params (timesteps where log_cumulant failed)
[13:35:36] [load] fold=None seed=43 T=52 aggregate_days=7 window_size=None samples_per_step=48 n_train=105 (cap=105) n_test=160 (cap=175) classes_train=[0, 1, 4, 5]
[warn] build_repr: dropped 2/105 series with NaN params (timesteps where log_cumulant failed)
[13:35:36] [load] fold=None seed=43 T=52 aggregate_days=7 window_size=None samples_per_step=48 n_train=105 (cap=105) n_test=160 (cap=175) classes_train=[0, 1, 4, 5]
[13:35:36] [load] fold=None seed=43 T=52 aggregate_days=7 window_size=None samples_per_step=48 n_train=105 (cap=105) n_test=160 (cap=175) classes_train=[0, 1, 4, 5]
[warn] build_repr: dropped 2/105 series with NaN params (timesteps where log_cumulant failed)
[warn] build_repr: dropped 2/105 series with NaN params (timesteps where log_cumulant failed)
[13:35:37] [load] fold=None seed=43 T=52 aggregate_days=7 window_size=None samples_per_step=48 n_train=105 (cap=105) n_test=160 (cap=175) classes_train=[0, 1, 4, 5]
[warn] build_repr: dropped 2/105 series with NaN params (timesteps where log_cumulant failed)
[warn] build_repr: dropped 3/160 series with NaN params (timesteps where log_cumulant failed)
[warn] build_repr: dropped 3/160 series with NaN params (timesteps where log_cumulant failed)
[warn] build_repr: dropped 3/160 series with NaN params (timesteps where log_cumulant failed)
[warn] build_repr: dropped 3/160 series with NaN params (timesteps where log_cumulant failed)
[13:35:39] [load] fold=None seed=44 T=52 aggregate_days=7 window_size=None samples_per_step=48 n_train=105 (cap=105) n_test=160 (cap=175) classes_train=[0, 1, 4, 5]
[13:35:39] [load] fold=None seed=44 T=52 aggregate_days=7 window_size=None samples_per_step=48 n_train=105 (cap=105) n_test=160 (cap=175) classes_train=[0, 1, 4, 5]
[13:35:39] [load] fold=None seed=44 T=52 aggregate_days=7 window_size=None samples_per_step=48 n_train=105 (cap=105) n_test=160 (cap=175) classes_train=[0, 1, 4, 5]
[13:35:40] [load] fold=None seed=44 T=52 aggregate_days=7 window_size=None samples_per_step=48 n_train=105 (cap=105) n_test=160 (cap=175) classes_train=[0, 1, 4, 5]
[warn] build_repr: dropped 4/160 series with NaN params (timesteps where log_cumulant failed)
[warn] build_repr: dropped 4/160 series with NaN params (timesteps where log_cumulant failed)
[Parallel(n_jobs=4)]: Done   1 tasks      | elapsed:    9.2s
[warn] build_repr: dropped 4/160 series with NaN params (timesteps where log_cumulant failed)
[warn] build_repr: dropped 4/160 series with NaN params (timesteps where log_cumulant failed)
[Parallel(n_jobs=4)]: Done   2 out of   7 | elapsed:    9.3s remaining:   23.4s
[Parallel(n_jobs=4)]: Done   3 out of   7 | elapsed:    9.4s remaining:   12.6s
[Parallel(n_jobs=4)]: Done   4 out of   7 | elapsed:    9.5s remaining:    7.1s
[13:35:42] [load] fold=None seed=42 T=52 aggregate_days=7 window_size=None samples_per_step=48 n_train=105 (cap=105) n_test=160 (cap=175) classes_train=[0, 1, 4, 5]
[warn] build_repr: dropped 1/105 series with NaN params (timesteps where log_cumulant failed)
[13:35:42] [load] fold=None seed=42 T=52 aggregate_days=7 window_size=None samples_per_step=48 n_train=105 (cap=105) n_test=160 (cap=175) classes_train=[0, 1, 4, 5]
[13:35:43] [load] fold=None seed=42 T=52 aggregate_days=7 window_size=None samples_per_step=48 n_train=105 (cap=105) n_test=160 (cap=175) classes_train=[0, 1, 4, 5]
[warn] build_repr: dropped 1/105 series with NaN params (timesteps where log_cumulant failed)
[warn] build_repr: dropped 1/105 series with NaN params (timesteps where log_cumulant failed)
[warn] build_repr: dropped 2/160 series with NaN params (timesteps where log_cumulant failed)
[warn] build_repr: dropped 2/160 series with NaN params (timesteps where log_cumulant failed)
[warn] build_repr: dropped 2/160 series with NaN params (timesteps where log_cumulant failed)
[13:35:45] [load] fold=None seed=43 T=52 aggregate_days=7 window_size=None samples_per_step=48 n_train=105 (cap=105) n_test=160 (cap=175) classes_train=[0, 1, 4, 5]
[warn] build_repr: dropped 2/105 series with NaN params (timesteps where log_cumulant failed)
[13:35:45] [load] fold=None seed=43 T=52 aggregate_days=7 window_size=None samples_per_step=48 n_train=105 (cap=105) n_test=160 (cap=175) classes_train=[0, 1, 4, 5]
[warn] build_repr: dropped 2/105 series with NaN params (timesteps where log_cumulant failed)
[13:35:45] [load] fold=None seed=43 T=52 aggregate_days=7 window_size=None samples_per_step=48 n_train=105 (cap=105) n_test=160 (cap=175) classes_train=[0, 1, 4, 5]
[warn] build_repr: dropped 2/105 series with NaN params (timesteps where log_cumulant failed)
[warn] build_repr: dropped 3/160 series with NaN params (timesteps where log_cumulant failed)
[warn] build_repr: dropped 3/160 series with NaN params (timesteps where log_cumulant failed)
[warn] build_repr: dropped 3/160 series with NaN params (timesteps where log_cumulant failed)
[13:35:47] [load] fold=None seed=44 T=52 aggregate_days=7 window_size=None samples_per_step=48 n_train=105 (cap=105) n_test=160 (cap=175) classes_train=[0, 1, 4, 5]
[13:35:47] [load] fold=None seed=44 T=52 aggregate_days=7 window_size=None samples_per_step=48 n_train=105 (cap=105) n_test=160 (cap=175) classes_train=[0, 1, 4, 5]
[warn] build_repr: dropped 4/160 series with NaN params (timesteps where log_cumulant failed)
[13:35:48] [load] fold=None seed=44 T=52 aggregate_days=7 window_size=None samples_per_step=48 n_train=105 (cap=105) n_test=160 (cap=175) classes_train=[0, 1, 4, 5]
[Parallel(n_jobs=4)]: Done   5 out of   7 | elapsed:   15.4s remaining:    6.2s
[warn] build_repr: dropped 4/160 series with NaN params (timesteps where log_cumulant failed)
[warn] build_repr: dropped 4/160 series with NaN params (timesteps where log_cumulant failed)
[Parallel(n_jobs=4)]: Done   7 out of   7 | elapsed:   16.6s finished
[13:35:49] [grid_bary] wasps_nodiv: best lr=0.001 gamma=100 f1=0.454 (3/3 runs)
[Parallel(n_jobs=4)]: Using backend LokyBackend with 4 concurrent workers.
[13:35:50] [load] fold=None seed=42 T=52 aggregate_days=7 window_size=None samples_per_step=48 n_train=105 (cap=105) n_test=160 (cap=175) classes_train=[0, 1, 4, 5]
[13:35:50] [load] fold=None seed=42 T=52 aggregate_days=7 window_size=None samples_per_step=48 n_train=105 (cap=105) n_test=160 (cap=175) classes_train=[0, 1, 4, 5]
[13:35:50] [load] fold=None seed=42 T=52 aggregate_days=7 window_size=None samples_per_step=48 n_train=105 (cap=105) n_test=160 (cap=175) classes_train=[0, 1, 4, 5]
[13:35:50] [load] fold=None seed=42 T=52 aggregate_days=7 window_size=None samples_per_step=48 n_train=105 (cap=105) n_test=160 (cap=175) classes_train=[0, 1, 4, 5]
[warn] build_repr: dropped 1/105 series with NaN params (timesteps where log_cumulant failed)
[warn] build_repr: dropped 1/105 series with NaN params (timesteps where log_cumulant failed)
[warn] build_repr: dropped 1/105 series with NaN params (timesteps where log_cumulant failed)
[warn] build_repr: dropped 1/105 series with NaN params (timesteps where log_cumulant failed)
[warn] build_repr: dropped 2/160 series with NaN params (timesteps where log_cumulant failed)
[warn] build_repr: dropped 2/160 series with NaN params (timesteps where log_cumulant failed)
[warn] build_repr: dropped 2/160 series with NaN params (timesteps where log_cumulant failed)
[warn] build_repr: dropped 2/160 series with NaN params (timesteps where log_cumulant failed)
[13:35:54] [load] fold=None seed=43 T=52 aggregate_days=7 window_size=None samples_per_step=48 n_train=105 (cap=105) n_test=160 (cap=175) classes_train=[0, 1, 4, 5]
[13:35:54] [load] fold=None seed=43 T=52 aggregate_days=7 window_size=None samples_per_step=48 n_train=105 (cap=105) n_test=160 (cap=175) classes_train=[0, 1, 4, 5]
[warn] build_repr: dropped 2/105 series with NaN params (timesteps where log_cumulant failed)
[13:35:54] [load] fold=None seed=43 T=52 aggregate_days=7 window_size=None samples_per_step=48 n_train=105 (cap=105) n_test=160 (cap=175) classes_train=[0, 1, 4, 5]
[warn] build_repr: dropped 2/105 series with NaN params (timesteps where log_cumulant failed)
[warn] build_repr: dropped 2/105 series with NaN params (timesteps where log_cumulant failed)
[13:35:54] [load] fold=None seed=43 T=52 aggregate_days=7 window_size=None samples_per_step=48 n_train=105 (cap=105) n_test=160 (cap=175) classes_train=[0, 1, 4, 5]
[warn] build_repr: dropped 2/105 series with NaN params (timesteps where log_cumulant failed)
[warn] build_repr: dropped 3/160 series with NaN params (timesteps where log_cumulant failed)
[warn] build_repr: dropped 3/160 series with NaN params (timesteps where log_cumulant failed)
[warn] build_repr: dropped 3/160 series with NaN params (timesteps where log_cumulant failed)
[warn] build_repr: dropped 3/160 series with NaN params (timesteps where log_cumulant failed)
[13:35:58] [load] fold=None seed=44 T=52 aggregate_days=7 window_size=None samples_per_step=48 n_train=105 (cap=105) n_test=160 (cap=175) classes_train=[0, 1, 4, 5]
[13:35:58] [load] fold=None seed=44 T=52 aggregate_days=7 window_size=None samples_per_step=48 n_train=105 (cap=105) n_test=160 (cap=175) classes_train=[0, 1, 4, 5]
[13:35:58] [load] fold=None seed=44 T=52 aggregate_days=7 window_size=None samples_per_step=48 n_train=105 (cap=105) n_test=160 (cap=175) classes_train=[0, 1, 4, 5]
[13:35:58] [load] fold=None seed=44 T=52 aggregate_days=7 window_size=None samples_per_step=48 n_train=105 (cap=105) n_test=160 (cap=175) classes_train=[0, 1, 4, 5]
[warn] build_repr: dropped 4/160 series with NaN params (timesteps where log_cumulant failed)
[warn] build_repr: dropped 4/160 series with NaN params (timesteps where log_cumulant failed)
[warn] build_repr: dropped 4/160 series with NaN params (timesteps where log_cumulant failed)
[warn] build_repr: dropped 4/160 series with NaN params (timesteps where log_cumulant failed)
[Parallel(n_jobs=4)]: Done   1 tasks      | elapsed:   11.7s
[Parallel(n_jobs=4)]: Done   2 out of   7 | elapsed:   11.7s remaining:   29.4s
[Parallel(n_jobs=4)]: Done   3 out of   7 | elapsed:   11.8s remaining:   15.7s
[Parallel(n_jobs=4)]: Done   4 out of   7 | elapsed:   11.9s remaining:    8.9s
[13:36:01] [load] fold=None seed=42 T=52 aggregate_days=7 window_size=None samples_per_step=48 n_train=105 (cap=105) n_test=160 (cap=175) classes_train=[0, 1, 4, 5]
[warn] build_repr: dropped 1/105 series with NaN params (timesteps where log_cumulant failed)
[13:36:01] [load] fold=None seed=42 T=52 aggregate_days=7 window_size=None samples_per_step=48 n_train=105 (cap=105) n_test=160 (cap=175) classes_train=[0, 1, 4, 5]
[13:36:01] [load] fold=None seed=42 T=52 aggregate_days=7 window_size=None samples_per_step=48 n_train=105 (cap=105) n_test=160 (cap=175) classes_train=[0, 1, 4, 5]
[warn] build_repr: dropped 1/105 series with NaN params (timesteps where log_cumulant failed)
[warn] build_repr: dropped 1/105 series with NaN params (timesteps where log_cumulant failed)
[warn] build_repr: dropped 2/160 series with NaN params (timesteps where log_cumulant failed)
[warn] build_repr: dropped 2/160 series with NaN params (timesteps where log_cumulant failed)
[warn] build_repr: dropped 2/160 series with NaN params (timesteps where log_cumulant failed)
[13:36:05] [load] fold=None seed=43 T=52 aggregate_days=7 window_size=None samples_per_step=48 n_train=105 (cap=105) n_test=160 (cap=175) classes_train=[0, 1, 4, 5]
[warn] build_repr: dropped 2/105 series with NaN params (timesteps where log_cumulant failed)
[13:36:05] [load] fold=None seed=43 T=52 aggregate_days=7 window_size=None samples_per_step=48 n_train=105 (cap=105) n_test=160 (cap=175) classes_train=[0, 1, 4, 5]
[warn] build_repr: dropped 2/105 series with NaN params (timesteps where log_cumulant failed)
[13:36:05] [load] fold=None seed=43 T=52 aggregate_days=7 window_size=None samples_per_step=48 n_train=105 (cap=105) n_test=160 (cap=175) classes_train=[0, 1, 4, 5]
[warn] build_repr: dropped 2/105 series with NaN params (timesteps where log_cumulant failed)
[warn] build_repr: dropped 3/160 series with NaN params (timesteps where log_cumulant failed)
[warn] build_repr: dropped 3/160 series with NaN params (timesteps where log_cumulant failed)
[warn] build_repr: dropped 3/160 series with NaN params (timesteps where log_cumulant failed)
[13:36:08] [load] fold=None seed=44 T=52 aggregate_days=7 window_size=None samples_per_step=48 n_train=105 (cap=105) n_test=160 (cap=175) classes_train=[0, 1, 4, 5]
[13:36:08] [load] fold=None seed=44 T=52 aggregate_days=7 window_size=None samples_per_step=48 n_train=105 (cap=105) n_test=160 (cap=175) classes_train=[0, 1, 4, 5]
[13:36:09] [load] fold=None seed=44 T=52 aggregate_days=7 window_size=None samples_per_step=48 n_train=105 (cap=105) n_test=160 (cap=175) classes_train=[0, 1, 4, 5]
[warn] build_repr: dropped 4/160 series with NaN params (timesteps where log_cumulant failed)
[Parallel(n_jobs=4)]: Done   5 out of   7 | elapsed:   21.7s remaining:    8.7s
[warn] build_repr: dropped 4/160 series with NaN params (timesteps where log_cumulant failed)
[warn] build_repr: dropped 4/160 series with NaN params (timesteps where log_cumulant failed)
[Parallel(n_jobs=4)]: Done   7 out of   7 | elapsed:   22.2s finished
[13:36:11] [grid_bary] eucl_params: best lr=0.001 gamma=1e+04 f1=0.283 (3/3 runs)
[Parallel(n_jobs=4)]: Using backend LokyBackend with 4 concurrent workers.
[13:36:12] [load] fold=None seed=42 T=52 aggregate_days=7 window_size=None samples_per_step=48 n_train=105 (cap=105) n_test=160 (cap=175) classes_train=[0, 1, 4, 5]
[13:36:12] [load] fold=None seed=42 T=52 aggregate_days=7 window_size=None samples_per_step=48 n_train=105 (cap=105) n_test=160 (cap=175) classes_train=[0, 1, 4, 5]
[13:36:12] [load] fold=None seed=42 T=52 aggregate_days=7 window_size=None samples_per_step=48 n_train=105 (cap=105) n_test=160 (cap=175) classes_train=[0, 1, 4, 5]
[13:36:12] [load] fold=None seed=42 T=52 aggregate_days=7 window_size=None samples_per_step=48 n_train=105 (cap=105) n_test=160 (cap=175) classes_train=[0, 1, 4, 5]
[warn] build_repr: dropped 1/105 series with NaN params (timesteps where log_cumulant failed)
[warn] build_repr: dropped 1/105 series with NaN params (timesteps where log_cumulant failed)
[warn] build_repr: dropped 1/105 series with NaN params (timesteps where log_cumulant failed)
[warn] build_repr: dropped 1/105 series with NaN params (timesteps where log_cumulant failed)
[warn] build_repr: dropped 2/160 series with NaN params (timesteps where log_cumulant failed)
[warn] build_repr: dropped 2/160 series with NaN params (timesteps where log_cumulant failed)
[warn] build_repr: dropped 2/160 series with NaN params (timesteps where log_cumulant failed)
[warn] build_repr: dropped 2/160 series with NaN params (timesteps where log_cumulant failed)
[13:36:15] [load] fold=None seed=43 T=52 aggregate_days=7 window_size=None samples_per_step=48 n_train=105 (cap=105) n_test=160 (cap=175) classes_train=[0, 1, 4, 5]
[warn] build_repr: dropped 2/105 series with NaN params (timesteps where log_cumulant failed)
[13:36:15] [load] fold=None seed=43 T=52 aggregate_days=7 window_size=None samples_per_step=48 n_train=105 (cap=105) n_test=160 (cap=175) classes_train=[0, 1, 4, 5]
[13:36:15] [load] fold=None seed=43 T=52 aggregate_days=7 window_size=None samples_per_step=48 n_train=105 (cap=105) n_test=160 (cap=175) classes_train=[0, 1, 4, 5]
[13:36:15] [load] fold=None seed=43 T=52 aggregate_days=7 window_size=None samples_per_step=48 n_train=105 (cap=105) n_test=160 (cap=175) classes_train=[0, 1, 4, 5]
[warn] build_repr: dropped 2/105 series with NaN params (timesteps where log_cumulant failed)
[warn] build_repr: dropped 2/105 series with NaN params (timesteps where log_cumulant failed)
[warn] build_repr: dropped 2/105 series with NaN params (timesteps where log_cumulant failed)
[warn] build_repr: dropped 3/160 series with NaN params (timesteps where log_cumulant failed)
[warn] build_repr: dropped 3/160 series with NaN params (timesteps where log_cumulant failed)
[warn] build_repr: dropped 3/160 series with NaN params (timesteps where log_cumulant failed)
[warn] build_repr: dropped 3/160 series with NaN params (timesteps where log_cumulant failed)
[13:36:18] [load] fold=None seed=44 T=52 aggregate_days=7 window_size=None samples_per_step=48 n_train=105 (cap=105) n_test=160 (cap=175) classes_train=[0, 1, 4, 5]
[13:36:18] [load] fold=None seed=44 T=52 aggregate_days=7 window_size=None samples_per_step=48 n_train=105 (cap=105) n_test=160 (cap=175) classes_train=[0, 1, 4, 5]
[13:36:18] [load] fold=None seed=44 T=52 aggregate_days=7 window_size=None samples_per_step=48 n_train=105 (cap=105) n_test=160 (cap=175) classes_train=[0, 1, 4, 5]
[13:36:18] [load] fold=None seed=44 T=52 aggregate_days=7 window_size=None samples_per_step=48 n_train=105 (cap=105) n_test=160 (cap=175) classes_train=[0, 1, 4, 5]
[warn] build_repr: dropped 4/160 series with NaN params (timesteps where log_cumulant failed)
[Parallel(n_jobs=4)]: Done   1 tasks      | elapsed:    8.5s
[warn] build_repr: dropped 4/160 series with NaN params (timesteps where log_cumulant failed)
[warn] build_repr: dropped 4/160 series with NaN params (timesteps where log_cumulant failed)
[warn] build_repr: dropped 4/160 series with NaN params (timesteps where log_cumulant failed)
[Parallel(n_jobs=4)]: Done   2 out of   7 | elapsed:    8.8s remaining:   22.0s
[Parallel(n_jobs=4)]: Done   3 out of   7 | elapsed:    8.8s remaining:   11.7s
[Parallel(n_jobs=4)]: Done   4 out of   7 | elapsed:    8.9s remaining:    6.6s
[13:36:20] [load] fold=None seed=42 T=52 aggregate_days=7 window_size=None samples_per_step=48 n_train=105 (cap=105) n_test=160 (cap=175) classes_train=[0, 1, 4, 5]
[warn] build_repr: dropped 1/105 series with NaN params (timesteps where log_cumulant failed)
[13:36:21] [load] fold=None seed=42 T=52 aggregate_days=7 window_size=None samples_per_step=48 n_train=105 (cap=105) n_test=160 (cap=175) classes_train=[0, 1, 4, 5]
[13:36:21] [load] fold=None seed=42 T=52 aggregate_days=7 window_size=None samples_per_step=48 n_train=105 (cap=105) n_test=160 (cap=175) classes_train=[0, 1, 4, 5]
[warn] build_repr: dropped 1/105 series with NaN params (timesteps where log_cumulant failed)
[warn] build_repr: dropped 1/105 series with NaN params (timesteps where log_cumulant failed)
[warn] build_repr: dropped 2/160 series with NaN params (timesteps where log_cumulant failed)
[warn] build_repr: dropped 2/160 series with NaN params (timesteps where log_cumulant failed)
[warn] build_repr: dropped 2/160 series with NaN params (timesteps where log_cumulant failed)
[13:36:23] [load] fold=None seed=43 T=52 aggregate_days=7 window_size=None samples_per_step=48 n_train=105 (cap=105) n_test=160 (cap=175) classes_train=[0, 1, 4, 5]
[warn] build_repr: dropped 2/105 series with NaN params (timesteps where log_cumulant failed)
[13:36:23] [load] fold=None seed=43 T=52 aggregate_days=7 window_size=None samples_per_step=48 n_train=105 (cap=105) n_test=160 (cap=175) classes_train=[0, 1, 4, 5]
[warn] build_repr: dropped 2/105 series with NaN params (timesteps where log_cumulant failed)
[13:36:24] [load] fold=None seed=43 T=52 aggregate_days=7 window_size=None samples_per_step=48 n_train=105 (cap=105) n_test=160 (cap=175) classes_train=[0, 1, 4, 5]
[warn] build_repr: dropped 2/105 series with NaN params (timesteps where log_cumulant failed)
[warn] build_repr: dropped 3/160 series with NaN params (timesteps where log_cumulant failed)
[warn] build_repr: dropped 3/160 series with NaN params (timesteps where log_cumulant failed)
[13:36:25] [load] fold=None seed=44 T=52 aggregate_days=7 window_size=None samples_per_step=48 n_train=105 (cap=105) n_test=160 (cap=175) classes_train=[0, 1, 4, 5]
[warn] build_repr: dropped 3/160 series with NaN params (timesteps where log_cumulant failed)
[13:36:26] [load] fold=None seed=44 T=52 aggregate_days=7 window_size=None samples_per_step=48 n_train=105 (cap=105) n_test=160 (cap=175) classes_train=[0, 1, 4, 5]
[13:36:26] [load] fold=None seed=44 T=52 aggregate_days=7 window_size=None samples_per_step=48 n_train=105 (cap=105) n_test=160 (cap=175) classes_train=[0, 1, 4, 5]
[warn] build_repr: dropped 4/160 series with NaN params (timesteps where log_cumulant failed)
[Parallel(n_jobs=4)]: Done   5 out of   7 | elapsed:   15.5s remaining:    6.2s
[warn] build_repr: dropped 4/160 series with NaN params (timesteps where log_cumulant failed)
[warn] build_repr: dropped 4/160 series with NaN params (timesteps where log_cumulant failed)
[Parallel(n_jobs=4)]: Done   7 out of   7 | elapsed:   16.4s finished
[13:36:28] [grid_bary] eucl_params_nodiv: best lr=0.001 gamma=1e+04 f1=0.285 (3/3 runs)
[Parallel(n_jobs=4)]: Using backend LokyBackend with 4 concurrent workers.
[13:36:28] [load] fold=None seed=42 T=52 aggregate_days=7 window_size=None samples_per_step=48 n_train=105 (cap=105) n_test=160 (cap=175) classes_train=[0, 1, 4, 5]
[13:36:28] [load] fold=None seed=42 T=52 aggregate_days=7 window_size=None samples_per_step=48 n_train=105 (cap=105) n_test=160 (cap=175) classes_train=[0, 1, 4, 5]
[13:36:28] [load] fold=None seed=42 T=52 aggregate_days=7 window_size=None samples_per_step=48 n_train=105 (cap=105) n_test=160 (cap=175) classes_train=[0, 1, 4, 5]
[13:36:28] [load] fold=None seed=42 T=52 aggregate_days=7 window_size=None samples_per_step=48 n_train=105 (cap=105) n_test=160 (cap=175) classes_train=[0, 1, 4, 5]
[13:36:33] [load] fold=None seed=43 T=52 aggregate_days=7 window_size=None samples_per_step=48 n_train=105 (cap=105) n_test=160 (cap=175) classes_train=[0, 1, 4, 5]
[13:36:33] [load] fold=None seed=43 T=52 aggregate_days=7 window_size=None samples_per_step=48 n_train=105 (cap=105) n_test=160 (cap=175) classes_train=[0, 1, 4, 5]
[13:36:33] [load] fold=None seed=43 T=52 aggregate_days=7 window_size=None samples_per_step=48 n_train=105 (cap=105) n_test=160 (cap=175) classes_train=[0, 1, 4, 5]
[13:36:33] [load] fold=None seed=43 T=52 aggregate_days=7 window_size=None samples_per_step=48 n_train=105 (cap=105) n_test=160 (cap=175) classes_train=[0, 1, 4, 5]
[13:36:37] [load] fold=None seed=44 T=52 aggregate_days=7 window_size=None samples_per_step=48 n_train=105 (cap=105) n_test=160 (cap=175) classes_train=[0, 1, 4, 5]
[13:36:37] [load] fold=None seed=44 T=52 aggregate_days=7 window_size=None samples_per_step=48 n_train=105 (cap=105) n_test=160 (cap=175) classes_train=[0, 1, 4, 5]
[13:36:37] [load] fold=None seed=44 T=52 aggregate_days=7 window_size=None samples_per_step=48 n_train=105 (cap=105) n_test=160 (cap=175) classes_train=[0, 1, 4, 5]
[13:36:37] [load] fold=None seed=44 T=52 aggregate_days=7 window_size=None samples_per_step=48 n_train=105 (cap=105) n_test=160 (cap=175) classes_train=[0, 1, 4, 5]
[Parallel(n_jobs=4)]: Done   1 tasks      | elapsed:   12.9s
[Parallel(n_jobs=4)]: Done   2 out of   7 | elapsed:   13.0s remaining:   32.6s
[Parallel(n_jobs=4)]: Done   3 out of   7 | elapsed:   13.1s remaining:   17.4s
[Parallel(n_jobs=4)]: Done   4 out of   7 | elapsed:   13.1s remaining:    9.8s
[13:36:41] [load] fold=None seed=42 T=52 aggregate_days=7 window_size=None samples_per_step=48 n_train=105 (cap=105) n_test=160 (cap=175) classes_train=[0, 1, 4, 5]
[13:36:41] [load] fold=None seed=42 T=52 aggregate_days=7 window_size=None samples_per_step=48 n_train=105 (cap=105) n_test=160 (cap=175) classes_train=[0, 1, 4, 5]
[13:36:41] [load] fold=None seed=42 T=52 aggregate_days=7 window_size=None samples_per_step=48 n_train=105 (cap=105) n_test=160 (cap=175) classes_train=[0, 1, 4, 5]
[13:36:45] [load] fold=None seed=43 T=52 aggregate_days=7 window_size=None samples_per_step=48 n_train=105 (cap=105) n_test=160 (cap=175) classes_train=[0, 1, 4, 5]
[13:36:45] [load] fold=None seed=43 T=52 aggregate_days=7 window_size=None samples_per_step=48 n_train=105 (cap=105) n_test=160 (cap=175) classes_train=[0, 1, 4, 5]
[13:36:45] [load] fold=None seed=43 T=52 aggregate_days=7 window_size=None samples_per_step=48 n_train=105 (cap=105) n_test=160 (cap=175) classes_train=[0, 1, 4, 5]
[13:36:49] [load] fold=None seed=44 T=52 aggregate_days=7 window_size=None samples_per_step=48 n_train=105 (cap=105) n_test=160 (cap=175) classes_train=[0, 1, 4, 5]
[13:36:49] [load] fold=None seed=44 T=52 aggregate_days=7 window_size=None samples_per_step=48 n_train=105 (cap=105) n_test=160 (cap=175) classes_train=[0, 1, 4, 5]
[13:36:49] [load] fold=None seed=44 T=52 aggregate_days=7 window_size=None samples_per_step=48 n_train=105 (cap=105) n_test=160 (cap=175) classes_train=[0, 1, 4, 5]
[Parallel(n_jobs=4)]: Done   5 out of   7 | elapsed:   23.7s remaining:    9.5s
[Parallel(n_jobs=4)]: Done   7 out of   7 | elapsed:   23.9s finished
[13:36:52] [grid_bary] eucl_raw: best lr=0.001 gamma=100 f1=0.310 (3/3 runs)
[Parallel(n_jobs=4)]: Using backend LokyBackend with 4 concurrent workers.
[13:36:52] [load] fold=None seed=42 T=52 aggregate_days=7 window_size=None samples_per_step=48 n_train=105 (cap=105) n_test=160 (cap=175) classes_train=[0, 1, 4, 5]
[13:36:52] [load] fold=None seed=42 T=52 aggregate_days=7 window_size=None samples_per_step=48 n_train=105 (cap=105) n_test=160 (cap=175) classes_train=[0, 1, 4, 5]
[13:36:52] [load] fold=None seed=42 T=52 aggregate_days=7 window_size=None samples_per_step=48 n_train=105 (cap=105) n_test=160 (cap=175) classes_train=[0, 1, 4, 5]
[13:36:52] [load] fold=None seed=42 T=52 aggregate_days=7 window_size=None samples_per_step=48 n_train=105 (cap=105) n_test=160 (cap=175) classes_train=[0, 1, 4, 5]
[13:36:56] [load] fold=None seed=43 T=52 aggregate_days=7 window_size=None samples_per_step=48 n_train=105 (cap=105) n_test=160 (cap=175) classes_train=[0, 1, 4, 5]
[13:36:56] [load] fold=None seed=43 T=52 aggregate_days=7 window_size=None samples_per_step=48 n_train=105 (cap=105) n_test=160 (cap=175) classes_train=[0, 1, 4, 5]
[13:36:56] [load] fold=None seed=43 T=52 aggregate_days=7 window_size=None samples_per_step=48 n_train=105 (cap=105) n_test=160 (cap=175) classes_train=[0, 1, 4, 5]
[13:36:56] [load] fold=None seed=43 T=52 aggregate_days=7 window_size=None samples_per_step=48 n_train=105 (cap=105) n_test=160 (cap=175) classes_train=[0, 1, 4, 5]
[13:36:58] [load] fold=None seed=44 T=52 aggregate_days=7 window_size=None samples_per_step=48 n_train=105 (cap=105) n_test=160 (cap=175) classes_train=[0, 1, 4, 5]
[13:36:59] [load] fold=None seed=44 T=52 aggregate_days=7 window_size=None samples_per_step=48 n_train=105 (cap=105) n_test=160 (cap=175) classes_train=[0, 1, 4, 5]
[13:36:59] [load] fold=None seed=44 T=52 aggregate_days=7 window_size=None samples_per_step=48 n_train=105 (cap=105) n_test=160 (cap=175) classes_train=[0, 1, 4, 5]
[13:36:59] [load] fold=None seed=44 T=52 aggregate_days=7 window_size=None samples_per_step=48 n_train=105 (cap=105) n_test=160 (cap=175) classes_train=[0, 1, 4, 5]
[Parallel(n_jobs=4)]: Done   1 tasks      | elapsed:    9.1s
[Parallel(n_jobs=4)]: Done   2 out of   7 | elapsed:    9.2s remaining:   23.1s
[Parallel(n_jobs=4)]: Done   3 out of   7 | elapsed:    9.3s remaining:   12.4s
[13:37:01] [load] fold=None seed=42 T=52 aggregate_days=7 window_size=None samples_per_step=48 n_train=105 (cap=105) n_test=160 (cap=175) classes_train=[0, 1, 4, 5]
[Parallel(n_jobs=4)]: Done   4 out of   7 | elapsed:    9.7s remaining:    7.3s
[13:37:01] [load] fold=None seed=42 T=52 aggregate_days=7 window_size=None samples_per_step=48 n_train=105 (cap=105) n_test=160 (cap=175) classes_train=[0, 1, 4, 5]
[13:37:01] [load] fold=None seed=42 T=52 aggregate_days=7 window_size=None samples_per_step=48 n_train=105 (cap=105) n_test=160 (cap=175) classes_train=[0, 1, 4, 5]
[13:37:05] [load] fold=None seed=43 T=52 aggregate_days=7 window_size=None samples_per_step=48 n_train=105 (cap=105) n_test=160 (cap=175) classes_train=[0, 1, 4, 5]
[13:37:05] [load] fold=None seed=43 T=52 aggregate_days=7 window_size=None samples_per_step=48 n_train=105 (cap=105) n_test=160 (cap=175) classes_train=[0, 1, 4, 5]
[13:37:05] [load] fold=None seed=43 T=52 aggregate_days=7 window_size=None samples_per_step=48 n_train=105 (cap=105) n_test=160 (cap=175) classes_train=[0, 1, 4, 5]
[13:37:07] [load] fold=None seed=44 T=52 aggregate_days=7 window_size=None samples_per_step=48 n_train=105 (cap=105) n_test=160 (cap=175) classes_train=[0, 1, 4, 5]
[13:37:07] [load] fold=None seed=44 T=52 aggregate_days=7 window_size=None samples_per_step=48 n_train=105 (cap=105) n_test=160 (cap=175) classes_train=[0, 1, 4, 5]
[13:37:08] [load] fold=None seed=44 T=52 aggregate_days=7 window_size=None samples_per_step=48 n_train=105 (cap=105) n_test=160 (cap=175) classes_train=[0, 1, 4, 5]
[Parallel(n_jobs=4)]: Done   5 out of   7 | elapsed:   17.3s remaining:    6.9s
[Parallel(n_jobs=4)]: Done   7 out of   7 | elapsed:   17.8s finished
[13:37:09] [grid_bary] eucl_raw_nodiv: best lr=0.001 gamma=100 f1=0.310 (3/3 runs)
[13:37:09] [optimize_gamma/river] barycenter: sta @ reduced scale {'samples_per_step': 8, 'max_train_samples': 12, 'max_test_samples': 8}, n_jobs=2
[Parallel(n_jobs=2)]: Using backend LokyBackend with 2 concurrent workers.
[13:37:13] [load] fold=None seed=42 T=52 aggregate_days=7 window_size=None samples_per_step=8 n_train=12 (cap=12) n_test=8 (cap=8) classes_train=[0, 1, 4, 5]
[13:37:13] [load] fold=None seed=42 T=52 aggregate_days=7 window_size=None samples_per_step=8 n_train=12 (cap=12) n_test=8 (cap=8) classes_train=[0, 1, 4, 5]
[13:37:36] [load] fold=None seed=43 T=52 aggregate_days=7 window_size=None samples_per_step=8 n_train=12 (cap=12) n_test=8 (cap=8) classes_train=[0, 1, 4, 5]
[13:37:36] [load] fold=None seed=43 T=52 aggregate_days=7 window_size=None samples_per_step=8 n_train=12 (cap=12) n_test=8 (cap=8) classes_train=[0, 1, 4, 5]
[13:37:58] [load] fold=None seed=44 T=52 aggregate_days=7 window_size=None samples_per_step=8 n_train=12 (cap=12) n_test=8 (cap=8) classes_train=[0, 1, 4, 5]
[13:37:58] [load] fold=None seed=44 T=52 aggregate_days=7 window_size=None samples_per_step=8 n_train=12 (cap=12) n_test=8 (cap=8) classes_train=[0, 1, 4, 5]
[Parallel(n_jobs=2)]: Done   1 tasks      | elapsed:  1.2min
[13:38:20] [load] fold=None seed=42 T=52 aggregate_days=7 window_size=None samples_per_step=8 n_train=12 (cap=12) n_test=8 (cap=8) classes_train=[0, 1, 4, 5]
[13:38:21] [load] fold=None seed=42 T=52 aggregate_days=7 window_size=None samples_per_step=8 n_train=12 (cap=12) n_test=8 (cap=8) classes_train=[0, 1, 4, 5]
[13:38:43] [load] fold=None seed=43 T=52 aggregate_days=7 window_size=None samples_per_step=8 n_train=12 (cap=12) n_test=8 (cap=8) classes_train=[0, 1, 4, 5]
[13:38:43] [load] fold=None seed=43 T=52 aggregate_days=7 window_size=None samples_per_step=8 n_train=12 (cap=12) n_test=8 (cap=8) classes_train=[0, 1, 4, 5]
[13:39:03] [load] fold=None seed=44 T=52 aggregate_days=7 window_size=None samples_per_step=8 n_train=12 (cap=12) n_test=8 (cap=8) classes_train=[0, 1, 4, 5]
[13:39:03] [load] fold=None seed=44 T=52 aggregate_days=7 window_size=None samples_per_step=8 n_train=12 (cap=12) n_test=8 (cap=8) classes_train=[0, 1, 4, 5]
[Parallel(n_jobs=2)]: Done   4 tasks      | elapsed:  2.3min
[13:39:25] [load] fold=None seed=42 T=52 aggregate_days=7 window_size=None samples_per_step=8 n_train=12 (cap=12) n_test=8 (cap=8) classes_train=[0, 1, 4, 5]
[13:39:25] [load] fold=None seed=42 T=52 aggregate_days=7 window_size=None samples_per_step=8 n_train=12 (cap=12) n_test=8 (cap=8) classes_train=[0, 1, 4, 5]
[13:39:48] [load] fold=None seed=43 T=52 aggregate_days=7 window_size=None samples_per_step=8 n_train=12 (cap=12) n_test=8 (cap=8) classes_train=[0, 1, 4, 5]
[13:39:49] [load] fold=None seed=43 T=52 aggregate_days=7 window_size=None samples_per_step=8 n_train=12 (cap=12) n_test=8 (cap=8) classes_train=[0, 1, 4, 5]
[13:40:08] [load] fold=None seed=44 T=52 aggregate_days=7 window_size=None samples_per_step=8 n_train=12 (cap=12) n_test=8 (cap=8) classes_train=[0, 1, 4, 5]
[13:40:09] [load] fold=None seed=44 T=52 aggregate_days=7 window_size=None samples_per_step=8 n_train=12 (cap=12) n_test=8 (cap=8) classes_train=[0, 1, 4, 5]
[Parallel(n_jobs=2)]: Done   5 out of   7 | elapsed:  3.4min remaining:  1.3min
[13:40:31] [load] fold=None seed=42 T=52 aggregate_days=7 window_size=None samples_per_step=8 n_train=12 (cap=12) n_test=8 (cap=8) classes_train=[0, 1, 4, 5]
[13:40:42] [load] fold=None seed=43 T=52 aggregate_days=7 window_size=None samples_per_step=8 n_train=12 (cap=12) n_test=8 (cap=8) classes_train=[0, 1, 4, 5]
[13:40:51] [load] fold=None seed=44 T=52 aggregate_days=7 window_size=None samples_per_step=8 n_train=12 (cap=12) n_test=8 (cap=8) classes_train=[0, 1, 4, 5]
[Parallel(n_jobs=2)]: Done   7 out of   7 | elapsed:  3.9min finished
[13:41:01] [grid_bary] sta: best lr=0.001 gamma=0.0001 f1=0.229 (3/3 runs)
[13:41:01] [optimize_gamma/cpazmal] knn: 6 methods @ full scale, n_jobs=4
[Parallel(n_jobs=4)]: Using backend LokyBackend with 4 concurrent workers.
[cpazmal] extracting from HDF5 (max_groups_per_class=None) …
[cpazmal] extracting from HDF5 (max_groups_per_class=None) …
[cpazmal] extracting from HDF5 (max_groups_per_class=None) …
[cpazmal] extracting from HDF5 (max_groups_per_class=None) …

======================================================================
CPAZMaL: Time Series Extraction (for WaSPS-DTW classification)
======================================================================
  Window:      9×9
  Orbit:       DSC  |  Polarisation: HH
  Period:      20200101 – 20201231
  Scale type:  amplitude
  Excluded:    ['STUDY', 'HAG']
  Mask max:    ≤1 (10.0%)


======================================================================
CPAZMaL: Time Series Extraction (for WaSPS-DTW classification)
======================================================================
  Window:      9×9
  Orbit:       DSC  |  Polarisation: HH
  Period:      20200101 – 20201231
  Scale type:  amplitude
  Excluded:    ['STUDY', 'HAG']
  Mask max:    ≤1 (10.0%)

Groups:   0%|          | 0/61 [00:00<?, ?grp/s]Groups:   0%|          | 0/61 [00:00<?, ?grp/s]Groups:   0%|          | 0/61 [00:00<?, ?grp/s, ABL001 (ABL)]Groups:   0%|          | 0/61 [00:00<?, ?grp/s, ABL001 (ABL)]
======================================================================
CPAZMaL: Time Series Extraction (for WaSPS-DTW classification)
======================================================================
  Window:      9×9
  Orbit:       DSC  |  Polarisation: HH
  Period:      20200101 – 20201231
  Scale type:  amplitude
  Excluded:    ['STUDY', 'HAG']
  Mask max:    ≤1 (10.0%)


======================================================================
CPAZMaL: Time Series Extraction (for WaSPS-DTW classification)
======================================================================
  Window:      9×9
  Orbit:       DSC  |  Polarisation: HH
  Period:      20200101 – 20201231
  Scale type:  amplitude
  Excluded:    ['STUDY', 'HAG']
  Mask max:    ≤1 (10.0%)

Groups:   0%|          | 0/61 [00:00<?, ?grp/s]Groups:   0%|          | 0/61 [00:00<?, ?grp/s]Groups:   0%|          | 0/61 [00:00<?, ?grp/s, ABL001 (ABL)]Groups:   0%|          | 0/61 [00:00<?, ?grp/s, ABL001 (ABL)]/home/mgallet/Documents/Codes/Python/3_DEVELOPPEMENT/WaSPS-DTW/WaSPS-DTW/src/data/cpazmal_loader.py:352: RuntimeWarning: invalid value encountered in sqrt
  images = np.where(images >= 0, np.sqrt(images), np.nan).astype(np.float32)

Optimising offset:   0%|          | 0/81 [00:00<?, ?it/s][A/home/mgallet/Documents/Codes/Python/3_DEVELOPPEMENT/WaSPS-DTW/WaSPS-DTW/src/data/cpazmal_loader.py:352: RuntimeWarning: invalid value encountered in sqrt
  images = np.where(images >= 0, np.sqrt(images), np.nan).astype(np.float32)
/home/mgallet/Documents/Codes/Python/3_DEVELOPPEMENT/WaSPS-DTW/WaSPS-DTW/src/data/cpazmal_loader.py:352: RuntimeWarning: invalid value encountered in sqrt
  images = np.where(images >= 0, np.sqrt(images), np.nan).astype(np.float32)
/home/mgallet/Documents/Codes/Python/3_DEVELOPPEMENT/WaSPS-DTW/WaSPS-DTW/src/data/cpazmal_loader.py:352: RuntimeWarning: invalid value encountered in sqrt
  images = np.where(images >= 0, np.sqrt(images), np.nan).astype(np.float32)

Optimising offset:   0%|          | 0/81 [00:00<?, ?it/s][A
Optimising offset:   0%|          | 0/81 [00:00<?, ?it/s][A
Optimising offset:   0%|          | 0/81 [00:00<?, ?it/s][A
Optimising offset:  49%|████▉     | 40/81 [00:02<00:02, 18.32it/s][A
Optimising offset:  49%|████▉     | 40/81 [00:02<00:02, 18.02it/s][A
Optimising offset:  49%|████▉     | 40/81 [00:02<00:02, 17.97it/s][A
Optimising offset:  49%|████▉     | 40/81 [00:02<00:02, 17.95it/s][A
Optimising offset:  74%|███████▍  | 60/81 [00:04<00:01, 12.37it/s][A
Optimising offset:  74%|███████▍  | 60/81 [00:04<00:01, 12.22it/s][A
Optimising offset:  74%|███████▍  | 60/81 [00:04<00:01, 12.19it/s][A
Optimising offset:  74%|███████▍  | 60/81 [00:04<00:01, 12.17it/s][A
Optimising offset:  99%|█████████▉| 80/81 [00:07<00:00, 10.31it/s][A
                                                                  
[AOptimising offset:  99%|█████████▉| 80/81 [00:07<00:00, 10.28it/s][A
                                                                  [A
Optimising offset:  99%|█████████▉| 80/81 [00:07<00:00, 10.26it/s][A
                                                                  [A
Optimising offset:  99%|█████████▉| 80/81 [00:07<00:00, 10.19it/s][A
                                                                  [AGroups:   2%|▏         | 1/61 [00:11<11:03, 11.05s/grp, ABL001 (ABL)]Groups:   2%|▏         | 1/61 [00:11<11:03, 11.05s/grp, ABL005 (ABL)]Groups:   2%|▏         | 1/61 [00:11<11:04, 11.07s/grp, ABL001 (ABL)]Groups:   2%|▏         | 1/61 [00:11<11:04, 11.07s/grp, ABL005 (ABL)]Groups:   2%|▏         | 1/61 [00:11<11:08, 11.14s/grp, ABL001 (ABL)]Groups:   2%|▏         | 1/61 [00:11<11:08, 11.14s/grp, ABL005 (ABL)]Groups:   2%|▏         | 1/61 [00:11<11:13, 11.22s/grp, ABL001 (ABL)]Groups:   2%|▏         | 1/61 [00:11<11:13, 11.22s/grp, ABL005 (ABL)]
Optimising offset:   0%|          | 0/81 [00:00<?, ?it/s][A
Optimising offset:   0%|          | 0/81 [00:00<?, ?it/s][A
Optimising offset:   0%|          | 0/81 [00:00<?, ?it/s][A
Optimising offset:   0%|          | 0/81 [00:00<?, ?it/s][A
Optimising offset:  49%|████▉     | 40/81 [00:00<00:00, 61.23it/s][A
Optimising offset:  49%|████▉     | 40/81 [00:00<00:00, 57.52it/s][A
Optimising offset:  49%|████▉     | 40/81 [00:00<00:00, 60.43it/s][A
Optimising offset:  49%|████▉     | 40/81 [00:00<00:00, 59.26it/s][A
Optimising offset:  74%|███████▍  | 60/81 [00:01<00:00, 41.02it/s][A
Optimising offset:  74%|███████▍  | 60/81 [00:01<00:00, 41.11it/s][A
Optimising offset:  74%|███████▍  | 60/81 [00:01<00:00, 40.35it/s][A
Optimising offset:  74%|███████▍  | 60/81 [00:01<00:00, 41.91it/s][A
Optimising offset:  99%|█████████▉| 80/81 [00:02<00:00, 32.11it/s][A
                                                                  [A
Optimising offset:  99%|█████████▉| 80/81 [00:02<00:00, 32.18it/s][A
                                                                  [A
Optimising offset:  99%|█████████▉| 80/81 [00:02<00:00, 31.26it/s][A
                                                                  [A
Optimising offset:  99%|█████████▉| 80/81 [00:02<00:00, 31.68it/s][A
                                                                  [AGroups:   3%|▎         | 2/61 [00:14<06:34,  6.69s/grp, ABL005 (ABL)]Groups:   3%|▎         | 2/61 [00:14<06:34,  6.69s/grp, ABL007 (ABL)]Groups:   3%|▎         | 2/61 [00:14<06:34,  6.69s/grp, ABL005 (ABL)]Groups:   3%|▎         | 2/61 [00:14<06:34,  6.69s/grp, ABL007 (ABL)]Groups:   3%|▎         | 2/61 [00:14<06:36,  6.73s/grp, ABL005 (ABL)]Groups:   3%|▎         | 2/61 [00:14<06:36,  6.73s/grp, ABL007 (ABL)]Groups:   3%|▎         | 2/61 [00:14<06:39,  6.78s/grp, ABL005 (ABL)]Groups:   3%|▎         | 2/61 [00:14<06:39,  6.78s/grp, ABL007 (ABL)]
Optimising offset:   0%|          | 0/81 [00:00<?, ?it/s][A
Optimising offset:   0%|          | 0/81 [00:00<?, ?it/s][A
Optimising offset:   0%|          | 0/81 [00:00<?, ?it/s][A
Optimising offset:   0%|          | 0/81 [00:00<?, ?it/s][A
Optimising offset:  49%|████▉     | 40/81 [00:01<00:01, 39.06it/s][A
Optimising offset:  49%|████▉     | 40/81 [00:01<00:01, 37.12it/s][A
Optimising offset:  49%|████▉     | 40/81 [00:01<00:01, 36.66it/s][A
Optimising offset:  49%|████▉     | 40/81 [00:01<00:01, 37.05it/s][A
Optimising offset:  74%|███████▍  | 60/81 [00:02<00:00, 25.27it/s][A
Optimising offset:  74%|███████▍  | 60/81 [00:02<00:00, 24.48it/s][A
Optimising offset:  74%|███████▍  | 60/81 [00:02<00:00, 24.08it/s][A
Optimising offset:  74%|███████▍  | 60/81 [00:02<00:00, 23.64it/s][A

Optimising offset:  99%|█████████▉| 80/81 [00:03<00:00, 20.79it/s][AOptimising offset:  99%|█████████▉| 80/81 [00:03<00:00, 20.42it/s][A
                                                                  [A
                                                                  [A
Optimising offset:  99%|█████████▉| 80/81 [00:03<00:00, 20.35it/s][A
                                                                  [A
Optimising offset:  99%|█████████▉| 80/81 [00:03<00:00, 20.00it/s][A
                                                                  [AGroups:   5%|▍         | 3/61 [00:19<05:50,  6.04s/grp, ABL007 (ABL)]Groups:   5%|▍         | 3/61 [00:19<05:50,  6.04s/grp, ABL008 (ABL)]
Optimising offset:   0%|          | 0/81 [00:00<?, ?it/s][AGroups:   5%|▍         | 3/61 [00:20<05:51,  6.07s/grp, ABL007 (ABL)]Groups:   5%|▍         | 3/61 [00:20<05:51,  6.07s/grp, ABL008 (ABL)]
Optimising offset:   0%|          | 0/81 [00:00<?, ?it/s][AGroups:   5%|▍         | 3/61 [00:20<05:52,  6.08s/grp, ABL007 (ABL)]Groups:   5%|▍         | 3/61 [00:20<05:52,  6.08s/grp, ABL008 (ABL)]
Optimising offset:  49%|████▉     | 40/81 [00:00<00:00, 374.93it/s][A
Optimising offset:   0%|          | 0/81 [00:00<?, ?it/s][A
Optimising offset:  49%|████▉     | 40/81 [00:00<00:00, 367.41it/s][AGroups:   5%|▍         | 3/61 [00:20<05:54,  6.12s/grp, ABL007 (ABL)]Groups:   5%|▍         | 3/61 [00:20<05:54,  6.12s/grp, ABL008 (ABL)]
Optimising offset:   0%|          | 0/81 [00:00<?, ?it/s][A
Optimising offset:  95%|█████████▌| 77/81 [00:00<00:00, 351.25it/s][A
Optimising offset:  74%|███████▍  | 60/81 [00:00<00:00, 313.84it/s][A
Optimising offset:  99%|█████████▉| 80/81 [00:00<00:00, 238.40it/s][A
                                                                   [A
                                                                   [A
                                                                   [A
Optimising offset:  74%|███████▍  | 60/81 [00:00<00:00, 266.22it/s][AGroups:   7%|▋         | 4/61 [00:20<03:41,  3.88s/grp, ABL008 (ABL)]Groups:   7%|▋         | 4/61 [00:20<03:41,  3.88s/grp, ABL009 (ABL)]Groups:   7%|▋         | 4/61 [00:20<03:41,  3.89s/grp, ABL008 (ABL)]Groups:   7%|▋         | 4/61 [00:20<03:41,  3.89s/grp, ABL009 (ABL)]
                                                                   [AGroups:   7%|▋         | 4/61 [00:20<03:41,  3.88s/grp, ABL008 (ABL)]Groups:   7%|▋         | 4/61 [00:20<03:41,  3.88s/grp, ABL009 (ABL)]
Optimising offset:   0%|          | 0/81 [00:00<?, ?it/s][A
Optimising offset:   0%|          | 0/81 [00:00<?, ?it/s][A
Optimising offset:   0%|          | 0/81 [00:00<?, ?it/s][AGroups:   7%|▋         | 4/61 [00:20<03:43,  3.92s/grp, ABL008 (ABL)]Groups:   7%|▋         | 4/61 [00:20<03:43,  3.92s/grp, ABL009 (ABL)]
Optimising offset:   0%|          | 0/81 [00:00<?, ?it/s][A
Optimising offset:  49%|████▉     | 40/81 [00:00<00:00, 60.58it/s][A
Optimising offset:  49%|████▉     | 40/81 [00:00<00:00, 56.41it/s][A
Optimising offset:  49%|████▉     | 40/81 [00:00<00:00, 53.46it/s][A
Optimising offset:  49%|████▉     | 40/81 [00:00<00:00, 53.89it/s][A
Optimising offset:  74%|███████▍  | 60/81 [00:01<00:00, 37.67it/s][A
Optimising offset:  74%|███████▍  | 60/81 [00:01<00:00, 37.57it/s][A
Optimising offset:  74%|███████▍  | 60/81 [00:01<00:00, 36.94it/s][A
Optimising offset:  74%|███████▍  | 60/81 [00:01<00:00, 36.07it/s][A
Optimising offset:  99%|█████████▉| 80/81 [00:02<00:00, 32.23it/s][A
                                                                  [A
Optimising offset:  99%|█████████▉| 80/81 [00:02<00:00, 31.18it/s][A
                                                                  [A
Optimising offset:  99%|█████████▉| 80/81 [00:02<00:00, 31.99it/s][A
                                                                  [A
Optimising offset:  99%|█████████▉| 80/81 [00:02<00:00, 30.79it/s][A
                                                                  [AGroups:   8%|▊         | 5/61 [00:23<03:28,  3.72s/grp, ABL009 (ABL)]Groups:   8%|▊         | 5/61 [00:23<03:28,  3.72s/grp, ABL010 (ABL)]Groups:   8%|▊         | 5/61 [00:23<03:28,  3.73s/grp, ABL009 (ABL)]Groups:   8%|▊         | 5/61 [00:23<03:28,  3.73s/grp, ABL010 (ABL)]Groups:   8%|▊         | 5/61 [00:24<03:28,  3.72s/grp, ABL009 (ABL)]Groups:   8%|▊         | 5/61 [00:24<03:28,  3.72s/grp, ABL010 (ABL)]
Optimising offset:   0%|          | 0/81 [00:00<?, ?it/s][A
Optimising offset:   0%|          | 0/81 [00:00<?, ?it/s][A
Optimising offset:   0%|          | 0/81 [00:00<?, ?it/s][AGroups:   8%|▊         | 5/61 [00:24<03:30,  3.76s/grp, ABL009 (ABL)]Groups:   8%|▊         | 5/61 [00:24<03:30,  3.76s/grp, ABL010 (ABL)]
Optimising offset:   0%|          | 0/81 [00:00<?, ?it/s][A
Optimising offset:  49%|████▉     | 40/81 [00:00<00:00, 48.33it/s][A
Optimising offset:  49%|████▉     | 40/81 [00:00<00:00, 47.85it/s][A
Optimising offset:  49%|████▉     | 40/81 [00:00<00:00, 48.10it/s][A
Optimising offset:  49%|████▉     | 40/81 [00:00<00:00, 47.26it/s][A
Optimising offset:  74%|███████▍  | 60/81 [00:01<00:00, 31.84it/s][A
Optimising offset:  74%|███████▍  | 60/81 [00:01<00:00, 30.71it/s][A
Optimising offset:  74%|███████▍  | 60/81 [00:01<00:00, 31.17it/s][A
Optimising offset:  74%|███████▍  | 60/81 [00:01<00:00, 31.26it/s][A
Optimising offset:  99%|█████████▉| 80/81 [00:02<00:00, 26.51it/s]
Optimising offset:  99%|█████████▉| 80/81 [00:02<00:00, 26.42it/s][A[A
                                                                  [A
                                                                  [A
Optimising offset:  99%|█████████▉| 80/81 [00:02<00:00, 26.57it/s][A
                                                                  [A
Optimising offset:  99%|█████████▉| 80/81 [00:02<00:00, 27.06it/s][A
                                                                  [AGroups:  10%|▉         | 6/61 [00:28<03:33,  3.88s/grp, ABL010 (ABL)]Groups:  10%|▉         | 6/61 [00:28<03:33,  3.88s/grp, ABL011 (ABL)]Groups:  10%|▉         | 6/61 [00:28<03:33,  3.88s/grp, ABL010 (ABL)]Groups:  10%|▉         | 6/61 [00:28<03:33,  3.88s/grp, ABL011 (ABL)]Groups:  10%|▉         | 6/61 [00:28<03:33,  3.87s/grp, ABL010 (ABL)]Groups:  10%|▉         | 6/61 [00:28<03:33,  3.87s/grp, ABL011 (ABL)]Groups:  10%|▉         | 6/61 [00:28<03:32,  3.87s/grp, ABL010 (ABL)]Groups:  10%|▉         | 6/61 [00:28<03:32,  3.87s/grp, ABL011 (ABL)]
Optimising offset:   0%|          | 0/81 [00:00<?, ?it/s][A
Optimising offset:   0%|          | 0/81 [00:00<?, ?it/s][A
Optimising offset:   0%|          | 0/81 [00:00<?, ?it/s][A
Optimising offset:   0%|          | 0/81 [00:00<?, ?it/s][A
Optimising offset:  49%|████▉     | 40/81 [00:03<00:03, 12.54it/s][A
Optimising offset:  49%|████▉     | 40/81 [00:03<00:03, 12.55it/s][A
Optimising offset:  49%|████▉     | 40/81 [00:03<00:03, 12.47it/s][A
Optimising offset:  49%|████▉     | 40/81 [00:03<00:03, 12.09it/s][A
Optimising offset:  74%|███████▍  | 60/81 [00:07<00:02,  7.52it/s][A
Optimising offset:  74%|███████▍  | 60/81 [00:07<00:02,  7.42it/s][A
Optimising offset:  74%|███████▍  | 60/81 [00:07<00:02,  7.31it/s][A
Optimising offset:  74%|███████▍  | 60/81 [00:07<00:02,  7.23it/s][A
Optimising offset:  99%|█████████▉| 80/81 [00:11<00:00,  6.17it/s][A
                                                                  [A
Optimising offset:  99%|█████████▉| 80/81 [00:11<00:00,  6.08it/s][A
                                                                  [A
Optimising offset:  99%|█████████▉| 80/81 [00:11<00:00,  6.11it/s][A
                                                                  [A
Optimising offset:  99%|█████████▉| 80/81 [00:11<00:00,  6.02it/s][A
                                                                  [AGroups:  11%|█▏        | 7/61 [00:46<07:36,  8.46s/grp, ABL011 (ABL)]Groups:  11%|█▏        | 7/61 [00:46<07:36,  8.46s/grp, ACC001 (ACC)]Groups:  11%|█▏        | 7/61 [00:46<07:37,  8.47s/grp, ABL011 (ABL)]Groups:  11%|█▏        | 7/61 [00:46<07:37,  8.47s/grp, ACC001 (ACC)]Groups:  11%|█▏        | 7/61 [00:46<07:37,  8.47s/grp, ABL011 (ABL)]Groups:  11%|█▏        | 7/61 [00:46<07:37,  8.47s/grp, ACC001 (ACC)]Groups:  11%|█▏        | 7/61 [00:46<07:37,  8.46s/grp, ABL011 (ABL)]Groups:  11%|█▏        | 7/61 [00:46<07:37,  8.46s/grp, ACC001 (ACC)]
Optimising offset:   0%|          | 0/81 [00:00<?, ?it/s][A
Optimising offset:   0%|          | 0/81 [00:00<?, ?it/s][A
Optimising offset:   0%|          | 0/81 [00:00<?, ?it/s][A
Optimising offset:   0%|          | 0/81 [00:00<?, ?it/s][A
Optimising offset:  49%|████▉     | 40/81 [00:04<00:04,  8.92it/s][A
Optimising offset:  49%|████▉     | 40/81 [00:04<00:04,  8.86it/s][A
Optimising offset:  49%|████▉     | 40/81 [00:04<00:04,  8.80it/s][A
Optimising offset:  49%|████▉     | 40/81 [00:04<00:04,  8.73it/s][A
Optimising offset:  74%|███████▍  | 60/81 [00:10<00:03,  5.42it/s][A
Optimising offset:  74%|███████▍  | 60/81 [00:10<00:03,  5.37it/s][A
Optimising offset:  74%|███████▍  | 60/81 [00:10<00:03,  5.30it/s][A
Optimising offset:  74%|███████▍  | 60/81 [00:10<00:03,  5.33it/s][A
Optimising offset:  99%|█████████▉| 80/81 [00:15<00:00,  4.48it/s][A
                                                                  [A
Optimising offset:  99%|█████████▉| 80/81 [00:16<00:00,  4.45it/s][A
                                                                  [A
Optimising offset:  99%|█████████▉| 80/81 [00:16<00:00,  4.42it/s][A
                                                                  [A
Optimising offset:  99%|█████████▉| 80/81 [00:16<00:00,  4.43it/s][A
                                                                  [AGroups:  13%|█▎        | 8/61 [01:10<12:00, 13.59s/grp, ACC001 (ACC)]Groups:  13%|█▎        | 8/61 [01:10<12:00, 13.59s/grp, ACC002 (ACC)]Groups:  13%|█▎        | 8/61 [01:10<12:00, 13.59s/grp, ACC001 (ACC)]Groups:  13%|█▎        | 8/61 [01:10<12:00, 13.59s/grp, ACC002 (ACC)]Groups:  13%|█▎        | 8/61 [01:10<11:59, 13.57s/grp, ACC001 (ACC)]Groups:  13%|█▎        | 8/61 [01:10<11:59, 13.57s/grp, ACC002 (ACC)]Groups:  13%|█▎        | 8/61 [01:10<12:01, 13.62s/grp, ACC001 (ACC)]Groups:  13%|█▎        | 8/61 [01:10<12:01, 13.62s/grp, ACC002 (ACC)]
Optimising offset:   0%|          | 0/81 [00:00<?, ?it/s][A
Optimising offset:   0%|          | 0/81 [00:00<?, ?it/s][A
Optimising offset:   0%|          | 0/81 [00:00<?, ?it/s][A
Optimising offset:   0%|          | 0/81 [00:00<?, ?it/s][A
Optimising offset:  49%|████▉     | 40/81 [00:01<00:01, 26.33it/s][A
Optimising offset:  49%|████▉     | 40/81 [00:01<00:01, 25.23it/s][A
Optimising offset:  49%|████▉     | 40/81 [00:01<00:01, 23.81it/s][A
Optimising offset:  49%|████▉     | 40/81 [00:01<00:01, 24.85it/s][A
Optimising offset:  74%|███████▍  | 60/81 [00:03<00:01, 15.84it/s][A
Optimising offset:  74%|███████▍  | 60/81 [00:03<00:01, 15.41it/s][A
Optimising offset:  74%|███████▍  | 60/81 [00:03<00:01, 15.48it/s][A
Optimising offset:  74%|███████▍  | 60/81 [00:03<00:01, 15.59it/s][A
Optimising offset:  99%|█████████▉| 80/81 [00:05<00:00, 13.35it/s][A
                                                                  [A
Optimising offset:  99%|█████████▉| 80/81 [00:05<00:00, 13.05it/s][A
                                                                  [A
Optimising offset:  99%|█████████▉| 80/81 [00:05<00:00, 12.86it/s][A
                                                                  [A
Optimising offset:  99%|█████████▉| 80/81 [00:05<00:00, 12.91it/s][A
                                                                  [AGroups:  15%|█▍        | 9/61 [01:18<10:16, 11.85s/grp, ACC002 (ACC)]Groups:  15%|█▍        | 9/61 [01:18<10:16, 11.85s/grp, ACC003 (ACC)]
Optimising offset:   0%|          | 0/81 [00:00<?, ?it/s][AGroups:  15%|█▍        | 9/61 [01:18<10:19, 11.92s/grp, ACC002 (ACC)]Groups:  15%|█▍        | 9/61 [01:18<10:19, 11.92s/grp, ACC003 (ACC)]Groups:  15%|█▍        | 9/61 [01:18<10:18, 11.89s/grp, ACC002 (ACC)]Groups:  15%|█▍        | 9/61 [01:18<10:18, 11.89s/grp, ACC003 (ACC)]Groups:  15%|█▍        | 9/61 [01:18<10:19, 11.92s/grp, ACC002 (ACC)]Groups:  15%|█▍        | 9/61 [01:18<10:19, 11.92s/grp, ACC003 (ACC)]
Optimising offset:   0%|          | 0/81 [00:00<?, ?it/s][A
Optimising offset:   0%|          | 0/81 [00:00<?, ?it/s][A
Optimising offset:   0%|          | 0/81 [00:00<?, ?it/s][A
Optimising offset:  49%|████▉     | 40/81 [00:00<00:00, 139.61it/s][A
Optimising offset:  49%|████▉     | 40/81 [00:00<00:00, 129.20it/s][A
Optimising offset:  49%|████▉     | 40/81 [00:00<00:00, 107.42it/s][A
Optimising offset:  49%|████▉     | 40/81 [00:00<00:00, 107.55it/s][A
Optimising offset:  74%|███████▍  | 60/81 [00:00<00:00, 86.80it/s] [A
Optimising offset:  74%|███████▍  | 60/81 [00:00<00:00, 73.45it/s] [A
Optimising offset:  74%|███████▍  | 60/81 [00:00<00:00, 74.40it/s] [A
Optimising offset:  74%|███████▍  | 60/81 [00:00<00:00, 74.26it/s] [A
Optimising offset:  99%|█████████▉| 80/81 [00:01<00:00, 64.39it/s][A
                                                                  [A
Optimising offset:  99%|█████████▉| 80/81 [00:01<00:00, 61.79it/s][A
                                                                  [A
Optimising offset:  99%|█████████▉| 80/81 [00:01<00:00, 66.45it/s][A
                                                                  [A
Optimising offset:  99%|█████████▉| 80/81 [00:01<00:00, 62.45it/s][A
                                                                  [AGroups:  16%|█▋        | 10/61 [01:20<07:24,  8.72s/grp, ACC003 (ACC)]Groups:  16%|█▋        | 10/61 [01:20<07:24,  8.72s/grp, ACC004 (ACC)]Groups:  16%|█▋        | 10/61 [01:20<07:27,  8.78s/grp, ACC003 (ACC)]Groups:  16%|█▋        | 10/61 [01:20<07:27,  8.78s/grp, ACC004 (ACC)]
Optimising offset:   0%|          | 0/81 [00:00<?, ?it/s][AGroups:  16%|█▋        | 10/61 [01:20<07:26,  8.75s/grp, ACC003 (ACC)]Groups:  16%|█▋        | 10/61 [01:20<07:26,  8.75s/grp, ACC004 (ACC)]Groups:  16%|█▋        | 10/61 [01:20<07:27,  8.77s/grp, ACC003 (ACC)]Groups:  16%|█▋        | 10/61 [01:20<07:27,  8.77s/grp, ACC004 (ACC)]
Optimising offset:   0%|          | 0/81 [00:00<?, ?it/s][A
Optimising offset:   0%|          | 0/81 [00:00<?, ?it/s][A
Optimising offset:   0%|          | 0/81 [00:00<?, ?it/s][A
Optimising offset:  49%|████▉     | 40/81 [00:01<00:01, 28.24it/s][A
Optimising offset:  49%|████▉     | 40/81 [00:01<00:01, 27.91it/s][A
Optimising offset:  49%|████▉     | 40/81 [00:01<00:01, 28.07it/s][A
Optimising offset:  49%|████▉     | 40/81 [00:01<00:01, 27.86it/s][A
Optimising offset:  74%|███████▍  | 60/81 [00:02<00:01, 20.37it/s][A
Optimising offset:  74%|███████▍  | 60/81 [00:02<00:01, 19.94it/s][A
Optimising offset:  74%|███████▍  | 60/81 [00:02<00:01, 20.00it/s][A
Optimising offset:  74%|███████▍  | 60/81 [00:02<00:01, 19.61it/s][A
Optimising offset:  99%|█████████▉| 80/81 [00:04<00:00, 17.12it/s][A
                                                                  [A
Optimising offset:  99%|█████████▉| 80/81 [00:04<00:00, 16.96it/s][A
                                                                  [A
Optimising offset:  99%|█████████▉| 80/81 [00:04<00:00, 17.10it/s][A
                                                                  [A
Optimising offset:  99%|█████████▉| 80/81 [00:04<00:00, 16.79it/s][A
                                                                  [AGroups:  18%|█▊        | 11/61 [01:26<06:38,  7.98s/grp, ACC004 (ACC)]Groups:  18%|█▊        | 11/61 [01:26<06:38,  7.98s/grp, ACC005 (ACC)]
Optimising offset:   0%|          | 0/81 [00:00<?, ?it/s][AGroups:  18%|█▊        | 11/61 [01:26<06:40,  8.01s/grp, ACC004 (ACC)]Groups:  18%|█▊        | 11/61 [01:26<06:40,  8.01s/grp, ACC005 (ACC)]Groups:  18%|█▊        | 11/61 [01:26<06:39,  8.00s/grp, ACC004 (ACC)]Groups:  18%|█▊        | 11/61 [01:26<06:39,  8.00s/grp, ACC005 (ACC)]Groups:  18%|█▊        | 11/61 [01:26<06:40,  8.01s/grp, ACC004 (ACC)]Groups:  18%|█▊        | 11/61 [01:26<06:40,  8.01s/grp, ACC005 (ACC)]
Optimising offset:   0%|          | 0/81 [00:00<?, ?it/s][A
Optimising offset:   0%|          | 0/81 [00:00<?, ?it/s][A
Optimising offset:   0%|          | 0/81 [00:00<?, ?it/s][A
Optimising offset:  49%|████▉     | 40/81 [00:00<00:00, 89.35it/s][A
Optimising offset:  49%|████▉     | 40/81 [00:00<00:00, 85.70it/s][A
Optimising offset:  49%|████▉     | 40/81 [00:00<00:00, 83.91it/s][A
Optimising offset:  49%|████▉     | 40/81 [00:00<00:00, 82.15it/s][A
Optimising offset:  74%|███████▍  | 60/81 [00:00<00:00, 57.99it/s][A
Optimising offset:  74%|███████▍  | 60/81 [00:00<00:00, 56.16it/s][A
Optimising offset:  74%|███████▍  | 60/81 [00:00<00:00, 59.41it/s][A
Optimising offset:  74%|███████▍  | 60/81 [00:00<00:00, 57.17it/s][A
Optimising offset:  99%|█████████▉| 80/81 [00:01<00:00, 50.11it/s][A
                                                                  [A
Optimising offset:  99%|█████████▉| 80/81 [00:01<00:00, 50.35it/s][A
                                                                  [A
Optimising offset:  99%|█████████▉| 80/81 [00:01<00:00, 50.96it/s][A
                                                                  [A
Optimising offset:  99%|█████████▉| 80/81 [00:01<00:00, 48.44it/s][A
                                                                  [AGroups:  20%|█▉        | 12/61 [01:28<05:05,  6.24s/grp, ACC005 (ACC)]Groups:  20%|█▉        | 12/61 [01:28<05:05,  6.24s/grp, ACC006 (ACC)]
Optimising offset:   0%|          | 0/81 [00:00<?, ?it/s][A
Optimising offset:  49%|████▉     | 40/81 [00:00<00:00, 349.54it/s][AGroups:  20%|█▉        | 12/61 [01:29<05:06,  6.25s/grp, ACC005 (ACC)]Groups:  20%|█▉        | 12/61 [01:29<05:06,  6.25s/grp, ACC006 (ACC)]
Optimising offset:   0%|          | 0/81 [00:00<?, ?it/s][AGroups:  20%|█▉        | 12/61 [01:29<05:06,  6.25s/grp, ACC005 (ACC)]Groups:  20%|█▉        | 12/61 [01:29<05:06,  6.25s/grp, ACC006 (ACC)]Groups:  20%|█▉        | 12/61 [01:29<05:06,  6.25s/grp, ACC005 (ACC)]Groups:  20%|█▉        | 12/61 [01:29<05:06,  6.25s/grp, ACC006 (ACC)]
Optimising offset:  93%|█████████▎| 75/81 [00:00<00:00, 295.70it/s][A
Optimising offset:   0%|          | 0/81 [00:00<?, ?it/s][A
Optimising offset:   0%|          | 0/81 [00:00<?, ?it/s][A
Optimising offset:  49%|████▉     | 40/81 [00:00<00:00, 347.02it/s][A
Optimising offset:  49%|████▉     | 40/81 [00:00<00:00, 381.33it/s][A
                                                                   [A
Optimising offset:  49%|████▉     | 40/81 [00:00<00:00, 281.19it/s][A
Optimising offset:  93%|█████████▎| 75/81 [00:00<00:00, 277.48it/s][A
Optimising offset:  98%|█████████▊| 79/81 [00:00<00:00, 284.99it/s][A
Optimising offset:  85%|████████▌ | 69/81 [00:00<00:00, 224.84it/s][A
                                                                   [AGroups:  21%|██▏       | 13/61 [01:29<03:38,  4.55s/grp, ACC006 (ACC)]Groups:  21%|██▏       | 13/61 [01:29<03:38,  4.55s/grp, ACC007 (ACC)]
                                                                   [A
                                                                   [AGroups:  21%|██▏       | 13/61 [01:29<03:38,  4.56s/grp, ACC006 (ACC)]Groups:  21%|██▏       | 13/61 [01:29<03:38,  4.56s/grp, ACC007 (ACC)]
Optimising offset:   0%|          | 0/81 [00:00<?, ?it/s][AGroups:  21%|██▏       | 13/61 [01:29<03:38,  4.55s/grp, ACC006 (ACC)]Groups:  21%|██▏       | 13/61 [01:29<03:38,  4.55s/grp, ACC007 (ACC)]Groups:  21%|██▏       | 13/61 [01:29<03:38,  4.56s/grp, ACC006 (ACC)]Groups:  21%|██▏       | 13/61 [01:29<03:38,  4.56s/grp, ACC007 (ACC)]
Optimising offset:   0%|          | 0/81 [00:00<?, ?it/s][A
Optimising offset:   0%|          | 0/81 [00:00<?, ?it/s][A
Optimising offset:   0%|          | 0/81 [00:00<?, ?it/s][A
Optimising offset:  49%|████▉     | 40/81 [00:00<00:00, 67.14it/s][A
Optimising offset:  49%|████▉     | 40/81 [00:00<00:00, 52.34it/s][A
Optimising offset:  49%|████▉     | 40/81 [00:00<00:00, 52.06it/s][A
Optimising offset:  49%|████▉     | 40/81 [00:00<00:00, 49.92it/s][A
Optimising offset:  74%|███████▍  | 60/81 [00:01<00:00, 34.86it/s][A
Optimising offset:  74%|███████▍  | 60/81 [00:01<00:00, 34.97it/s][A
Optimising offset:  74%|███████▍  | 60/81 [00:01<00:00, 34.63it/s][A
Optimising offset:  74%|███████▍  | 60/81 [00:01<00:00, 33.96it/s][A
Optimising offset:  99%|█████████▉| 80/81 [00:02<00:00, 29.98it/s][A
                                                                  [A
Optimising offset:  99%|█████████▉| 80/81 [00:02<00:00, 30.15it/s][A
                                                                  [A
Optimising offset:  99%|█████████▉| 80/81 [00:02<00:00, 29.94it/s][A
                                                                  [A
Optimising offset:  99%|█████████▉| 80/81 [00:02<00:00, 29.74it/s][A
                                                                  [AGroups:  23%|██▎       | 14/61 [01:33<03:20,  4.27s/grp, ACC007 (ACC)]Groups:  23%|██▎       | 14/61 [01:33<03:20,  4.27s/grp, ACC008 (ACC)]
Optimising offset:   0%|          | 0/81 [00:00<?, ?it/s][AGroups:  23%|██▎       | 14/61 [01:33<03:21,  4.28s/grp, ACC007 (ACC)]Groups:  23%|██▎       | 14/61 [01:33<03:21,  4.28s/grp, ACC008 (ACC)]Groups:  23%|██▎       | 14/61 [01:33<03:20,  4.26s/grp, ACC007 (ACC)]Groups:  23%|██▎       | 14/61 [01:33<03:20,  4.26s/grp, ACC008 (ACC)]
Optimising offset:   0%|          | 0/81 [00:00<?, ?it/s][A
Optimising offset:  49%|████▉     | 40/81 [00:00<00:00, 212.52it/s][AGroups:  23%|██▎       | 14/61 [01:33<03:20,  4.27s/grp, ACC007 (ACC)]Groups:  23%|██▎       | 14/61 [01:33<03:20,  4.27s/grp, ACC008 (ACC)]
Optimising offset:   0%|          | 0/81 [00:00<?, ?it/s][A
Optimising offset:   0%|          | 0/81 [00:00<?, ?it/s][A
Optimising offset:  49%|████▉     | 40/81 [00:00<00:00, 216.37it/s][A
Optimising offset:  77%|███████▋  | 62/81 [00:00<00:00, 157.43it/s][A
Optimising offset:  49%|████▉     | 40/81 [00:00<00:00, 220.03it/s][A
Optimising offset:  49%|████▉     | 40/81 [00:00<00:00, 190.68it/s][A
Optimising offset:  99%|█████████▉| 80/81 [00:00<00:00, 128.08it/s][A
                                                                   [A
Optimising offset:  77%|███████▋  | 62/81 [00:00<00:00, 143.36it/s][A
Optimising offset:  78%|███████▊  | 63/81 [00:00<00:00, 153.65it/s][A
Optimising offset:  74%|███████▍  | 60/81 [00:00<00:00, 140.04it/s][A
Optimising offset:  99%|█████████▉| 80/81 [00:00<00:00, 118.23it/s][A
                                                                   [A
Optimising offset:  99%|█████████▉| 80/81 [00:00<00:00, 119.51it/s][A
                                                                   [A
Optimising offset:  99%|█████████▉| 80/81 [00:00<00:00, 124.86it/s][A
                                                                   [AGroups:  25%|██▍       | 15/61 [01:34<02:30,  3.27s/grp, ACC008 (ACC)]Groups:  25%|██▍       | 15/61 [01:34<02:30,  3.27s/grp, ACC011 (ACC)]
Optimising offset:   0%|          | 0/81 [00:00<?, ?it/s][AGroups:  25%|██▍       | 15/61 [01:34<02:30,  3.27s/grp, ACC008 (ACC)]Groups:  25%|██▍       | 15/61 [01:34<02:30,  3.27s/grp, ACC011 (ACC)]Groups:  25%|██▍       | 15/61 [01:34<02:29,  3.26s/grp, ACC008 (ACC)]Groups:  25%|██▍       | 15/61 [01:34<02:29,  3.26s/grp, ACC011 (ACC)]Groups:  25%|██▍       | 15/61 [01:34<02:29,  3.26s/grp, ACC008 (ACC)]Groups:  25%|██▍       | 15/61 [01:34<02:29,  3.26s/grp, ACC011 (ACC)]
Optimising offset:   0%|          | 0/81 [00:00<?, ?it/s][A
Optimising offset:   0%|          | 0/81 [00:00<?, ?it/s][A
Optimising offset:   0%|          | 0/81 [00:00<?, ?it/s][A
Optimising offset:  49%|████▉     | 40/81 [00:00<00:00, 121.73it/s][A
Optimising offset:  49%|████▉     | 40/81 [00:00<00:00, 103.54it/s][A
Optimising offset:  49%|████▉     | 40/81 [00:00<00:00, 99.24it/s][A
Optimising offset:  49%|████▉     | 40/81 [00:00<00:00, 109.21it/s][A
Optimising offset:  74%|███████▍  | 60/81 [00:00<00:00, 70.98it/s] [A
Optimising offset:  74%|███████▍  | 60/81 [00:00<00:00, 72.33it/s] [A
Optimising offset:  74%|███████▍  | 60/81 [00:00<00:00, 72.08it/s] 
Optimising offset:  74%|███████▍  | 60/81 [00:00<00:00, 68.52it/s][A[A
Optimising offset:  99%|█████████▉| 80/81 [00:01<00:00, 62.48it/s][A
                                                                  [A
Optimising offset:  99%|█████████▉| 80/81 [00:01<00:00, 59.52it/s][A
                                                                  [A
Optimising offset:  99%|█████████▉| 80/81 [00:01<00:00, 61.64it/s][A
                                                                  [A
Optimising offset:  99%|█████████▉| 80/81 [00:01<00:00, 59.11it/s][A
                                                                  [AGroups:  26%|██▌       | 16/61 [01:35<02:07,  2.83s/grp, ACC011 (ACC)]Groups:  26%|██▌       | 16/61 [01:35<02:07,  2.83s/grp, FOR001 (FOR)]
Optimising offset:   0%|          | 0/81 [00:00<?, ?it/s][AGroups:  26%|██▌       | 16/61 [01:36<02:06,  2.82s/grp, ACC011 (ACC)]Groups:  26%|██▌       | 16/61 [01:36<02:06,  2.82s/grp, FOR001 (FOR)]Groups:  26%|██▌       | 16/61 [01:36<02:06,  2.81s/grp, ACC011 (ACC)]Groups:  26%|██▌       | 16/61 [01:36<02:06,  2.81s/grp, FOR001 (FOR)]Groups:  26%|██▌       | 16/61 [01:36<02:07,  2.83s/grp, ACC011 (ACC)]Groups:  26%|██▌       | 16/61 [01:36<02:07,  2.83s/grp, FOR001 (FOR)]
Optimising offset:   0%|          | 0/81 [00:00<?, ?it/s][A
Optimising offset:   0%|          | 0/81 [00:00<?, ?it/s][A
Optimising offset:   0%|          | 0/81 [00:00<?, ?it/s][A
Optimising offset:  49%|████▉     | 40/81 [00:00<00:00, 112.29it/s][A
Optimising offset:  49%|████▉     | 40/81 [00:00<00:00, 105.84it/s][A
Optimising offset:  49%|████▉     | 40/81 [00:00<00:00, 101.69it/s][A
Optimising offset:  49%|████▉     | 40/81 [00:00<00:00, 104.65it/s][A
Optimising offset:  74%|███████▍  | 60/81 [00:00<00:00, 68.54it/s] [A
Optimising offset:  74%|███████▍  | 60/81 [00:00<00:00, 70.77it/s] [A
Optimising offset:  74%|███████▍  | 60/81 [00:00<00:00, 72.17it/s] [A
Optimising offset:  74%|███████▍  | 60/81 [00:00<00:00, 67.42it/s] [A
Optimising offset:  99%|█████████▉| 80/81 [00:01<00:00, 60.11it/s][A
                                                                  [A
Optimising offset:  99%|█████████▉| 80/81 [00:01<00:00, 59.56it/s][A
                                                                  [A
Optimising offset:  99%|█████████▉| 80/81 [00:01<00:00, 58.72it/s][A
                                                                  [A
Optimising offset:  99%|█████████▉| 80/81 [00:01<00:00, 61.04it/s][A
                                                                  [AGroups:  28%|██▊       | 17/61 [01:37<01:51,  2.52s/grp, FOR001 (FOR)]Groups:  28%|██▊       | 17/61 [01:37<01:51,  2.52s/grp, FOR002 (FOR)]
Optimising offset:   0%|          | 0/81 [00:00<?, ?it/s][AGroups:  28%|██▊       | 17/61 [01:37<01:50,  2.51s/grp, FOR001 (FOR)]Groups:  28%|██▊       | 17/61 [01:37<01:50,  2.51s/grp, FOR002 (FOR)]Groups:  28%|██▊       | 17/61 [01:37<01:50,  2.52s/grp, FOR001 (FOR)]Groups:  28%|██▊       | 17/61 [01:37<01:50,  2.52s/grp, FOR002 (FOR)]Groups:  28%|██▊       | 17/61 [01:37<01:50,  2.51s/grp, FOR001 (FOR)]Groups:  28%|██▊       | 17/61 [01:37<01:50,  2.51s/grp, FOR002 (FOR)]
Optimising offset:   0%|          | 0/81 [00:00<?, ?it/s][A
Optimising offset:   0%|          | 0/81 [00:00<?, ?it/s][A
Optimising offset:   0%|          | 0/81 [00:00<?, ?it/s][A
Optimising offset:  49%|████▉     | 40/81 [00:00<00:00, 81.95it/s][A
Optimising offset:  49%|████▉     | 40/81 [00:00<00:00, 73.87it/s][A
Optimising offset:  49%|████▉     | 40/81 [00:00<00:00, 74.26it/s][A
Optimising offset:  49%|████▉     | 40/81 [00:00<00:00, 72.75it/s][A
Optimising offset:  74%|███████▍  | 60/81 [00:01<00:00, 52.74it/s][A
Optimising offset:  74%|███████▍  | 60/81 [00:01<00:00, 52.38it/s][A
Optimising offset:  74%|███████▍  | 60/81 [00:01<00:00, 49.60it/s][A
Optimising offset:  74%|███████▍  | 60/81 [00:01<00:00, 49.49it/s][A
Optimising offset:  99%|█████████▉| 80/81 [00:01<00:00, 45.74it/s][A
                                                                  [A
Optimising offset:  99%|█████████▉| 80/81 [00:01<00:00, 44.69it/s][A
                                                                  [A
Optimising offset:  99%|█████████▉| 80/81 [00:01<00:00, 46.66it/s][A
                                                                  [A
Optimising offset:  99%|█████████▉| 80/81 [00:01<00:00, 44.23it/s][A
                                                                  [AGroups:  30%|██▉       | 18/61 [01:40<01:47,  2.49s/grp, FOR002 (FOR)]Groups:  30%|██▉       | 18/61 [01:40<01:47,  2.49s/grp, FOR003 (FOR)]Groups:  30%|██▉       | 18/61 [01:40<01:46,  2.48s/grp, FOR002 (FOR)]Groups:  30%|██▉       | 18/61 [01:40<01:46,  2.48s/grp, FOR003 (FOR)]Groups:  30%|██▉       | 18/61 [01:40<01:47,  2.50s/grp, FOR002 (FOR)]Groups:  30%|██▉       | 18/61 [01:40<01:47,  2.50s/grp, FOR003 (FOR)]Groups:  30%|██▉       | 18/61 [01:40<01:47,  2.50s/grp, FOR002 (FOR)]Groups:  30%|██▉       | 18/61 [01:40<01:47,  2.50s/grp, FOR003 (FOR)]
Optimising offset:   0%|          | 0/81 [00:00<?, ?it/s][A
Optimising offset:   0%|          | 0/81 [00:00<?, ?it/s][A
Optimising offset:   0%|          | 0/81 [00:00<?, ?it/s][A
Optimising offset:   0%|          | 0/81 [00:00<?, ?it/s][A
Optimising offset:  49%|████▉     | 40/81 [00:02<00:02, 19.51it/s][A
Optimising offset:  49%|████▉     | 40/81 [00:02<00:02, 19.26it/s][A
Optimising offset:  49%|████▉     | 40/81 [00:02<00:02, 18.63it/s][A
Optimising offset:  49%|████▉     | 40/81 [00:02<00:02, 18.33it/s][A
Optimising offset:  74%|███████▍  | 60/81 [00:04<00:01, 12.96it/s][A
Optimising offset:  74%|███████▍  | 60/81 [00:04<00:01, 12.63it/s][A
Optimising offset:  74%|███████▍  | 60/81 [00:04<00:01, 12.67it/s][A
Optimising offset:  74%|███████▍  | 60/81 [00:04<00:01, 12.50it/s][A
Optimising offset:  99%|█████████▉| 80/81 [00:06<00:00, 11.03it/s][A
                                                                  [A
Optimising offset:  99%|█████████▉| 80/81 [00:06<00:00, 10.73it/s][A
                                                                  [A
Optimising offset:  99%|█████████▉| 80/81 [00:06<00:00, 10.74it/s][A
                                                                  [A
Optimising offset:  99%|█████████▉| 80/81 [00:06<00:00, 10.74it/s][A
                                                                  [AGroups:  31%|███       | 19/61 [01:50<03:16,  4.69s/grp, FOR003 (FOR)]Groups:  31%|███       | 19/61 [01:50<03:16,  4.69s/grp, FOR004 (FOR)]Groups:  31%|███       | 19/61 [01:50<03:18,  4.73s/grp, FOR003 (FOR)]Groups:  31%|███       | 19/61 [01:50<03:18,  4.73s/grp, FOR004 (FOR)]Groups:  31%|███       | 19/61 [01:50<03:18,  4.72s/grp, FOR003 (FOR)]Groups:  31%|███       | 19/61 [01:50<03:18,  4.72s/grp, FOR004 (FOR)]Groups:  31%|███       | 19/61 [01:50<03:19,  4.75s/grp, FOR003 (FOR)]Groups:  31%|███       | 19/61 [01:50<03:19,  4.75s/grp, FOR004 (FOR)]
Optimising offset:   0%|          | 0/81 [00:00<?, ?it/s][A
Optimising offset:   0%|          | 0/81 [00:00<?, ?it/s][A
Optimising offset:   0%|          | 0/81 [00:00<?, ?it/s][A
Optimising offset:   0%|          | 0/81 [00:00<?, ?it/s][A
Optimising offset:  49%|████▉     | 40/81 [00:03<00:03, 11.75it/s][A
Optimising offset:  49%|████▉     | 40/81 [00:03<00:03, 11.82it/s][A
Optimising offset:  49%|████▉     | 40/81 [00:03<00:03, 11.52it/s][A
Optimising offset:  49%|████▉     | 40/81 [00:03<00:03, 11.50it/s][A
Optimising offset:  74%|███████▍  | 60/81 [00:07<00:02,  7.18it/s][A
Optimising offset:  74%|███████▍  | 60/81 [00:07<00:02,  7.19it/s][A
Optimising offset:  74%|███████▍  | 60/81 [00:07<00:02,  7.19it/s][A
Optimising offset:  74%|███████▍  | 60/81 [00:07<00:02,  7.14it/s][A
Optimising offset:  99%|█████████▉| 80/81 [00:12<00:00,  5.93it/s][A
                                                                  [A
Optimising offset:  99%|█████████▉| 80/81 [00:12<00:00,  5.95it/s][A
                                                                  [A
Optimising offset:  99%|█████████▉| 80/81 [00:12<00:00,  5.95it/s][A
                                                                  [A
Optimising offset:  99%|█████████▉| 80/81 [00:12<00:00,  5.96it/s][A
                                                                  [AGroups:  33%|███▎      | 20/61 [02:08<06:00,  8.80s/grp, FOR004 (FOR)]Groups:  33%|███▎      | 20/61 [02:08<06:00,  8.80s/grp, FOR005 (FOR)]Groups:  33%|███▎      | 20/61 [02:08<06:01,  8.81s/grp, FOR004 (FOR)]Groups:  33%|███▎      | 20/61 [02:08<06:01,  8.81s/grp, FOR005 (FOR)]Groups:  33%|███▎      | 20/61 [02:08<06:01,  8.82s/grp, FOR004 (FOR)]Groups:  33%|███▎      | 20/61 [02:08<06:01,  8.82s/grp, FOR005 (FOR)]Groups:  33%|███▎      | 20/61 [02:08<06:02,  8.83s/grp, FOR004 (FOR)]Groups:  33%|███▎      | 20/61 [02:08<06:02,  8.83s/grp, FOR005 (FOR)]
Optimising offset:   0%|          | 0/81 [00:00<?, ?it/s][A
Optimising offset:   0%|          | 0/81 [00:00<?, ?it/s][A
Optimising offset:   0%|          | 0/81 [00:00<?, ?it/s][A
Optimising offset:   0%|          | 0/81 [00:00<?, ?it/s][A
Optimising offset:  49%|████▉     | 40/81 [00:02<00:02, 16.23it/s][A
Optimising offset:  49%|████▉     | 40/81 [00:02<00:02, 16.51it/s][A
Optimising offset:  49%|████▉     | 40/81 [00:02<00:02, 16.02it/s][A
Optimising offset:  49%|████▉     | 40/81 [00:02<00:02, 15.87it/s][A
Optimising offset:  74%|███████▍  | 60/81 [00:05<00:01, 10.80it/s][A
Optimising offset:  74%|███████▍  | 60/81 [00:05<00:01, 10.93it/s][A
Optimising offset:  74%|███████▍  | 60/81 [00:05<00:01, 10.57it/s][A
Optimising offset:  74%|███████▍  | 60/81 [00:05<00:01, 10.67it/s][A
Optimising offset:  99%|█████████▉| 80/81 [00:08<00:00,  9.04it/s][A
                                                                  [A
Optimising offset:  99%|█████████▉| 80/81 [00:07<00:00,  9.01it/s][A
                                                                  [A
Optimising offset:  99%|█████████▉| 80/81 [00:08<00:00,  8.97it/s][A
                                                                  [A
Optimising offset:  99%|█████████▉| 80/81 [00:08<00:00,  8.96it/s][A
                                                                  [AGroups:  34%|███▍      | 21/61 [02:20<06:27,  9.69s/grp, FOR005 (FOR)]Groups:  34%|███▍      | 21/61 [02:20<06:27,  9.69s/grp, FOR006 (FOR)]Groups:  34%|███▍      | 21/61 [02:20<06:28,  9.72s/grp, FOR005 (FOR)]Groups:  34%|███▍      | 21/61 [02:20<06:28,  9.72s/grp, FOR006 (FOR)]
Optimising offset:   0%|          | 0/81 [00:00<?, ?it/s][AGroups:  34%|███▍      | 21/61 [02:20<06:29,  9.73s/grp, FOR005 (FOR)]Groups:  34%|███▍      | 21/61 [02:20<06:29,  9.73s/grp, FOR006 (FOR)]Groups:  34%|███▍      | 21/61 [02:20<06:31,  9.78s/grp, FOR005 (FOR)]Groups:  34%|███▍      | 21/61 [02:20<06:31,  9.78s/grp, FOR006 (FOR)]
Optimising offset:   0%|          | 0/81 [00:00<?, ?it/s][A
Optimising offset:   0%|          | 0/81 [00:00<?, ?it/s][A
Optimising offset:   0%|          | 0/81 [00:00<?, ?it/s][A
Optimising offset:  49%|████▉     | 40/81 [00:01<00:01, 22.03it/s][A
Optimising offset:  49%|████▉     | 40/81 [00:01<00:01, 22.64it/s][A
Optimising offset:  49%|████▉     | 40/81 [00:01<00:01, 20.95it/s][A
Optimising offset:  49%|████▉     | 40/81 [00:01<00:01, 20.96it/s][A
Optimising offset:  74%|███████▍  | 60/81 [00:03<00:01, 14.57it/s][A
Optimising offset:  74%|███████▍  | 60/81 [00:03<00:01, 14.50it/s][A
Optimising offset:  74%|███████▍  | 60/81 [00:03<00:01, 14.40it/s][A
Optimising offset:  74%|███████▍  | 60/81 [00:03<00:01, 14.52it/s][A
Optimising offset:  99%|█████████▉| 80/81 [00:05<00:00, 12.42it/s][A
                                                                  [A
Optimising offset:  99%|█████████▉| 80/81 [00:05<00:00, 12.24it/s][A
                                                                  [A
Optimising offset:  99%|█████████▉| 80/81 [00:05<00:00, 12.38it/s][A
                                                                  [A
Optimising offset:  99%|█████████▉| 80/81 [00:05<00:00, 12.14it/s][A
                                                                  [AGroups:  36%|███▌      | 22/61 [02:28<06:06,  9.39s/grp, FOR006 (FOR)]Groups:  36%|███▌      | 22/61 [02:28<06:06,  9.39s/grp, FOR007 (FOR)]Groups:  36%|███▌      | 22/61 [02:29<06:08,  9.44s/grp, FOR006 (FOR)]Groups:  36%|███▌      | 22/61 [02:29<06:08,  9.44s/grp, FOR007 (FOR)]Groups:  36%|███▌      | 22/61 [02:29<06:07,  9.41s/grp, FOR006 (FOR)]Groups:  36%|███▌      | 22/61 [02:29<06:07,  9.41s/grp, FOR007 (FOR)]Groups:  36%|███▌      | 22/61 [02:29<06:09,  9.48s/grp, FOR006 (FOR)]Groups:  36%|███▌      | 22/61 [02:29<06:09,  9.48s/grp, FOR007 (FOR)]
Optimising offset:   0%|          | 0/81 [00:00<?, ?it/s][A
Optimising offset:   0%|          | 0/81 [00:00<?, ?it/s][A
Optimising offset:   0%|          | 0/81 [00:00<?, ?it/s][A
Optimising offset:   0%|          | 0/81 [00:00<?, ?it/s][A
Optimising offset:  49%|████▉     | 40/81 [00:03<00:03, 10.89it/s][A
Optimising offset:  49%|████▉     | 40/81 [00:03<00:03, 10.41it/s][A
Optimising offset:  49%|████▉     | 40/81 [00:03<00:03, 10.50it/s][A
Optimising offset:  49%|████▉     | 40/81 [00:03<00:03, 10.37it/s][A
Optimising offset:  74%|███████▍  | 60/81 [00:07<00:02,  7.05it/s][A
Optimising offset:  74%|███████▍  | 60/81 [00:07<00:02,  7.04it/s][A
Optimising offset:  74%|███████▍  | 60/81 [00:07<00:02,  7.03it/s][A
Optimising offset:  74%|███████▍  | 60/81 [00:08<00:03,  6.90it/s][A
Optimising offset:  99%|█████████▉| 80/81 [00:12<00:00,  5.97it/s][A
                                                                  [A
Optimising offset:  99%|█████████▉| 80/81 [00:12<00:00,  5.95it/s][A
                                                                  [A
Optimising offset:  99%|█████████▉| 80/81 [00:12<00:00,  5.85it/s][A
                                                                  [A
Optimising offset:  99%|█████████▉| 80/81 [00:12<00:00,  5.86it/s][A
                                                                  [AGroups:  38%|███▊      | 23/61 [02:47<07:37, 12.04s/grp, FOR007 (FOR)]Groups:  38%|███▊      | 23/61 [02:47<07:37, 12.04s/grp, FOR008 (FOR)]
Optimising offset:   0%|          | 0/81 [00:00<?, ?it/s][AGroups:  38%|███▊      | 23/61 [02:47<07:37, 12.03s/grp, FOR007 (FOR)]Groups:  38%|███▊      | 23/61 [02:47<07:37, 12.03s/grp, FOR008 (FOR)]Groups:  38%|███▊      | 23/61 [02:47<07:38, 12.08s/grp, FOR007 (FOR)]Groups:  38%|███▊      | 23/61 [02:47<07:38, 12.08s/grp, FOR008 (FOR)]
Optimising offset:   0%|          | 0/81 [00:00<?, ?it/s][A
Optimising offset:   0%|          | 0/81 [00:00<?, ?it/s][A
Optimising offset:  49%|████▉     | 40/81 [00:00<00:00, 83.39it/s][AGroups:  38%|███▊      | 23/61 [02:47<07:39, 12.09s/grp, FOR007 (FOR)]Groups:  38%|███▊      | 23/61 [02:47<07:39, 12.09s/grp, FOR008 (FOR)]
Optimising offset:   0%|          | 0/81 [00:00<?, ?it/s][A
Optimising offset:  49%|████▉     | 40/81 [00:00<00:00, 104.40it/s][A
Optimising offset:  49%|████▉     | 40/81 [00:00<00:00, 83.09it/s][A
Optimising offset:  74%|███████▍  | 60/81 [00:01<00:00, 52.65it/s][A
Optimising offset:  49%|████▉     | 40/81 [00:00<00:00, 69.32it/s][A
Optimising offset:  74%|███████▍  | 60/81 [00:01<00:00, 49.54it/s][A
Optimising offset:  74%|███████▍  | 60/81 [00:01<00:00, 50.89it/s] [A
Optimising offset:  99%|█████████▉| 80/81 [00:01<00:00, 45.60it/s][A
                                                                  [A
Optimising offset:  74%|███████▍  | 60/81 [00:01<00:00, 48.26it/s][A
Optimising offset:  99%|█████████▉| 80/81 [00:01<00:00, 43.64it/s][A
                                                                  [A
Optimising offset:  99%|█████████▉| 80/81 [00:01<00:00, 41.87it/s][A
                                                                  [AGroups:  39%|███▉      | 24/61 [02:49<05:40,  9.19s/grp, FOR008 (FOR)]Groups:  39%|███▉      | 24/61 [02:49<05:40,  9.19s/grp, FOR009 (FOR)]
Optimising offset:  99%|█████████▉| 80/81 [00:01<00:00, 40.81it/s][A
                                                                  [A
Optimising offset:   0%|          | 0/81 [00:00<?, ?it/s][AGroups:  39%|███▉      | 24/61 [02:49<05:39,  9.19s/grp, FOR008 (FOR)]Groups:  39%|███▉      | 24/61 [02:49<05:39,  9.19s/grp, FOR009 (FOR)]Groups:  39%|███▉      | 24/61 [02:49<05:40,  9.20s/grp, FOR008 (FOR)]Groups:  39%|███▉      | 24/61 [02:49<05:40,  9.20s/grp, FOR009 (FOR)]
Optimising offset:   0%|          | 0/81 [00:00<?, ?it/s][A
Optimising offset:   0%|          | 0/81 [00:00<?, ?it/s][AGroups:  39%|███▉      | 24/61 [02:50<05:42,  9.25s/grp, FOR008 (FOR)]Groups:  39%|███▉      | 24/61 [02:50<05:42,  9.25s/grp, FOR009 (FOR)]
Optimising offset:   0%|          | 0/81 [00:00<?, ?it/s][A
Optimising offset:  49%|████▉     | 40/81 [00:00<00:00, 44.70it/s][A
Optimising offset:  49%|████▉     | 40/81 [00:00<00:00, 48.26it/s][A
Optimising offset:  49%|████▉     | 40/81 [00:00<00:00, 41.70it/s][A
Optimising offset:  49%|████▉     | 40/81 [00:00<00:00, 41.25it/s][A
Optimising offset:  74%|███████▍  | 60/81 [00:01<00:00, 28.57it/s][A
Optimising offset:  74%|███████▍  | 60/81 [00:01<00:00, 28.55it/s][A
Optimising offset:  74%|███████▍  | 60/81 [00:01<00:00, 28.19it/s][A
Optimising offset:  74%|███████▍  | 60/81 [00:01<00:00, 28.39it/s][A
Optimising offset:  99%|█████████▉| 80/81 [00:02<00:00, 25.01it/s][A
                                                                  [A
Optimising offset:  99%|█████████▉| 80/81 [00:02<00:00, 24.87it/s][A
                                                                  [A
Optimising offset:  99%|█████████▉| 80/81 [00:02<00:00, 24.95it/s][A
                                                                  [A
Optimising offset:  99%|█████████▉| 80/81 [00:02<00:00, 24.70it/s][A
                                                                  [AGroups:  41%|████      | 25/61 [02:54<04:39,  7.75s/grp, FOR009 (FOR)]Groups:  41%|████      | 25/61 [02:54<04:39,  7.75s/grp, ICA001 (ICA)]
Optimising offset:   0%|          | 0/81 [00:00<?, ?it/s][A
                                                         [AGroups:  43%|████▎     | 26/61 [02:54<03:11,  5.46s/grp, ICA001 (ICA)]Groups:  43%|████▎     | 26/61 [02:54<03:11,  5.46s/grp, ICA002 (ICA)]
Optimising offset:   0%|          | 0/81 [00:00<?, ?it/s][A
Optimising offset:  99%|█████████▉| 80/81 [00:00<00:00, 649.87it/s][A
                                                                   [AGroups:  44%|████▍     | 27/61 [02:54<02:12,  3.88s/grp, ICA002 (ICA)]Groups:  44%|████▍     | 27/61 [02:54<02:12,  3.88s/grp, ICA004 (ICA)]Groups:  41%|████      | 25/61 [02:54<04:39,  7.75s/grp, FOR009 (FOR)]Groups:  41%|████      | 25/61 [02:54<04:39,  7.75s/grp, ICA001 (ICA)]
Optimising offset:   0%|          | 0/81 [00:00<?, ?it/s][AGroups:  41%|████      | 25/61 [02:54<04:39,  7.75s/grp, FOR009 (FOR)]Groups:  41%|████      | 25/61 [02:54<04:39,  7.75s/grp, ICA001 (ICA)]
Optimising offset:   0%|          | 0/81 [00:00<?, ?it/s][A
                                                         [A
                                                         [AGroups:  41%|████      | 25/61 [02:54<04:39,  7.75s/grp, ICA002 (ICA)]
Optimising offset:   0%|          | 0/81 [00:00<?, ?it/s][A
Optimising offset:   0%|          | 0/81 [00:00<?, ?it/s][AGroups:  41%|████      | 25/61 [02:54<04:39,  7.75s/grp, ICA002 (ICA)]
Optimising offset:   0%|          | 0/81 [00:00<?, ?it/s][A
Optimising offset:  99%|█████████▉| 80/81 [00:00<00:00, 746.91it/s][A
                                                                   [A
Optimising offset:  99%|█████████▉| 80/81 [00:00<00:00, 719.96it/s][A
                                                                   [AGroups:  44%|████▍     | 27/61 [02:54<02:24,  4.24s/grp, ICA002 (ICA)]Groups:  44%|████▍     | 27/61 [02:54<02:24,  4.24s/grp, ICA004 (ICA)]Groups:  44%|████▍     | 27/61 [02:54<02:24,  4.24s/grp, ICA002 (ICA)]Groups:  44%|████▍     | 27/61 [02:54<02:24,  4.24s/grp, ICA004 (ICA)]
Optimising offset:   0%|          | 0/81 [00:00<?, ?it/s][AGroups:  41%|████      | 25/61 [02:54<04:40,  7.79s/grp, FOR009 (FOR)]Groups:  41%|████      | 25/61 [02:54<04:40,  7.79s/grp, ICA001 (ICA)]
Optimising offset:   0%|          | 0/81 [00:00<?, ?it/s][A
Optimising offset:   0%|          | 0/81 [00:00<?, ?it/s][A
Optimising offset:  49%|████▉     | 40/81 [00:00<00:00, 119.82it/s][A
                                                         [AGroups:  41%|████      | 25/61 [02:54<04:40,  7.79s/grp, ICA002 (ICA)]
Optimising offset:   0%|          | 0/81 [00:00<?, ?it/s][A
Optimising offset:  99%|█████████▉| 80/81 [00:00<00:00, 622.56it/s][A
                                                                   [AGroups:  44%|████▍     | 27/61 [02:55<02:24,  4.26s/grp, ICA002 (ICA)]Groups:  44%|████▍     | 27/61 [02:55<02:24,  4.26s/grp, ICA004 (ICA)]
Optimising offset:  49%|████▉     | 40/81 [00:00<00:00, 99.44it/s][A
Optimising offset:   0%|          | 0/81 [00:00<?, ?it/s][A
Optimising offset:  49%|████▉     | 40/81 [00:00<00:00, 103.38it/s][A
Optimising offset:  74%|███████▍  | 60/81 [00:00<00:00, 70.26it/s] [A
Optimising offset:  49%|████▉     | 40/81 [00:00<00:00, 112.82it/s][A
Optimising offset:  74%|███████▍  | 60/81 [00:00<00:00, 72.31it/s] [A
Optimising offset:  74%|███████▍  | 60/81 [00:00<00:00, 70.25it/s][A
Optimising offset:  99%|█████████▉| 80/81 [00:01<00:00, 60.31it/s][A
                                                                  [A
Optimising offset:  74%|███████▍  | 60/81 [00:00<00:00, 72.13it/s] [A
Optimising offset:  99%|█████████▉| 80/81 [00:01<00:00, 61.89it/s][A

                                                                  [AOptimising offset:  99%|█████████▉| 80/81 [00:01<00:00, 61.07it/s][A
                                                                  [AGroups:  46%|████▌     | 28/61 [02:56<01:48,  3.27s/grp, ICA004 (ICA)]Groups:  46%|████▌     | 28/61 [02:56<01:48,  3.27s/grp, ICA005 (ICA)]
Optimising offset:   0%|          | 0/54 [00:00<?, ?it/s][A
                                                         [AGroups:  46%|████▌     | 28/61 [02:56<01:48,  3.27s/grp, ICA006 (ICA)]
Optimising offset:   0%|          | 0/81 [00:00<?, ?it/s][A
Optimising offset:  99%|█████████▉| 80/81 [00:01<00:00, 62.01it/s][A
                                                                  [A
                                                         [AGroups:  49%|████▉     | 30/61 [02:56<00:55,  1.80s/grp, ICA006 (ICA)]Groups:  49%|████▉     | 30/61 [02:56<00:55,  1.80s/grp, ICA007 (ICA)]
Optimising offset:   0%|          | 0/81 [00:00<?, ?it/s][AGroups:  46%|████▌     | 28/61 [02:56<01:59,  3.63s/grp, ICA004 (ICA)]Groups:  46%|████▌     | 28/61 [02:56<01:59,  3.63s/grp, ICA005 (ICA)]Groups:  46%|████▌     | 28/61 [02:56<01:59,  3.63s/grp, ICA004 (ICA)]Groups:  46%|████▌     | 28/61 [02:56<01:59,  3.63s/grp, ICA005 (ICA)]
Optimising offset:   0%|          | 0/54 [00:00<?, ?it/s][A
Optimising offset:   0%|          | 0/54 [00:00<?, ?it/s][A
                                                         
                                                         [A[AGroups:  46%|████▌     | 28/61 [02:56<01:59,  3.63s/grp, ICA006 (ICA)]Groups:  46%|████▌     | 28/61 [02:56<01:59,  3.63s/grp, ICA006 (ICA)]
Optimising offset:   0%|          | 0/81 [00:00<?, ?it/s][A
Optimising offset:   0%|          | 0/81 [00:00<?, ?it/s][A
                                                         [A
                                                         [A
Optimising offset:  49%|████▉     | 40/81 [00:00<00:00, 259.77it/s][AGroups:  49%|████▉     | 30/61 [02:56<01:06,  2.15s/grp, ICA006 (ICA)]Groups:  49%|████▉     | 30/61 [02:56<01:06,  2.15s/grp, ICA007 (ICA)]Groups:  49%|████▉     | 30/61 [02:56<01:06,  2.15s/grp, ICA006 (ICA)]Groups:  49%|████▉     | 30/61 [02:56<01:06,  2.15s/grp, ICA007 (ICA)]
Optimising offset:   0%|          | 0/81 [00:00<?, ?it/s][A
Optimising offset:   0%|          | 0/81 [00:00<?, ?it/s][A
Optimising offset:  81%|████████▏ | 66/81 [00:00<00:00, 206.25it/s][A
Optimising offset:  49%|████▉     | 40/81 [00:00<00:00, 260.23it/s][A
Optimising offset:  49%|████▉     | 40/81 [00:00<00:00, 274.34it/s][AGroups:  46%|████▌     | 28/61 [02:56<02:00,  3.64s/grp, ICA004 (ICA)]Groups:  46%|████▌     | 28/61 [02:56<02:00,  3.64s/grp, ICA005 (ICA)]
Optimising offset:   0%|          | 0/54 [00:00<?, ?it/s][A
                                                         [AGroups:  46%|████▌     | 28/61 [02:56<02:00,  3.64s/grp, ICA006 (ICA)]
Optimising offset:   0%|          | 0/81 [00:00<?, ?it/s][A
                                                                   [A
                                                         [A

Optimising offset:  83%|████████▎ | 67/81 [00:00<00:00, 206.60it/s]Optimising offset:  84%|████████▍ | 68/81 [00:00<00:00, 216.59it/s][A[AGroups:  49%|████▉     | 30/61 [02:56<01:07,  2.16s/grp, ICA006 (ICA)]Groups:  49%|████▉     | 30/61 [02:56<01:07,  2.16s/grp, ICA007 (ICA)]
Optimising offset:   0%|          | 0/81 [00:00<?, ?it/s][A
                                                                   [A
                                                                   [A
Optimising offset:  49%|████▉     | 40/81 [00:00<00:00, 245.22it/s][AGroups:  51%|█████     | 31/61 [02:57<00:46,  1.55s/grp, ICA007 (ICA)]Groups:  51%|█████     | 31/61 [02:57<00:46,  1.55s/grp, ICA008 (ICA)]
Optimising offset:   0%|          | 0/81 [00:00<?, ?it/s][A
Optimising offset:  74%|███████▍  | 60/81 [00:00<00:00, 466.36it/s][A
Optimising offset:  80%|████████  | 65/81 [00:00<00:00, 186.02it/s][AGroups:  51%|█████     | 31/61 [02:57<00:55,  1.84s/grp, ICA007 (ICA)]Groups:  51%|█████     | 31/61 [02:57<00:55,  1.84s/grp, ICA008 (ICA)]Groups:  51%|█████     | 31/61 [02:57<00:55,  1.84s/grp, ICA007 (ICA)]Groups:  51%|█████     | 31/61 [02:57<00:55,  1.84s/grp, ICA008 (ICA)]
Optimising offset:   0%|          | 0/81 [00:00<?, ?it/s][A
                                                                   [A
Optimising offset:   0%|          | 0/81 [00:00<?, ?it/s][A
Groups:  52%|█████▏    | 32/61 [02:57<00:35,  1.23s/grp, ICA008 (ICA)]Groups:  52%|█████▏    | 32/61 [02:57<00:35,  1.23s/grp, ICA009 (ICA)]Optimising offset:  74%|███████▍  | 60/81 [00:00<00:00, 513.71it/s][A
Optimising offset:  74%|███████▍  | 60/81 [00:00<00:00, 536.92it/s][A
                                                                   [A
Optimising offset:   0%|          | 0/81 [00:00<?, ?it/s][A
                                                                   [A
                                                                   [AGroups:  52%|█████▏    | 32/61 [02:57<00:42,  1.46s/grp, ICA008 (ICA)]Groups:  52%|█████▏    | 32/61 [02:57<00:42,  1.46s/grp, ICA009 (ICA)]
Optimising offset:   0%|          | 0/81 [00:00<?, ?it/s][A
Optimising offset:  74%|███████▍  | 60/81 [00:00<00:00, 388.78it/s][AGroups:  52%|█████▏    | 32/61 [02:57<00:42,  1.47s/grp, ICA008 (ICA)]Groups:  52%|█████▏    | 32/61 [02:57<00:42,  1.47s/grp, ICA009 (ICA)]
Optimising offset:   0%|          | 0/81 [00:00<?, ?it/s][AGroups:  51%|█████     | 31/61 [02:57<00:55,  1.85s/grp, ICA007 (ICA)]Groups:  51%|█████     | 31/61 [02:57<00:55,  1.85s/grp, ICA008 (ICA)]
Optimising offset:   0%|          | 0/81 [00:00<?, ?it/s][A
                                                                   [A
Optimising offset:  74%|███████▍  | 60/81 [00:00<00:00, 367.95it/s][A
Optimising offset:  74%|███████▍  | 60/81 [00:00<00:00, 401.51it/s][A
Optimising offset:  74%|███████▍  | 60/81 [00:00<00:00, 535.12it/s][AGroups:  54%|█████▍    | 33/61 [02:57<00:28,  1.01s/grp, ICA009 (ICA)]Groups:  54%|█████▍    | 33/61 [02:57<00:28,  1.01s/grp, ICA011 (ICA)]
                                                                   [A
                                                                   [A
                                                                   [A
Optimising offset:   0%|          | 0/81 [00:00<?, ?it/s][AGroups:  54%|█████▍    | 33/61 [02:58<00:33,  1.19s/grp, ICA009 (ICA)]Groups:  54%|█████▍    | 33/61 [02:58<00:33,  1.19s/grp, ICA011 (ICA)]Groups:  52%|█████▏    | 32/61 [02:58<00:42,  1.47s/grp, ICA008 (ICA)]Groups:  52%|█████▏    | 32/61 [02:58<00:42,  1.47s/grp, ICA009 (ICA)]
Optimising offset:  49%|████▉     | 40/81 [00:00<00:00, 326.97it/s][A
Optimising offset:   0%|          | 0/81 [00:00<?, ?it/s][A
Optimising offset:   0%|          | 0/81 [00:00<?, ?it/s][AGroups:  54%|█████▍    | 33/61 [02:58<00:33,  1.19s/grp, ICA009 (ICA)]Groups:  54%|█████▍    | 33/61 [02:58<00:33,  1.19s/grp, ICA011 (ICA)]
Optimising offset:   0%|          | 0/81 [00:00<?, ?it/s][A
Optimising offset:  90%|█████████ | 73/81 [00:00<00:00, 318.93it/s][A
Optimising offset:  49%|████▉     | 40/81 [00:00<00:00, 309.50it/s][A
Optimising offset:  49%|████▉     | 40/81 [00:00<00:00, 322.42it/s][A
Optimising offset:  74%|███████▍  | 60/81 [00:00<00:00, 371.09it/s][A
                                                                   [A
                                                                   [A
Optimising offset:  88%|████████▊ | 71/81 [00:00<00:00, 254.76it/s][A
Optimising offset:  90%|█████████ | 73/81 [00:00<00:00, 270.50it/s][A
                                                                   [AGroups:  54%|█████▍    | 33/61 [02:58<00:33,  1.20s/grp, ICA009 (ICA)]Groups:  54%|█████▍    | 33/61 [02:58<00:33,  1.20s/grp, ICA011 (ICA)]Groups:  56%|█████▌    | 34/61 [02:58<00:24,  1.12grp/s, ICA011 (ICA)]Groups:  56%|█████▌    | 34/61 [02:58<00:24,  1.12grp/s, LAC001 (LAC)]
Optimising offset:   0%|          | 0/81 [00:00<?, ?it/s][A
                                                                   [A
Optimising offset:   0%|          | 0/81 [00:00<?, ?it/s][A
Optimising offset:  49%|████▉     | 40/81 [00:00<00:00, 339.84it/s][AGroups:  56%|█████▌    | 34/61 [02:58<00:27,  1.03s/grp, ICA011 (ICA)]Groups:  56%|█████▌    | 34/61 [02:58<00:27,  1.03s/grp, LAC001 (LAC)]
Optimising offset:  49%|████▉     | 40/81 [00:00<00:00, 295.55it/s][A
Optimising offset:   0%|          | 0/81 [00:00<?, ?it/s][AGroups:  56%|█████▌    | 34/61 [02:58<00:28,  1.04s/grp, ICA011 (ICA)]Groups:  56%|█████▌    | 34/61 [02:58<00:28,  1.04s/grp, LAC001 (LAC)]
Optimising offset:   0%|          | 0/81 [00:00<?, ?it/s][A
Optimising offset:  91%|█████████▏| 74/81 [00:00<00:00, 287.38it/s][A
Optimising offset:  49%|████▉     | 40/81 [00:00<00:00, 269.35it/s][A
Optimising offset:  86%|████████▋ | 70/81 [00:00<00:00, 215.72it/s][A
                                                                   [A
Optimising offset:  49%|████▉     | 40/81 [00:00<00:00, 268.49it/s][A
Optimising offset:  83%|████████▎ | 67/81 [00:00<00:00, 206.56it/s][A
                                                                   [A
Optimising offset:  83%|████████▎ | 67/81 [00:00<00:00, 212.52it/s][AGroups:  56%|█████▌    | 34/61 [02:59<00:28,  1.05s/grp, ICA011 (ICA)]Groups:  56%|█████▌    | 34/61 [02:59<00:28,  1.05s/grp, LAC001 (LAC)]
Optimising offset:   0%|          | 0/81 [00:00<?, ?it/s][A
                                                                   [A
                                                                   [AGroups:  57%|█████▋    | 35/61 [02:59<00:22,  1.17grp/s, LAC001 (LAC)]Groups:  57%|█████▋    | 35/61 [02:59<00:22,  1.17grp/s, LAC002 (LAC)]
Optimising offset:   0%|          | 0/81 [00:00<?, ?it/s][A
Optimising offset:  49%|████▉     | 40/81 [00:00<00:00, 254.63it/s][AGroups:  57%|█████▋    | 35/61 [02:59<00:24,  1.06grp/s, LAC001 (LAC)]Groups:  57%|█████▋    | 35/61 [02:59<00:24,  1.06grp/s, LAC002 (LAC)]
Optimising offset:  99%|█████████▉| 80/81 [00:00<00:00, 677.27it/s][A
                                                                   [A
Optimising offset:   0%|          | 0/81 [00:00<?, ?it/s][AGroups:  57%|█████▋    | 35/61 [02:59<00:24,  1.05grp/s, LAC001 (LAC)]Groups:  57%|█████▋    | 35/61 [02:59<00:24,  1.05grp/s, LAC002 (LAC)]
Optimising offset:   0%|          | 0/81 [00:00<?, ?it/s][AGroups:  59%|█████▉    | 36/61 [02:59<00:16,  1.50grp/s, LAC002 (LAC)]Groups:  59%|█████▉    | 36/61 [02:59<00:16,  1.50grp/s, LAC003 (LAC)]
Optimising offset:  81%|████████▏ | 66/81 [00:00<00:00, 192.66it/s][A
Optimising offset:   0%|          | 0/72 [00:00<?, ?it/s][A
                                                         [AGroups:  59%|█████▉    | 36/61 [02:59<00:16,  1.50grp/s, LAC004 (LAC)]
Optimising offset:  99%|█████████▉| 80/81 [00:00<00:00, 753.55it/s]
Optimising offset:   0%|          | 0/81 [00:00<?, ?it/s][A[A
                                                                   [A
Optimising offset:  99%|█████████▉| 80/81 [00:00<00:00, 741.84it/s][A
                                                                   [A
                                                         [AGroups:  59%|█████▉    | 36/61 [02:59<00:18,  1.37grp/s, LAC002 (LAC)]Groups:  59%|█████▉    | 36/61 [02:59<00:18,  1.37grp/s, LAC003 (LAC)]
Optimising offset:   0%|          | 0/72 [00:00<?, ?it/s][AGroups:  62%|██████▏   | 38/61 [02:59<00:09,  2.53grp/s, LAC004 (LAC)]Groups:  62%|██████▏   | 38/61 [02:59<00:09,  2.53grp/s, LAC005 (LAC)]
                                                         [A
Optimising offset:   0%|          | 0/81 [00:00<?, ?it/s][AGroups:  59%|█████▉    | 36/61 [02:59<00:18,  1.37grp/s, LAC004 (LAC)]
                                                                   [A
Optimising offset:   0%|          | 0/81 [00:00<?, ?it/s][AGroups:  59%|█████▉    | 36/61 [02:59<00:18,  1.36grp/s, LAC002 (LAC)]Groups:  59%|█████▉    | 36/61 [02:59<00:18,  1.36grp/s, LAC003 (LAC)]
Optimising offset:   0%|          | 0/72 [00:00<?, ?it/s][A
                                                         [AGroups:  59%|█████▉    | 36/61 [02:59<00:18,  1.36grp/s, LAC004 (LAC)]
Optimising offset:   0%|          | 0/81 [00:00<?, ?it/s][A

                                                         [A                                                         [AGroups:  62%|██████▏   | 38/61 [02:59<00:09,  2.33grp/s, LAC004 (LAC)]Groups:  62%|██████▏   | 38/61 [02:59<00:09,  2.33grp/s, LAC005 (LAC)]
Optimising offset:   0%|          | 0/81 [00:00<?, ?it/s][AGroups:  64%|██████▍   | 39/61 [02:59<00:07,  3.06grp/s, LAC005 (LAC)]Groups:  64%|██████▍   | 39/61 [02:59<00:07,  3.06grp/s, LAC006 (LAC)]
                                                         [A
Optimising offset:   0%|          | 0/81 [00:00<?, ?it/s][AGroups:  62%|██████▏   | 38/61 [02:59<00:09,  2.33grp/s, LAC004 (LAC)]Groups:  62%|██████▏   | 38/61 [02:59<00:09,  2.33grp/s, LAC005 (LAC)]
Optimising offset:   0%|          | 0/81 [00:00<?, ?it/s][A
                                                         [AGroups:  64%|██████▍   | 39/61 [02:59<00:07,  2.86grp/s, LAC005 (LAC)]Groups:  64%|██████▍   | 39/61 [02:59<00:07,  2.86grp/s, LAC006 (LAC)]
Optimising offset:   0%|          | 0/81 [00:00<?, ?it/s][A
                                                         [A
                                                         [AGroups:  57%|█████▋    | 35/61 [02:59<00:24,  1.05grp/s, LAC001 (LAC)]Groups:  57%|█████▋    | 35/61 [02:59<00:24,  1.05grp/s, LAC002 (LAC)]
Optimising offset:   0%|          | 0/81 [00:00<?, ?it/s][AGroups:  64%|██████▍   | 39/61 [02:59<00:07,  2.84grp/s, LAC005 (LAC)]Groups:  64%|██████▍   | 39/61 [02:59<00:07,  2.84grp/s, LAC006 (LAC)]
Optimising offset:   0%|          | 0/81 [00:00<?, ?it/s][AGroups:  66%|██████▌   | 40/61 [02:59<00:05,  3.51grp/s, LAC006 (LAC)]Groups:  66%|██████▌   | 40/61 [02:59<00:05,  3.51grp/s, LAC007 (LAC)]
Optimising offset:   0%|          | 0/81 [00:00<?, ?it/s][A
                                                         [A
                                                         [AGroups:  66%|██████▌   | 40/61 [02:59<00:05,  3.51grp/s, LAC008 (LAC)]
Optimising offset:   0%|          | 0/72 [00:00<?, ?it/s][A
                                                         [A
                                                         [A
Optimising offset:  99%|█████████▉| 80/81 [00:00<00:00, 734.17it/s][A
                                                                   [AGroups:  66%|██████▌   | 40/61 [02:59<00:05,  3.51grp/s, LAC009 (LAC)]Groups:  66%|██████▌   | 40/61 [02:59<00:06,  3.32grp/s, LAC006 (LAC)]Groups:  66%|██████▌   | 40/61 [02:59<00:06,  3.32grp/s, LAC007 (LAC)]
Optimising offset:   0%|          | 0/81 [00:00<?, ?it/s][A
Optimising offset:   0%|          | 0/81 [00:00<?, ?it/s][A
                                                         [AGroups:  66%|██████▌   | 40/61 [02:59<00:06,  3.37grp/s, LAC006 (LAC)]Groups:  66%|██████▌   | 40/61 [02:59<00:06,  3.37grp/s, LAC007 (LAC)]
                                                         [AGroups:  70%|███████   | 43/61 [02:59<00:02,  6.43grp/s, LAC009 (LAC)]Groups:  70%|███████   | 43/61 [02:59<00:02,  6.43grp/s, PLA001 (PLA)]
Optimising offset:   0%|          | 0/81 [00:00<?, ?it/s][AGroups:  66%|██████▌   | 40/61 [02:59<00:06,  3.32grp/s, LAC008 (LAC)]
Optimising offset:   0%|          | 0/72 [00:00<?, ?it/s][A
                                                         [A
                                                         [AGroups:  59%|█████▉    | 36/61 [03:00<00:18,  1.36grp/s, LAC002 (LAC)]Groups:  59%|█████▉    | 36/61 [03:00<00:18,  1.36grp/s, LAC003 (LAC)]
Optimising offset:   0%|          | 0/72 [00:00<?, ?it/s][A
Optimising offset:   0%|          | 0/81 [00:00<?, ?it/s][AGroups:  66%|██████▌   | 40/61 [03:00<00:06,  3.37grp/s, LAC008 (LAC)]Groups:  66%|██████▌   | 40/61 [03:00<00:06,  3.32grp/s, LAC009 (LAC)]
                                                         [A
Optimising offset:   0%|          | 0/72 [00:00<?, ?it/s][A
Optimising offset:   0%|          | 0/81 [00:00<?, ?it/s][AGroups:  59%|█████▉    | 36/61 [03:00<00:18,  1.36grp/s, LAC004 (LAC)]
                                                         [A
                                                         [A
Optimising offset:   0%|          | 0/81 [00:00<?, ?it/s][AGroups:  66%|██████▌   | 40/61 [03:00<00:06,  3.37grp/s, LAC009 (LAC)]Groups:  70%|███████   | 43/61 [03:00<00:02,  6.20grp/s, LAC009 (LAC)]Groups:  70%|███████   | 43/61 [03:00<00:02,  6.20grp/s, PLA001 (PLA)]
Optimising offset:   0%|          | 0/81 [00:00<?, ?it/s][A
                                                         [AGroups:  70%|███████   | 43/61 [03:00<00:02,  6.26grp/s, LAC009 (LAC)]Groups:  70%|███████   | 43/61 [03:00<00:02,  6.26grp/s, PLA001 (PLA)]
                                                         [A
Optimising offset:   0%|          | 0/81 [00:00<?, ?it/s][AGroups:  62%|██████▏   | 38/61 [03:00<00:09,  2.33grp/s, LAC004 (LAC)]Groups:  62%|██████▏   | 38/61 [03:00<00:09,  2.33grp/s, LAC005 (LAC)]
Optimising offset:   0%|          | 0/81 [00:00<?, ?it/s][A
Optimising offset:   0%|          | 0/81 [00:00<?, ?it/s][A
Optimising offset:  49%|████▉     | 40/81 [00:00<00:00, 288.64it/s][A
                                                         [AGroups:  62%|██████▏   | 38/61 [03:00<00:09,  2.33grp/s, LAC006 (LAC)]
Optimising offset:   0%|          | 0/81 [00:00<?, ?it/s][A
Optimising offset:  49%|████▉     | 40/81 [00:00<00:00, 248.14it/s][A
Optimising offset:  49%|████▉     | 40/81 [00:00<00:00, 240.46it/s][A
Optimising offset:  99%|█████████▉| 80/81 [00:00<00:00, 795.73it/s][A
                                                                   [A
Optimising offset:  85%|████████▌ | 69/81 [00:00<00:00, 200.99it/s][AGroups:  66%|██████▌   | 40/61 [03:00<00:06,  3.16grp/s, LAC006 (LAC)]Groups:  66%|██████▌   | 40/61 [03:00<00:06,  3.16grp/s, LAC007 (LAC)]
Optimising offset:   0%|          | 0/81 [00:00<?, ?it/s][A
                                                         [AGroups:  66%|██████▌   | 40/61 [03:00<00:06,  3.16grp/s, LAC008 (LAC)]
Optimising offset:   0%|          | 0/72 [00:00<?, ?it/s][A
                                                         [A
Optimising offset:  80%|████████  | 65/81 [00:00<00:00, 173.36it/s][AGroups:  66%|██████▌   | 40/61 [03:00<00:06,  3.16grp/s, LAC009 (LAC)]
Optimising offset:   0%|          | 0/81 [00:00<?, ?it/s][A
                                                         [AGroups:  70%|███████   | 43/61 [03:00<00:03,  5.33grp/s, LAC009 (LAC)]Groups:  70%|███████   | 43/61 [03:00<00:03,  5.33grp/s, PLA001 (PLA)]
Optimising offset:  80%|████████  | 65/81 [00:00<00:00, 163.01it/s][A
Optimising offset:   0%|          | 0/81 [00:00<?, ?it/s][A
                                                                   [A
                                                                   [A
                                                                   [A
Optimising offset:  49%|████▉     | 40/81 [00:00<00:00, 216.72it/s][AGroups:  70%|███████   | 43/61 [03:00<00:02,  6.43grp/s, PLA002 (PLA)]Groups:  70%|███████   | 43/61 [03:00<00:02,  6.20grp/s, PLA002 (PLA)]
Optimising offset:   0%|          | 0/81 [00:00<?, ?it/s][A
Optimising offset:  77%|███████▋  | 62/81 [00:00<00:00, 163.02it/s][AGroups:  70%|███████   | 43/61 [03:00<00:02,  6.26grp/s, PLA002 (PLA)]
Optimising offset:   0%|          | 0/81 [00:00<?, ?it/s][A
Optimising offset:   0%|          | 0/81 [00:00<?, ?it/s][A
Optimising offset:  99%|█████████▉| 80/81 [00:00<00:00, 127.89it/s][A
                                                                   [A
Optimising offset:  49%|████▉     | 40/81 [00:00<00:00, 108.73it/s][A
Optimising offset:  49%|████▉     | 40/81 [00:00<00:00, 110.01it/s][AGroups:  70%|███████   | 43/61 [03:01<00:03,  5.33grp/s, PLA002 (PLA)]
Optimising offset:  49%|████▉     | 40/81 [00:00<00:00, 107.29it/s][A
Optimising offset:   0%|          | 0/81 [00:00<?, ?it/s][A
Optimising offset:  74%|███████▍  | 60/81 [00:00<00:00, 74.18it/s] [A
Optimising offset:  74%|███████▍  | 60/81 [00:00<00:00, 73.03it/s] [A
Optimising offset:  74%|███████▍  | 60/81 [00:00<00:00, 71.77it/s] [A
Optimising offset:  49%|████▉     | 40/81 [00:00<00:00, 104.36it/s][A
Optimising offset:  99%|█████████▉| 80/81 [00:01<00:00, 62.55it/s][A
                                                                  [A
Optimising offset:  99%|█████████▉| 80/81 [00:01<00:00, 61.98it/s][A
                                                                  [A
Optimising offset:  99%|█████████▉| 80/81 [00:01<00:00, 60.35it/s][A
                                                                  [A
Optimising offset:  74%|███████▍  | 60/81 [00:00<00:00, 70.30it/s] [AGroups:  74%|███████▍  | 45/61 [03:02<00:08,  1.86grp/s, PLA002 (PLA)]Groups:  74%|███████▍  | 45/61 [03:02<00:08,  1.86grp/s, PLA003 (PLA)]
Optimising offset:  99%|█████████▉| 80/81 [00:01<00:00, 61.18it/s][A
                                                                  [AGroups:  74%|███████▍  | 45/61 [03:02<00:08,  1.83grp/s, PLA002 (PLA)]Groups:  74%|███████▍  | 45/61 [03:02<00:08,  1.83grp/s, PLA003 (PLA)]
Optimising offset:   0%|          | 0/81 [00:00<?, ?it/s][AGroups:  74%|███████▍  | 45/61 [03:02<00:08,  1.83grp/s, PLA002 (PLA)]Groups:  74%|███████▍  | 45/61 [03:02<00:08,  1.83grp/s, PLA003 (PLA)]
Optimising offset:   0%|          | 0/81 [00:00<?, ?it/s][A
Optimising offset:   0%|          | 0/81 [00:00<?, ?it/s][A
Optimising offset:  49%|████▉     | 40/81 [00:00<00:00, 106.64it/s][A
Optimising offset:  49%|████▉     | 40/81 [00:00<00:00, 100.20it/s][AGroups:  74%|███████▍  | 45/61 [03:03<00:08,  1.86grp/s, PLA002 (PLA)]Groups:  74%|███████▍  | 45/61 [03:03<00:08,  1.86grp/s, PLA003 (PLA)]
Optimising offset:  49%|████▉     | 40/81 [00:00<00:00, 100.28it/s][A
Optimising offset:   0%|          | 0/81 [00:00<?, ?it/s][A
Optimising offset:  74%|███████▍  | 60/81 [00:00<00:00, 65.18it/s] [A
Optimising offset:  74%|███████▍  | 60/81 [00:00<00:00, 65.81it/s] [A
Optimising offset:  74%|███████▍  | 60/81 [00:00<00:00, 68.46it/s] [A
Optimising offset:  49%|████▉     | 40/81 [00:00<00:00, 96.74it/s][A
Optimising offset:  99%|█████████▉| 80/81 [00:01<00:00, 59.66it/s][A
                                                                  [A
Optimising offset:  99%|█████████▉| 80/81 [00:01<00:00, 60.23it/s][A
                                                                  [A
Optimising offset:  99%|█████████▉| 80/81 [00:01<00:00, 60.33it/s][A
                                                                  [A
Optimising offset:  74%|███████▍  | 60/81 [00:00<00:00, 65.60it/s][AGroups:  75%|███████▌  | 46/61 [03:04<00:12,  1.24grp/s, PLA003 (PLA)]Groups:  75%|███████▌  | 46/61 [03:04<00:12,  1.24grp/s, PLA004 (PLA)]
Optimising offset:  99%|█████████▉| 80/81 [00:01<00:00, 58.13it/s][A
                                                                  [AGroups:  74%|███████▍  | 45/61 [03:04<00:08,  1.83grp/s, PLA004 (PLA)]Groups:  75%|███████▌  | 46/61 [03:04<00:11,  1.25grp/s, PLA003 (PLA)]Groups:  75%|███████▌  | 46/61 [03:04<00:11,  1.25grp/s, PLA004 (PLA)]
Optimising offset:   0%|          | 0/81 [00:00<?, ?it/s][A
Optimising offset:   0%|          | 0/81 [00:00<?, ?it/s][A
Optimising offset:   0%|          | 0/81 [00:00<?, ?it/s][AGroups:  74%|███████▍  | 45/61 [03:05<00:08,  1.86grp/s, PLA004 (PLA)]
Optimising offset:   0%|          | 0/81 [00:00<?, ?it/s][A
Optimising offset:  49%|████▉     | 40/81 [00:01<00:01, 34.09it/s][A
Optimising offset:  49%|████▉     | 40/81 [00:01<00:01, 32.44it/s][A
Optimising offset:  49%|████▉     | 40/81 [00:01<00:01, 32.09it/s][A
Optimising offset:  49%|████▉     | 40/81 [00:01<00:01, 30.94it/s][A
Optimising offset:  74%|███████▍  | 60/81 [00:02<00:00, 22.25it/s][A
Optimising offset:  74%|███████▍  | 60/81 [00:02<00:00, 21.85it/s][A
Optimising offset:  74%|███████▍  | 60/81 [00:02<00:00, 21.89it/s][A
Optimising offset:  74%|███████▍  | 60/81 [00:02<00:00, 21.62it/s][A
Optimising offset:  99%|█████████▉| 80/81 [00:03<00:00, 19.06it/s][A
                                                                  [A
Optimising offset:  99%|█████████▉| 80/81 [00:03<00:00, 18.77it/s][A
                                                                  [A
Optimising offset:  99%|█████████▉| 80/81 [00:03<00:00, 18.44it/s][A
                                                                  [A
Optimising offset:  99%|█████████▉| 80/81 [00:03<00:00, 18.38it/s][A
                                                                  [AGroups:  77%|███████▋  | 47/61 [03:10<00:26,  1.88s/grp, PLA004 (PLA)]Groups:  77%|███████▋  | 47/61 [03:10<00:26,  1.88s/grp, PLA005 (PLA)]Groups:  77%|███████▋  | 47/61 [03:10<00:26,  1.87s/grp, PLA004 (PLA)]Groups:  77%|███████▋  | 47/61 [03:10<00:26,  1.87s/grp, PLA005 (PLA)]Groups:  77%|███████▋  | 47/61 [03:10<00:22,  1.61s/grp, PLA004 (PLA)]Groups:  77%|███████▋  | 47/61 [03:10<00:22,  1.61s/grp, PLA005 (PLA)]Groups:  77%|███████▋  | 47/61 [03:10<00:21,  1.53s/grp, PLA004 (PLA)]Groups:  77%|███████▋  | 47/61 [03:10<00:21,  1.53s/grp, PLA005 (PLA)]
Optimising offset:   0%|          | 0/81 [00:00<?, ?it/s][A
Optimising offset:   0%|          | 0/81 [00:00<?, ?it/s][A
Optimising offset:   0%|          | 0/81 [00:00<?, ?it/s][A
Optimising offset:   0%|          | 0/81 [00:00<?, ?it/s][A
Optimising offset:  49%|████▉     | 40/81 [00:03<00:03, 12.64it/s][A
Optimising offset:  49%|████▉     | 40/81 [00:03<00:03, 12.64it/s][A
Optimising offset:  49%|████▉     | 40/81 [00:03<00:03, 12.63it/s][A
Optimising offset:  49%|████▉     | 40/81 [00:03<00:03, 12.05it/s][A
Optimising offset:  74%|███████▍  | 60/81 [00:06<00:02,  8.28it/s][A
Optimising offset:  74%|███████▍  | 60/81 [00:06<00:02,  8.15it/s][A
Optimising offset:  74%|███████▍  | 60/81 [00:06<00:02,  8.05it/s][A
Optimising offset:  74%|███████▍  | 60/81 [00:06<00:02,  8.18it/s][A
Optimising offset:  99%|█████████▉| 80/81 [00:10<00:00,  6.99it/s][A
                                                                  [A
Optimising offset:  99%|█████████▉| 80/81 [00:10<00:00,  6.97it/s][A
                                                                  [A
Optimising offset:  99%|█████████▉| 80/81 [00:10<00:00,  6.85it/s][A
                                                                  [A
Optimising offset:  99%|█████████▉| 80/81 [00:10<00:00,  6.88it/s][A
                                                                  [AGroups:  79%|███████▊  | 48/61 [03:25<01:06,  5.12s/grp, PLA005 (PLA)]Groups:  79%|███████▊  | 48/61 [03:25<01:06,  5.12s/grp, PLA006 (PLA)]Groups:  79%|███████▊  | 48/61 [03:26<01:06,  5.12s/grp, PLA005 (PLA)]Groups:  79%|███████▊  | 48/61 [03:26<01:06,  5.12s/grp, PLA006 (PLA)]Groups:  79%|███████▊  | 48/61 [03:26<00:55,  4.24s/grp, PLA005 (PLA)]Groups:  79%|███████▊  | 48/61 [03:26<00:55,  4.24s/grp, PLA006 (PLA)]
Optimising offset:   0%|          | 0/81 [00:00<?, ?it/s][A
Optimising offset:   0%|          | 0/81 [00:00<?, ?it/s][A
Optimising offset:   0%|          | 0/81 [00:00<?, ?it/s][AGroups:  79%|███████▊  | 48/61 [03:26<00:52,  4.03s/grp, PLA005 (PLA)]Groups:  79%|███████▊  | 48/61 [03:26<00:52,  4.03s/grp, PLA006 (PLA)]
Optimising offset:   0%|          | 0/81 [00:00<?, ?it/s][A
Optimising offset:  49%|████▉     | 40/81 [00:01<00:01, 32.48it/s][A
Optimising offset:  49%|████▉     | 40/81 [00:01<00:01, 30.28it/s][A
Optimising offset:  49%|████▉     | 40/81 [00:01<00:01, 29.65it/s][A
Optimising offset:  49%|████▉     | 40/81 [00:01<00:01, 28.67it/s][A
Optimising offset:  74%|███████▍  | 60/81 [00:02<00:01, 20.55it/s][A
Optimising offset:  74%|███████▍  | 60/81 [00:02<00:01, 20.30it/s][A
Optimising offset:  74%|███████▍  | 60/81 [00:02<00:01, 20.04it/s][A
Optimising offset:  74%|███████▍  | 60/81 [00:02<00:01, 19.90it/s][A
Optimising offset:  99%|█████████▉| 80/81 [00:04<00:00, 17.25it/s][A
                                                                  [A
Optimising offset:  99%|█████████▉| 80/81 [00:04<00:00, 16.95it/s][A
                                                                  [A
Optimising offset:  99%|█████████▉| 80/81 [00:04<00:00, 16.79it/s][A
                                                                  [A
Optimising offset:  99%|█████████▉| 80/81 [00:04<00:00, 16.96it/s][A
                                                                  [AGroups:  80%|████████  | 49/61 [03:32<01:04,  5.37s/grp, PLA006 (PLA)]Groups:  80%|████████  | 49/61 [03:32<01:04,  5.37s/grp, PLA007 (PLA)]
Optimising offset:   0%|          | 0/81 [00:00<?, ?it/s][AGroups:  80%|████████  | 49/61 [03:32<01:04,  5.38s/grp, PLA006 (PLA)]Groups:  80%|████████  | 49/61 [03:32<01:04,  5.38s/grp, PLA007 (PLA)]
Optimising offset:   0%|          | 0/81 [00:00<?, ?it/s][AGroups:  80%|████████  | 49/61 [03:32<00:55,  4.65s/grp, PLA006 (PLA)]Groups:  80%|████████  | 49/61 [03:32<00:55,  4.65s/grp, PLA007 (PLA)]
Optimising offset:   0%|          | 0/81 [00:00<?, ?it/s][A
Optimising offset:  49%|████▉     | 40/81 [00:00<00:00, 215.91it/s][A
Optimising offset:  49%|████▉     | 40/81 [00:00<00:00, 217.19it/s][A
Optimising offset:  49%|████▉     | 40/81 [00:00<00:00, 208.56it/s][A
Optimising offset:  77%|███████▋  | 62/81 [00:00<00:00, 155.06it/s][A
Optimising offset:  77%|███████▋  | 62/81 [00:00<00:00, 157.84it/s][A
Optimising offset:  99%|█████████▉| 80/81 [00:00<00:00, 130.94it/s]Groups:  80%|████████  | 49/61 [03:32<00:53,  4.47s/grp, PLA006 (PLA)]Groups:  80%|████████  | 49/61 [03:32<00:53,  4.47s/grp, PLA007 (PLA)][A
                                                                   [A
Optimising offset:  75%|███████▌  | 61/81 [00:00<00:00, 148.80it/s][A
Optimising offset:   0%|          | 0/81 [00:00<?, ?it/s][A
Optimising offset:  99%|█████████▉| 80/81 [00:00<00:00, 138.62it/s][A
                                                                   [A
Optimising offset:  99%|█████████▉| 80/81 [00:00<00:00, 123.44it/s][A
                                                                   [A
Optimising offset:  49%|████▉     | 40/81 [00:00<00:00, 207.97it/s][AGroups:  82%|████████▏ | 50/61 [03:32<00:46,  4.19s/grp, PLA007 (PLA)]Groups:  82%|████████▏ | 50/61 [03:32<00:46,  4.19s/grp, PLA008 (PLA)]Groups:  82%|████████▏ | 50/61 [03:33<00:45,  4.18s/grp, PLA007 (PLA)]Groups:  82%|████████▏ | 50/61 [03:33<00:45,  4.18s/grp, PLA008 (PLA)]
Optimising offset:   0%|          | 0/81 [00:00<?, ?it/s][A
Optimising offset:   0%|          | 0/81 [00:00<?, ?it/s][A
Optimising offset:  75%|███████▌  | 61/81 [00:00<00:00, 151.77it/s][AGroups:  82%|████████▏ | 50/61 [03:33<00:41,  3.79s/grp, PLA007 (PLA)]Groups:  82%|████████▏ | 50/61 [03:33<00:41,  3.79s/grp, PLA008 (PLA)]
Optimising offset:   0%|          | 0/81 [00:00<?, ?it/s][A
Optimising offset:  99%|█████████▉| 80/81 [00:00<00:00, 137.96it/s][A
                                                                   [A
Optimising offset:  49%|████▉     | 40/81 [00:00<00:00, 88.76it/s][AGroups:  82%|████████▏ | 50/61 [03:33<00:40,  3.67s/grp, PLA007 (PLA)]Groups:  82%|████████▏ | 50/61 [03:33<00:40,  3.67s/grp, PLA008 (PLA)]
Optimising offset:  49%|████▉     | 40/81 [00:00<00:00, 84.97it/s][A
Optimising offset:   0%|          | 0/81 [00:00<?, ?it/s][A
Optimising offset:  49%|████▉     | 40/81 [00:00<00:00, 88.87it/s][A
Optimising offset:  74%|███████▍  | 60/81 [00:00<00:00, 59.26it/s][A
Optimising offset:  74%|███████▍  | 60/81 [00:00<00:00, 57.74it/s][A
Optimising offset:  49%|████▉     | 40/81 [00:00<00:00, 87.34it/s][A
Optimising offset:  74%|███████▍  | 60/81 [00:00<00:00, 57.86it/s][A
Optimising offset:  99%|█████████▉| 80/81 [00:01<00:00, 50.79it/s][A
                                                                  [A
Optimising offset:  99%|█████████▉| 80/81 [00:01<00:00, 49.56it/s][A
                                                                  [A
Optimising offset:  74%|███████▍  | 60/81 [00:00<00:00, 58.49it/s][A
Optimising offset:  99%|█████████▉| 80/81 [00:01<00:00, 50.12it/s][A
                                                                  [AGroups:  84%|████████▎ | 51/61 [03:35<00:36,  3.64s/grp, PLA008 (PLA)]Groups:  84%|████████▎ | 51/61 [03:35<00:36,  3.64s/grp, PLA009 (PLA)]
Optimising offset:  99%|█████████▉| 80/81 [00:01<00:00, 48.22it/s][A
                                                                  [A
Optimising offset:   0%|          | 0/81 [00:00<?, ?it/s][AGroups:  84%|████████▎ | 51/61 [03:35<00:36,  3.63s/grp, PLA008 (PLA)]Groups:  84%|████████▎ | 51/61 [03:35<00:36,  3.63s/grp, PLA009 (PLA)]
Optimising offset:   0%|          | 0/81 [00:00<?, ?it/s][AGroups:  84%|████████▎ | 51/61 [03:35<00:33,  3.38s/grp, PLA008 (PLA)]Groups:  84%|████████▎ | 51/61 [03:35<00:33,  3.38s/grp, PLA009 (PLA)]
Optimising offset:  49%|████▉     | 40/81 [00:00<00:00, 265.41it/s][A
Optimising offset:   0%|          | 0/81 [00:00<?, ?it/s][A
Optimising offset:  49%|████▉     | 40/81 [00:00<00:00, 235.36it/s][A
Optimising offset:  49%|████▉     | 40/81 [00:00<00:00, 228.30it/s][A
Optimising offset:  83%|████████▎ | 67/81 [00:00<00:00, 186.89it/s][A
Optimising offset:  79%|███████▉  | 64/81 [00:00<00:00, 182.44it/s][A
Optimising offset:  78%|███████▊  | 63/81 [00:00<00:00, 162.13it/s][A
                                                                   [AGroups:  84%|████████▎ | 51/61 [03:35<00:33,  3.31s/grp, PLA008 (PLA)]Groups:  84%|████████▎ | 51/61 [03:35<00:33,  3.31s/grp, PLA009 (PLA)]
                                                                   [A
Optimising offset:   0%|          | 0/81 [00:00<?, ?it/s][A
Optimising offset:  99%|█████████▉| 80/81 [00:00<00:00, 127.95it/s][A
                                                                   [A
Optimising offset:  49%|████▉     | 40/81 [00:00<00:00, 234.45it/s][AGroups:  85%|████████▌ | 52/61 [03:35<00:25,  2.86s/grp, PLA009 (PLA)]Groups:  85%|████████▌ | 52/61 [03:35<00:25,  2.86s/grp, ROC001 (ROC)]Groups:  85%|████████▌ | 52/61 [03:36<00:25,  2.85s/grp, PLA009 (PLA)]Groups:  85%|████████▌ | 52/61 [03:36<00:25,  2.85s/grp, ROC001 (ROC)]
Optimising offset:   0%|          | 0/81 [00:00<?, ?it/s][A
Optimising offset:   0%|          | 0/81 [00:00<?, ?it/s][AGroups:  85%|████████▌ | 52/61 [03:36<00:24,  2.72s/grp, PLA009 (PLA)]Groups:  85%|████████▌ | 52/61 [03:36<00:24,  2.72s/grp, ROC001 (ROC)]
Optimising offset:  79%|███████▉  | 64/81 [00:00<00:00, 161.37it/s][A
Optimising offset:   0%|          | 0/81 [00:00<?, ?it/s][A
Optimising offset: 100%|██████████| 81/81 [00:00<00:00, 118.66it/s][A
                                                                   [A
Optimising offset:  49%|████▉     | 40/81 [00:00<00:00, 81.01it/s][A
Optimising offset:  49%|████▉     | 40/81 [00:00<00:00, 80.53it/s][AGroups:  85%|████████▌ | 52/61 [03:36<00:24,  2.70s/grp, PLA009 (PLA)]Groups:  85%|████████▌ | 52/61 [03:36<00:24,  2.70s/grp, ROC001 (ROC)]
Optimising offset:  49%|████▉     | 40/81 [00:00<00:00, 80.78it/s][A
Optimising offset:   0%|          | 0/81 [00:00<?, ?it/s][A
Optimising offset:  74%|███████▍  | 60/81 [00:00<00:00, 58.30it/s][A
Optimising offset:  74%|███████▍  | 60/81 [00:00<00:00, 57.49it/s][A

Optimising offset:  49%|████▉     | 40/81 [00:00<00:00, 88.51it/s][AOptimising offset:  74%|███████▍  | 60/81 [00:00<00:00, 57.23it/s][A
Optimising offset:  99%|█████████▉| 80/81 [00:01<00:00, 51.27it/s][A
                                                                  [A
Optimising offset:  99%|█████████▉| 80/81 [00:01<00:00, 48.44it/s][A
                                                                  [A
Optimising offset:  99%|█████████▉| 80/81 [00:01<00:00, 48.76it/s][A
                                                                  [A
Optimising offset:  74%|███████▍  | 60/81 [00:00<00:00, 57.42it/s][AGroups:  87%|████████▋ | 53/61 [03:38<00:21,  2.68s/grp, ROC001 (ROC)]Groups:  87%|████████▋ | 53/61 [03:38<00:21,  2.68s/grp, ROC002 (ROC)]
Optimising offset:  99%|█████████▉| 80/81 [00:01<00:00, 49.53it/s][A
                                                                  [AGroups:  87%|████████▋ | 53/61 [03:38<00:21,  2.67s/grp, ROC001 (ROC)]Groups:  87%|████████▋ | 53/61 [03:38<00:21,  2.67s/grp, ROC002 (ROC)]
Optimising offset:   0%|          | 0/81 [00:00<?, ?it/s][AGroups:  87%|████████▋ | 53/61 [03:38<00:20,  2.58s/grp, ROC001 (ROC)]Groups:  87%|████████▋ | 53/61 [03:38<00:20,  2.58s/grp, ROC002 (ROC)]
Optimising offset:   0%|          | 0/81 [00:00<?, ?it/s][A
Optimising offset:   0%|          | 0/81 [00:00<?, ?it/s][A
Optimising offset:  49%|████▉     | 40/81 [00:00<00:00, 77.38it/s][AGroups:  87%|████████▋ | 53/61 [03:38<00:20,  2.57s/grp, ROC001 (ROC)]Groups:  87%|████████▋ | 53/61 [03:38<00:20,  2.57s/grp, ROC002 (ROC)]
Optimising offset:  49%|████▉     | 40/81 [00:00<00:00, 76.06it/s][A
Optimising offset:   0%|          | 0/81 [00:00<?, ?it/s][A
Optimising offset:  49%|████▉     | 40/81 [00:00<00:00, 74.94it/s][A
Optimising offset:  74%|███████▍  | 60/81 [00:01<00:00, 55.22it/s][A
Optimising offset:  74%|███████▍  | 60/81 [00:01<00:00, 53.50it/s][A
Optimising offset:  49%|████▉     | 40/81 [00:00<00:00, 75.07it/s][A
Optimising offset:  74%|███████▍  | 60/81 [00:01<00:00, 52.79it/s][A
Optimising offset:  99%|█████████▉| 80/81 [00:01<00:00, 47.59it/s][A
                                                                  [A
Optimising offset:  99%|█████████▉| 80/81 [00:01<00:00, 46.55it/s][A
                                                                  [A
Optimising offset:  74%|███████▍  | 60/81 [00:01<00:00, 53.08it/s][A
Optimising offset:  99%|█████████▉| 80/81 [00:01<00:00, 45.26it/s][A
                                                                  [A
Optimising offset:  99%|█████████▉| 80/81 [00:01<00:00, 45.82it/s][A
                                                                  [AGroups:  89%|████████▊ | 54/61 [03:40<00:18,  2.59s/grp, ROC002 (ROC)]Groups:  89%|████████▊ | 54/61 [03:40<00:18,  2.59s/grp, ROC003 (ROC)]Groups:  89%|████████▊ | 54/61 [03:40<00:18,  2.58s/grp, ROC002 (ROC)]Groups:  89%|████████▊ | 54/61 [03:40<00:18,  2.58s/grp, ROC003 (ROC)]Groups:  89%|████████▊ | 54/61 [03:40<00:17,  2.52s/grp, ROC002 (ROC)]Groups:  89%|████████▊ | 54/61 [03:40<00:17,  2.52s/grp, ROC003 (ROC)]
Optimising offset:   0%|          | 0/81 [00:00<?, ?it/s][A
Optimising offset:   0%|          | 0/81 [00:00<?, ?it/s][A
Optimising offset:   0%|          | 0/81 [00:00<?, ?it/s][AGroups:  89%|████████▊ | 54/61 [03:41<00:17,  2.51s/grp, ROC002 (ROC)]Groups:  89%|████████▊ | 54/61 [03:41<00:17,  2.51s/grp, ROC003 (ROC)]
Optimising offset:   0%|          | 0/81 [00:00<?, ?it/s][A
Optimising offset:  49%|████▉     | 40/81 [00:00<00:00, 54.88it/s][A
Optimising offset:  49%|████▉     | 40/81 [00:00<00:00, 54.93it/s][A
Optimising offset:  49%|████▉     | 40/81 [00:00<00:00, 51.43it/s][A
Optimising offset:  49%|████▉     | 40/81 [00:00<00:00, 46.88it/s][A
Optimising offset:  74%|███████▍  | 60/81 [00:01<00:00, 34.50it/s][A
Optimising offset:  74%|███████▍  | 60/81 [00:01<00:00, 33.18it/s][A
Optimising offset:  74%|███████▍  | 60/81 [00:01<00:00, 34.55it/s][A
Optimising offset:  74%|███████▍  | 60/81 [00:01<00:00, 33.77it/s][A
Optimising offset:  99%|█████████▉| 80/81 [00:02<00:00, 29.62it/s][A
                                                                  [A
Optimising offset:  99%|█████████▉| 80/81 [00:02<00:00, 29.97it/s][A
                                                                  [A
Optimising offset:  99%|█████████▉| 80/81 [00:02<00:00, 29.66it/s][A
                                                                  [A
Optimising offset:  99%|█████████▉| 80/81 [00:02<00:00, 29.54it/s][A
                                                                  [AGroups:  90%|█████████ | 55/61 [03:44<00:17,  2.91s/grp, ROC003 (ROC)]Groups:  90%|█████████ | 55/61 [03:44<00:17,  2.91s/grp, ROC004 (ROC)]Groups:  90%|█████████ | 55/61 [03:44<00:17,  2.90s/grp, ROC003 (ROC)]Groups:  90%|█████████ | 55/61 [03:44<00:17,  2.90s/grp, ROC004 (ROC)]Groups:  90%|█████████ | 55/61 [03:44<00:17,  2.84s/grp, ROC003 (ROC)]Groups:  90%|█████████ | 55/61 [03:44<00:17,  2.84s/grp, ROC004 (ROC)]
Optimising offset:   0%|          | 0/81 [00:00<?, ?it/s][A
Optimising offset:   0%|          | 0/81 [00:00<?, ?it/s][A
Optimising offset:   0%|          | 0/81 [00:00<?, ?it/s][A
Optimising offset:  49%|████▉     | 40/81 [00:00<00:00, 110.89it/s][A
Optimising offset:  49%|████▉     | 40/81 [00:00<00:00, 111.44it/s][A
Optimising offset:  49%|████▉     | 40/81 [00:00<00:00, 106.40it/s][AGroups:  90%|█████████ | 55/61 [03:44<00:17,  2.85s/grp, ROC003 (ROC)]Groups:  90%|█████████ | 55/61 [03:44<00:17,  2.85s/grp, ROC004 (ROC)]
Optimising offset:   0%|          | 0/81 [00:00<?, ?it/s][A

Optimising offset:  74%|███████▍  | 60/81 [00:00<00:00, 73.01it/s] Optimising offset:  74%|███████▍  | 60/81 [00:00<00:00, 73.64it/s] [A[A
Optimising offset:  74%|███████▍  | 60/81 [00:00<00:00, 71.06it/s] [A
Optimising offset:  49%|████▉     | 40/81 [00:00<00:00, 94.15it/s][A
Optimising offset:  99%|█████████▉| 80/81 [00:01<00:00, 63.65it/s][A
                                                                  [A
Optimising offset:  99%|█████████▉| 80/81 [00:01<00:00, 60.49it/s][A
                                                                  [A
Optimising offset:  99%|█████████▉| 80/81 [00:01<00:00, 62.92it/s][A
                                                                  [A
Optimising offset:  74%|███████▍  | 60/81 [00:00<00:00, 68.13it/s][AGroups:  92%|█████████▏| 56/61 [03:46<00:12,  2.56s/grp, ROC004 (ROC)]Groups:  92%|█████████▏| 56/61 [03:46<00:12,  2.56s/grp, ROC005 (ROC)]Groups:  92%|█████████▏| 56/61 [03:46<00:12,  2.58s/grp, ROC004 (ROC)]Groups:  92%|█████████▏| 56/61 [03:46<00:12,  2.58s/grp, ROC005 (ROC)]
Optimising offset:   0%|          | 0/81 [00:00<?, ?it/s][A
Optimising offset:   0%|          | 0/81 [00:00<?, ?it/s][AGroups:  92%|█████████▏| 56/61 [03:46<00:12,  2.53s/grp, ROC004 (ROC)]Groups:  92%|█████████▏| 56/61 [03:46<00:12,  2.53s/grp, ROC005 (ROC)]
Optimising offset:   0%|          | 0/81 [00:00<?, ?it/s][A
Optimising offset:  99%|█████████▉| 80/81 [00:01<00:00, 63.33it/s][A
                                                                  [A
Optimising offset:  49%|████▉     | 40/81 [00:00<00:00, 127.81it/s][A
Optimising offset:  49%|████▉     | 40/81 [00:00<00:00, 123.43it/s][A
Optimising offset:  49%|████▉     | 40/81 [00:00<00:00, 115.88it/s][A
Optimising offset:  74%|███████▍  | 60/81 [00:00<00:00, 86.10it/s] [AGroups:  92%|█████████▏| 56/61 [03:46<00:12,  2.55s/grp, ROC004 (ROC)]Groups:  92%|█████████▏| 56/61 [03:46<00:12,  2.55s/grp, ROC005 (ROC)]
Optimising offset:  74%|███████▍  | 60/81 [00:00<00:00, 85.70it/s] [A
Optimising offset:   0%|          | 0/81 [00:00<?, ?it/s][A
Optimising offset:  74%|███████▍  | 60/81 [00:00<00:00, 85.66it/s] [A
Optimising offset:  99%|█████████▉| 80/81 [00:01<00:00, 71.09it/s][A
                                                                  [A
Optimising offset:  99%|█████████▉| 80/81 [00:01<00:00, 69.61it/s][A
                                                                  
[AOptimising offset:  49%|████▉     | 40/81 [00:00<00:00, 126.42it/s][A
Optimising offset:  99%|█████████▉| 80/81 [00:01<00:00, 72.28it/s][A
                                                                  [A
Optimising offset:  74%|███████▍  | 60/81 [00:00<00:00, 82.87it/s] [AGroups:  93%|█████████▎| 57/61 [03:47<00:09,  2.27s/grp, ROC005 (ROC)]Groups:  93%|█████████▎| 57/61 [03:47<00:09,  2.27s/grp, ROC006 (ROC)]Groups:  93%|█████████▎| 57/61 [03:47<00:09,  2.26s/grp, ROC005 (ROC)]Groups:  93%|█████████▎| 57/61 [03:47<00:09,  2.26s/grp, ROC006 (ROC)]Groups:  93%|█████████▎| 57/61 [03:47<00:08,  2.25s/grp, ROC005 (ROC)]Groups:  93%|█████████▎| 57/61 [03:47<00:08,  2.25s/grp, ROC006 (ROC)]
Optimising offset:   0%|          | 0/81 [00:00<?, ?it/s][A
Optimising offset:   0%|          | 0/81 [00:00<?, ?it/s][A
Optimising offset:  99%|█████████▉| 80/81 [00:00<00:00, 76.40it/s][A
                                                                  [A
Optimising offset:   0%|          | 0/81 [00:00<?, ?it/s][AGroups:  93%|█████████▎| 57/61 [03:48<00:09,  2.26s/grp, ROC005 (ROC)]Groups:  93%|█████████▎| 57/61 [03:48<00:09,  2.26s/grp, ROC006 (ROC)]
Optimising offset:  49%|████▉     | 40/81 [00:00<00:00, 57.13it/s][A
Optimising offset:   0%|          | 0/81 [00:00<?, ?it/s][A
Optimising offset:  49%|████▉     | 40/81 [00:00<00:00, 54.27it/s][A
Optimising offset:  49%|████▉     | 40/81 [00:00<00:00, 54.33it/s][A
Optimising offset:  49%|████▉     | 40/81 [00:00<00:00, 54.83it/s][A
Optimising offset:  74%|███████▍  | 60/81 [00:01<00:00, 38.00it/s][A
Optimising offset:  74%|███████▍  | 60/81 [00:01<00:00, 37.06it/s][A
Optimising offset:  74%|███████▍  | 60/81 [00:01<00:00, 37.73it/s][A
Optimising offset:  99%|█████████▉| 80/81 [00:02<00:00, 32.93it/s][A
                                                                  [A
Optimising offset:  74%|███████▍  | 60/81 [00:01<00:00, 37.68it/s][A
Optimising offset:  99%|█████████▉| 80/81 [00:02<00:00, 32.68it/s][A
                                                                  [A
Optimising offset:  99%|█████████▉| 80/81 [00:02<00:00, 32.73it/s][A
                                                                  [A
Optimising offset:  99%|█████████▉| 80/81 [00:02<00:00, 32.70it/s][A
                                                                  [AGroups:  95%|█████████▌| 58/61 [03:50<00:07,  2.59s/grp, ROC006 (ROC)]Groups:  95%|█████████▌| 58/61 [03:50<00:07,  2.59s/grp, ROC007 (ROC)]Groups:  95%|█████████▌| 58/61 [03:50<00:07,  2.59s/grp, ROC006 (ROC)]Groups:  95%|█████████▌| 58/61 [03:50<00:07,  2.59s/grp, ROC007 (ROC)]Groups:  95%|█████████▌| 58/61 [03:50<00:07,  2.55s/grp, ROC006 (ROC)]Groups:  95%|█████████▌| 58/61 [03:50<00:07,  2.55s/grp, ROC007 (ROC)]

Optimising offset:   0%|          | 0/81 [00:00<?, ?it/s][AOptimising offset:   0%|          | 0/81 [00:00<?, ?it/s][A
Optimising offset:   0%|          | 0/81 [00:00<?, ?it/s][A
Optimising offset:  49%|████▉     | 40/81 [00:00<00:00, 384.64it/s][A
Optimising offset:  49%|████▉     | 40/81 [00:00<00:00, 374.44it/s][A
Optimising offset:  98%|█████████▊| 79/81 [00:00<00:00, 364.45it/s][A
Optimising offset:  96%|█████████▋| 78/81 [00:00<00:00, 354.88it/s][A
Optimising offset:  74%|███████▍  | 60/81 [00:00<00:00, 279.87it/s][A
                                                                   [A
                                                                   [A
                                                                   [AGroups:  97%|█████████▋| 59/61 [03:51<00:03,  1.98s/grp, ROC007 (ROC)]Groups:  97%|█████████▋| 59/61 [03:51<00:03,  1.98s/grp, ROC008 (ROC)]Groups:  97%|█████████▋| 59/61 [03:51<00:03,  1.95s/grp, ROC007 (ROC)]Groups:  97%|█████████▋| 59/61 [03:51<00:03,  1.97s/grp, ROC007 (ROC)]Groups:  97%|█████████▋| 59/61 [03:51<00:03,  1.97s/grp, ROC008 (ROC)]Groups:  97%|█████████▋| 59/61 [03:51<00:03,  1.95s/grp, ROC008 (ROC)]

Optimising offset:   0%|          | 0/81 [00:00<?, ?it/s]Optimising offset:   0%|          | 0/81 [00:00<?, ?it/s][A[A
Optimising offset:   0%|          | 0/81 [00:00<?, ?it/s][AGroups:  95%|█████████▌| 58/61 [03:51<00:07,  2.57s/grp, ROC006 (ROC)]Groups:  95%|█████████▌| 58/61 [03:51<00:07,  2.57s/grp, ROC007 (ROC)]
Optimising offset:   0%|          | 0/81 [00:00<?, ?it/s][A
Optimising offset:  49%|████▉     | 40/81 [00:00<00:00, 366.89it/s][A
Optimising offset:  49%|████▉     | 40/81 [00:00<00:00, 171.37it/s][A
Optimising offset:  49%|████▉     | 40/81 [00:00<00:00, 166.97it/s][A
Optimising offset:  49%|████▉     | 40/81 [00:00<00:00, 170.25it/s][A
Optimising offset:  95%|█████████▌| 77/81 [00:00<00:00, 340.46it/s][A
                                                                   [A
Optimising offset:  74%|███████▍  | 60/81 [00:00<00:00, 114.77it/s][A
Optimising offset:  74%|███████▍  | 60/81 [00:00<00:00, 112.23it/s][A
Optimising offset:  74%|███████▍  | 60/81 [00:00<00:00, 108.72it/s][AGroups:  97%|█████████▋| 59/61 [03:52<00:03,  1.97s/grp, ROC007 (ROC)]Groups:  97%|█████████▋| 59/61 [03:52<00:03,  1.97s/grp, ROC008 (ROC)]
Optimising offset:   0%|          | 0/81 [00:00<?, ?it/s][A
Optimising offset:  99%|█████████▉| 80/81 [00:00<00:00, 100.35it/s][A
                                                                   [A
Optimising offset:  99%|█████████▉| 80/81 [00:00<00:00, 98.59it/s] [A
                                                                  [A
Optimising offset:  99%|█████████▉| 80/81 [00:00<00:00, 96.28it/s] [A
                                                                  [A
Optimising offset:  49%|████▉     | 40/81 [00:00<00:00, 163.32it/s][AGroups:  98%|█████████▊| 60/61 [03:52<00:01,  1.73s/grp, ROC008 (ROC)]Groups:  98%|█████████▊| 60/61 [03:52<00:01,  1.73s/grp, ROC009 (ROC)]Groups:  98%|█████████▊| 60/61 [03:52<00:01,  1.73s/grp, ROC008 (ROC)]Groups:  98%|█████████▊| 60/61 [03:52<00:01,  1.73s/grp, ROC009 (ROC)]Groups:  98%|█████████▊| 60/61 [03:52<00:01,  1.72s/grp, ROC008 (ROC)]Groups:  98%|█████████▊| 60/61 [03:52<00:01,  1.72s/grp, ROC009 (ROC)]
Optimising offset:  74%|███████▍  | 60/81 [00:00<00:00, 120.59it/s][A
Optimising offset:   0%|          | 0/81 [00:00<?, ?it/s][A
Optimising offset:   0%|          | 0/81 [00:00<?, ?it/s][A
Optimising offset:   0%|          | 0/81 [00:00<?, ?it/s][A
Optimising offset:  99%|█████████▉| 80/81 [00:00<00:00, 101.89it/s][A
                                                                   [A
Optimising offset:  49%|████▉     | 40/81 [00:00<00:00, 75.20it/s][A
Optimising offset:  49%|████▉     | 40/81 [00:00<00:00, 73.47it/s][A
Optimising offset:  49%|████▉     | 40/81 [00:00<00:00, 72.64it/s][AGroups:  98%|█████████▊| 60/61 [03:53<00:01,  1.73s/grp, ROC008 (ROC)]Groups:  98%|█████████▊| 60/61 [03:53<00:01,  1.73s/grp, ROC009 (ROC)]
Optimising offset:   0%|          | 0/81 [00:00<?, ?it/s][A
Optimising offset:  74%|███████▍  | 60/81 [00:01<00:00, 50.22it/s][A
Optimising offset:  74%|███████▍  | 60/81 [00:01<00:00, 50.43it/s][A
Optimising offset:  74%|███████▍  | 60/81 [00:01<00:00, 49.49it/s][A
Optimising offset:  49%|████▉     | 40/81 [00:00<00:00, 70.15it/s][A
Optimising offset:  99%|█████████▉| 80/81 [00:01<00:00, 42.49it/s][A
                                                                  [A
Optimising offset:  99%|█████████▉| 80/81 [00:01<00:00, 42.12it/s][A
                                                                  [A
Optimising offset:  99%|█████████▉| 80/81 [00:01<00:00, 42.03it/s][A
                                                                  [A
Optimising offset:  74%|███████▍  | 60/81 [00:01<00:00, 48.40it/s][A
Optimising offset:  99%|█████████▉| 80/81 [00:01<00:00, 42.20it/s][A
                                                                  [AGroups: 100%|██████████| 61/61 [03:55<00:00,  1.97s/grp, ROC009 (ROC)]Groups: 100%|██████████| 61/61 [03:55<00:00,  3.86s/grp, ROC009 (ROC)]
Groups: 100%|██████████| 61/61 [03:55<00:00,  1.98s/grp, ROC009 (ROC)]Groups: 100%|██████████| 61/61 [03:55<00:00,  3.86s/grp, ROC009 (ROC)]
Groups: 100%|██████████| 61/61 [03:55<00:00,  1.99s/grp, ROC009 (ROC)]Groups: 100%|██████████| 61/61 [03:55<00:00,  3.86s/grp, ROC009 (ROC)]
Groups: 100%|██████████| 61/61 [03:55<00:00,  1.93s/grp, ROC009 (ROC)]Groups: 100%|██████████| 61/61 [03:55<00:00,  3.87s/grp, ROC009 (ROC)]

======================================================================
Extraction complete:
  Total samples (windows):  14337
  X[0].shape:               (29, 81)  (T, W²)
    Class  0 (ACC            ): 4008 samples
    Class  1 (PLA            ): 1070 samples
    Class  2 (ROC            ): 1762 samples
    Class  3 (ABL            ): 2960 samples
    Class  4 (ICA            ): 196 samples
    Class  5 (LAC            ): 128 samples
    Class  6 (FOR            ): 4213 samples
[cpazmal] cache saved to data/cpazmal

======================================================================
Extraction complete:
  Total samples (windows):  14337
  X[0].shape:               (29, 81)  (T, W²)
    Class  0 (ACC            ): 4008 samples
    Class  1 (PLA            ): 1070 samples
    Class  2 (ROC            ): 1762 samples
    Class  3 (ABL            ): 2960 samples
    Class  4 (ICA            ): 196 samples
    Class  5 (LAC            ): 128 samples
    Class  6 (FOR            ): 4213 samples
[cpazmal] cache saved to data/cpazmal

======================================================================
Extraction complete:
  Total samples (windows):  14337
  X[0].shape:               (29, 81)  (T, W²)
    Class  0 (ACC            ): 4008 samples
    Class  1 (PLA            ): 1070 samples
    Class  2 (ROC            ): 1762 samples
    Class  3 (ABL            ): 2960 samples
    Class  4 (ICA            ): 196 samples
    Class  5 (LAC            ): 128 samples
    Class  6 (FOR            ): 4213 samples
[cpazmal] cache saved to data/cpazmal

======================================================================
Extraction complete:
  Total samples (windows):  14337
  X[0].shape:               (29, 81)  (T, W²)
    Class  0 (ACC            ): 4008 samples
    Class  1 (PLA            ): 1070 samples
    Class  2 (ROC            ): 1762 samples
    Class  3 (ABL            ): 2960 samples
    Class  4 (ICA            ): 196 samples
    Class  5 (LAC            ): 128 samples
    Class  6 (FOR            ): 4213 samples
[cpazmal] cache saved to data/cpazmal
[13:45:05] [load] fold=None seed=42 T=29 aggregate_days=None window_size=9 samples_per_step=48 n_train=105 (cap=105) n_test=175 (cap=175) classes_train=[0, 1, 2, 3, 4, 5, 6]
[13:45:05] [load] fold=None seed=42 T=29 aggregate_days=None window_size=9 samples_per_step=48 n_train=105 (cap=105) n_test=175 (cap=175) classes_train=[0, 1, 2, 3, 4, 5, 6]
[13:45:05] [load] fold=None seed=42 T=29 aggregate_days=None window_size=9 samples_per_step=48 n_train=105 (cap=105) n_test=175 (cap=175) classes_train=[0, 1, 2, 3, 4, 5, 6]
[13:45:05] [load] fold=None seed=42 T=29 aggregate_days=None window_size=9 samples_per_step=48 n_train=105 (cap=105) n_test=175 (cap=175) classes_train=[0, 1, 2, 3, 4, 5, 6]
[cpazmal] loading from cache (max_groups_per_class=None)
[cpazmal] loading from cache (max_groups_per_class=None)
[cpazmal] loading from cache (max_groups_per_class=None)
[cpazmal] loading from cache (max_groups_per_class=None)
[13:45:13] [load] fold=None seed=43 T=29 aggregate_days=None window_size=9 samples_per_step=48 n_train=105 (cap=105) n_test=175 (cap=175) classes_train=[0, 1, 2, 3, 4, 5, 6]
[13:45:13] [load] fold=None seed=43 T=29 aggregate_days=None window_size=9 samples_per_step=48 n_train=105 (cap=105) n_test=175 (cap=175) classes_train=[0, 1, 2, 3, 4, 5, 6]
[13:45:13] [load] fold=None seed=43 T=29 aggregate_days=None window_size=9 samples_per_step=48 n_train=105 (cap=105) n_test=175 (cap=175) classes_train=[0, 1, 2, 3, 4, 5, 6]
[13:45:13] [load] fold=None seed=43 T=29 aggregate_days=None window_size=9 samples_per_step=48 n_train=105 (cap=105) n_test=175 (cap=175) classes_train=[0, 1, 2, 3, 4, 5, 6]
[cpazmal] loading from cache (max_groups_per_class=None)
[cpazmal] loading from cache (max_groups_per_class=None)
[cpazmal] loading from cache (max_groups_per_class=None)
[cpazmal] loading from cache (max_groups_per_class=None)
[13:45:20] [load] fold=None seed=44 T=29 aggregate_days=None window_size=9 samples_per_step=48 n_train=105 (cap=105) n_test=175 (cap=175) classes_train=[0, 1, 2, 3, 4, 5, 6]
[13:45:20] [load] fold=None seed=44 T=29 aggregate_days=None window_size=9 samples_per_step=48 n_train=105 (cap=105) n_test=175 (cap=175) classes_train=[0, 1, 2, 3, 4, 5, 6]
[13:45:20] [load] fold=None seed=44 T=29 aggregate_days=None window_size=9 samples_per_step=48 n_train=105 (cap=105) n_test=175 (cap=175) classes_train=[0, 1, 2, 3, 4, 5, 6]
[13:45:20] [load] fold=None seed=44 T=29 aggregate_days=None window_size=9 samples_per_step=48 n_train=105 (cap=105) n_test=175 (cap=175) classes_train=[0, 1, 2, 3, 4, 5, 6]
[Parallel(n_jobs=4)]: Done   1 tasks      | elapsed:  4.3min
[Parallel(n_jobs=4)]: Done   2 out of   7 | elapsed:  4.3min remaining: 10.8min
[cpazmal] loading from cache (max_groups_per_class=None)
[Parallel(n_jobs=4)]: Done   3 out of   7 | elapsed:  4.3min remaining:  5.8min
[Parallel(n_jobs=4)]: Done   4 out of   7 | elapsed:  4.3min remaining:  3.2min
[cpazmal] loading from cache (max_groups_per_class=None)
[cpazmal] loading from cache (max_groups_per_class=None)
[13:45:26] [load] fold=None seed=42 T=29 aggregate_days=None window_size=9 samples_per_step=48 n_train=105 (cap=105) n_test=175 (cap=175) classes_train=[0, 1, 2, 3, 4, 5, 6]
[13:45:26] [load] fold=None seed=42 T=29 aggregate_days=None window_size=9 samples_per_step=48 n_train=105 (cap=105) n_test=175 (cap=175) classes_train=[0, 1, 2, 3, 4, 5, 6]
[13:45:26] [load] fold=None seed=42 T=29 aggregate_days=None window_size=9 samples_per_step=48 n_train=105 (cap=105) n_test=175 (cap=175) classes_train=[0, 1, 2, 3, 4, 5, 6]
[cpazmal] loading from cache (max_groups_per_class=None)
[cpazmal] loading from cache (max_groups_per_class=None)
[cpazmal] loading from cache (max_groups_per_class=None)
[13:45:33] [load] fold=None seed=43 T=29 aggregate_days=None window_size=9 samples_per_step=48 n_train=105 (cap=105) n_test=175 (cap=175) classes_train=[0, 1, 2, 3, 4, 5, 6]
[13:45:33] [load] fold=None seed=43 T=29 aggregate_days=None window_size=9 samples_per_step=48 n_train=105 (cap=105) n_test=175 (cap=175) classes_train=[0, 1, 2, 3, 4, 5, 6]
[13:45:33] [load] fold=None seed=43 T=29 aggregate_days=None window_size=9 samples_per_step=48 n_train=105 (cap=105) n_test=175 (cap=175) classes_train=[0, 1, 2, 3, 4, 5, 6]
[cpazmal] loading from cache (max_groups_per_class=None)
[cpazmal] loading from cache (max_groups_per_class=None)
[cpazmal] loading from cache (max_groups_per_class=None)
[13:45:40] [load] fold=None seed=44 T=29 aggregate_days=None window_size=9 samples_per_step=48 n_train=105 (cap=105) n_test=175 (cap=175) classes_train=[0, 1, 2, 3, 4, 5, 6]
[13:45:40] [load] fold=None seed=44 T=29 aggregate_days=None window_size=9 samples_per_step=48 n_train=105 (cap=105) n_test=175 (cap=175) classes_train=[0, 1, 2, 3, 4, 5, 6]
[13:45:40] [load] fold=None seed=44 T=29 aggregate_days=None window_size=9 samples_per_step=48 n_train=105 (cap=105) n_test=175 (cap=175) classes_train=[0, 1, 2, 3, 4, 5, 6]
[Parallel(n_jobs=4)]: Done   5 out of   7 | elapsed:  4.7min remaining:  1.9min
[Parallel(n_jobs=4)]: Done   7 out of   7 | elapsed:  4.7min finished
[13:45:40] [grid_knn] wasps: best k=1 gamma=0.01 f1=0.647 (3/3 runs)
[Parallel(n_jobs=4)]: Using backend LokyBackend with 4 concurrent workers.
[cpazmal] loading from cache (max_groups_per_class=None)
[cpazmal] loading from cache (max_groups_per_class=None)
[cpazmal] loading from cache (max_groups_per_class=None)
[cpazmal] loading from cache (max_groups_per_class=None)
[13:45:46] [load] fold=None seed=42 T=29 aggregate_days=None window_size=9 samples_per_step=48 n_train=105 (cap=105) n_test=175 (cap=175) classes_train=[0, 1, 2, 3, 4, 5, 6]
[13:45:46] [load] fold=None seed=42 T=29 aggregate_days=None window_size=9 samples_per_step=48 n_train=105 (cap=105) n_test=175 (cap=175) classes_train=[0, 1, 2, 3, 4, 5, 6]
[13:45:46] [load] fold=None seed=42 T=29 aggregate_days=None window_size=9 samples_per_step=48 n_train=105 (cap=105) n_test=175 (cap=175) classes_train=[0, 1, 2, 3, 4, 5, 6]
[13:45:46] [load] fold=None seed=42 T=29 aggregate_days=None window_size=9 samples_per_step=48 n_train=105 (cap=105) n_test=175 (cap=175) classes_train=[0, 1, 2, 3, 4, 5, 6]
[cpazmal] loading from cache (max_groups_per_class=None)
[cpazmal] loading from cache (max_groups_per_class=None)
[cpazmal] loading from cache (max_groups_per_class=None)
[cpazmal] loading from cache (max_groups_per_class=None)
[13:45:53] [load] fold=None seed=43 T=29 aggregate_days=None window_size=9 samples_per_step=48 n_train=105 (cap=105) n_test=175 (cap=175) classes_train=[0, 1, 2, 3, 4, 5, 6]
[13:45:53] [load] fold=None seed=43 T=29 aggregate_days=None window_size=9 samples_per_step=48 n_train=105 (cap=105) n_test=175 (cap=175) classes_train=[0, 1, 2, 3, 4, 5, 6]
[13:45:53] [load] fold=None seed=43 T=29 aggregate_days=None window_size=9 samples_per_step=48 n_train=105 (cap=105) n_test=175 (cap=175) classes_train=[0, 1, 2, 3, 4, 5, 6]
[13:45:53] [load] fold=None seed=43 T=29 aggregate_days=None window_size=9 samples_per_step=48 n_train=105 (cap=105) n_test=175 (cap=175) classes_train=[0, 1, 2, 3, 4, 5, 6]
[cpazmal] loading from cache (max_groups_per_class=None)
[cpazmal] loading from cache (max_groups_per_class=None)
[cpazmal] loading from cache (max_groups_per_class=None)
[cpazmal] loading from cache (max_groups_per_class=None)
[13:46:00] [load] fold=None seed=44 T=29 aggregate_days=None window_size=9 samples_per_step=48 n_train=105 (cap=105) n_test=175 (cap=175) classes_train=[0, 1, 2, 3, 4, 5, 6]
[13:46:00] [load] fold=None seed=44 T=29 aggregate_days=None window_size=9 samples_per_step=48 n_train=105 (cap=105) n_test=175 (cap=175) classes_train=[0, 1, 2, 3, 4, 5, 6]
[13:46:00] [load] fold=None seed=44 T=29 aggregate_days=None window_size=9 samples_per_step=48 n_train=105 (cap=105) n_test=175 (cap=175) classes_train=[0, 1, 2, 3, 4, 5, 6]
[13:46:00] [load] fold=None seed=44 T=29 aggregate_days=None window_size=9 samples_per_step=48 n_train=105 (cap=105) n_test=175 (cap=175) classes_train=[0, 1, 2, 3, 4, 5, 6]
[Parallel(n_jobs=4)]: Done   1 tasks      | elapsed:   20.3s
[cpazmal] loading from cache (max_groups_per_class=None)
[Parallel(n_jobs=4)]: Done   2 out of   7 | elapsed:   20.4s remaining:   50.9s
[cpazmal] loading from cache (max_groups_per_class=None)
[Parallel(n_jobs=4)]: Done   3 out of   7 | elapsed:   20.4s remaining:   27.1s
[cpazmal] loading from cache (max_groups_per_class=None)
[Parallel(n_jobs=4)]: Done   4 out of   7 | elapsed:   20.4s remaining:   15.3s
[13:46:06] [load] fold=None seed=42 T=29 aggregate_days=None window_size=9 samples_per_step=48 n_train=105 (cap=105) n_test=175 (cap=175) classes_train=[0, 1, 2, 3, 4, 5, 6]
[13:46:06] [load] fold=None seed=42 T=29 aggregate_days=None window_size=9 samples_per_step=48 n_train=105 (cap=105) n_test=175 (cap=175) classes_train=[0, 1, 2, 3, 4, 5, 6]
[13:46:06] [load] fold=None seed=42 T=29 aggregate_days=None window_size=9 samples_per_step=48 n_train=105 (cap=105) n_test=175 (cap=175) classes_train=[0, 1, 2, 3, 4, 5, 6]
[cpazmal] loading from cache (max_groups_per_class=None)
[cpazmal] loading from cache (max_groups_per_class=None)
[cpazmal] loading from cache (max_groups_per_class=None)
[13:46:12] [load] fold=None seed=43 T=29 aggregate_days=None window_size=9 samples_per_step=48 n_train=105 (cap=105) n_test=175 (cap=175) classes_train=[0, 1, 2, 3, 4, 5, 6]
[13:46:12] [load] fold=None seed=43 T=29 aggregate_days=None window_size=9 samples_per_step=48 n_train=105 (cap=105) n_test=175 (cap=175) classes_train=[0, 1, 2, 3, 4, 5, 6]
[13:46:12] [load] fold=None seed=43 T=29 aggregate_days=None window_size=9 samples_per_step=48 n_train=105 (cap=105) n_test=175 (cap=175) classes_train=[0, 1, 2, 3, 4, 5, 6]
[cpazmal] loading from cache (max_groups_per_class=None)
[cpazmal] loading from cache (max_groups_per_class=None)
[cpazmal] loading from cache (max_groups_per_class=None)
[13:46:19] [load] fold=None seed=44 T=29 aggregate_days=None window_size=9 samples_per_step=48 n_train=105 (cap=105) n_test=175 (cap=175) classes_train=[0, 1, 2, 3, 4, 5, 6]
[13:46:19] [load] fold=None seed=44 T=29 aggregate_days=None window_size=9 samples_per_step=48 n_train=105 (cap=105) n_test=175 (cap=175) classes_train=[0, 1, 2, 3, 4, 5, 6]
[13:46:19] [load] fold=None seed=44 T=29 aggregate_days=None window_size=9 samples_per_step=48 n_train=105 (cap=105) n_test=175 (cap=175) classes_train=[0, 1, 2, 3, 4, 5, 6]
[Parallel(n_jobs=4)]: Done   5 out of   7 | elapsed:   39.0s remaining:   15.6s
[Parallel(n_jobs=4)]: Done   7 out of   7 | elapsed:   39.0s finished
[13:46:19] [grid_knn] wasps_nodiv: best k=1 gamma=0.01 f1=0.616 (3/3 runs)
[Parallel(n_jobs=4)]: Using backend LokyBackend with 4 concurrent workers.
[cpazmal] loading from cache (max_groups_per_class=None)
[cpazmal] loading from cache (max_groups_per_class=None)
[cpazmal] loading from cache (max_groups_per_class=None)
[cpazmal] loading from cache (max_groups_per_class=None)
[13:46:25] [load] fold=None seed=42 T=29 aggregate_days=None window_size=9 samples_per_step=48 n_train=105 (cap=105) n_test=175 (cap=175) classes_train=[0, 1, 2, 3, 4, 5, 6]
[13:46:25] [load] fold=None seed=42 T=29 aggregate_days=None window_size=9 samples_per_step=48 n_train=105 (cap=105) n_test=175 (cap=175) classes_train=[0, 1, 2, 3, 4, 5, 6]
[13:46:25] [load] fold=None seed=42 T=29 aggregate_days=None window_size=9 samples_per_step=48 n_train=105 (cap=105) n_test=175 (cap=175) classes_train=[0, 1, 2, 3, 4, 5, 6]
[13:46:25] [load] fold=None seed=42 T=29 aggregate_days=None window_size=9 samples_per_step=48 n_train=105 (cap=105) n_test=175 (cap=175) classes_train=[0, 1, 2, 3, 4, 5, 6]
[cpazmal] loading from cache (max_groups_per_class=None)
[cpazmal] loading from cache (max_groups_per_class=None)
[cpazmal] loading from cache (max_groups_per_class=None)
[cpazmal] loading from cache (max_groups_per_class=None)
[13:46:32] [load] fold=None seed=43 T=29 aggregate_days=None window_size=9 samples_per_step=48 n_train=105 (cap=105) n_test=175 (cap=175) classes_train=[0, 1, 2, 3, 4, 5, 6]
[13:46:32] [load] fold=None seed=43 T=29 aggregate_days=None window_size=9 samples_per_step=48 n_train=105 (cap=105) n_test=175 (cap=175) classes_train=[0, 1, 2, 3, 4, 5, 6]
[13:46:32] [load] fold=None seed=43 T=29 aggregate_days=None window_size=9 samples_per_step=48 n_train=105 (cap=105) n_test=175 (cap=175) classes_train=[0, 1, 2, 3, 4, 5, 6]
[13:46:32] [load] fold=None seed=43 T=29 aggregate_days=None window_size=9 samples_per_step=48 n_train=105 (cap=105) n_test=175 (cap=175) classes_train=[0, 1, 2, 3, 4, 5, 6]
[cpazmal] loading from cache (max_groups_per_class=None)
[cpazmal] loading from cache (max_groups_per_class=None)
[cpazmal] loading from cache (max_groups_per_class=None)
[cpazmal] loading from cache (max_groups_per_class=None)
[13:46:39] [load] fold=None seed=44 T=29 aggregate_days=None window_size=9 samples_per_step=48 n_train=105 (cap=105) n_test=175 (cap=175) classes_train=[0, 1, 2, 3, 4, 5, 6]
[13:46:39] [load] fold=None seed=44 T=29 aggregate_days=None window_size=9 samples_per_step=48 n_train=105 (cap=105) n_test=175 (cap=175) classes_train=[0, 1, 2, 3, 4, 5, 6]
[13:46:39] [load] fold=None seed=44 T=29 aggregate_days=None window_size=9 samples_per_step=48 n_train=105 (cap=105) n_test=175 (cap=175) classes_train=[0, 1, 2, 3, 4, 5, 6]
[13:46:39] [load] fold=None seed=44 T=29 aggregate_days=None window_size=9 samples_per_step=48 n_train=105 (cap=105) n_test=175 (cap=175) classes_train=[0, 1, 2, 3, 4, 5, 6]
[Parallel(n_jobs=4)]: Done   1 tasks      | elapsed:   20.2s
[cpazmal] loading from cache (max_groups_per_class=None)
[Parallel(n_jobs=4)]: Done   2 out of   7 | elapsed:   20.3s remaining:   50.6s
[cpazmal] loading from cache (max_groups_per_class=None)
[Parallel(n_jobs=4)]: Done   3 out of   7 | elapsed:   20.3s remaining:   27.0s
[cpazmal] loading from cache (max_groups_per_class=None)
[Parallel(n_jobs=4)]: Done   4 out of   7 | elapsed:   20.3s remaining:   15.2s
[13:46:45] [load] fold=None seed=42 T=29 aggregate_days=None window_size=9 samples_per_step=48 n_train=105 (cap=105) n_test=175 (cap=175) classes_train=[0, 1, 2, 3, 4, 5, 6]
[13:46:45] [load] fold=None seed=42 T=29 aggregate_days=None window_size=9 samples_per_step=48 n_train=105 (cap=105) n_test=175 (cap=175) classes_train=[0, 1, 2, 3, 4, 5, 6]
[13:46:45] [load] fold=None seed=42 T=29 aggregate_days=None window_size=9 samples_per_step=48 n_train=105 (cap=105) n_test=175 (cap=175) classes_train=[0, 1, 2, 3, 4, 5, 6]
[cpazmal] loading from cache (max_groups_per_class=None)
[cpazmal] loading from cache (max_groups_per_class=None)
[cpazmal] loading from cache (max_groups_per_class=None)
[13:46:51] [load] fold=None seed=43 T=29 aggregate_days=None window_size=9 samples_per_step=48 n_train=105 (cap=105) n_test=175 (cap=175) classes_train=[0, 1, 2, 3, 4, 5, 6]
[13:46:51] [load] fold=None seed=43 T=29 aggregate_days=None window_size=9 samples_per_step=48 n_train=105 (cap=105) n_test=175 (cap=175) classes_train=[0, 1, 2, 3, 4, 5, 6]
[13:46:51] [load] fold=None seed=43 T=29 aggregate_days=None window_size=9 samples_per_step=48 n_train=105 (cap=105) n_test=175 (cap=175) classes_train=[0, 1, 2, 3, 4, 5, 6]
[cpazmal] loading from cache (max_groups_per_class=None)
[cpazmal] loading from cache (max_groups_per_class=None)
[cpazmal] loading from cache (max_groups_per_class=None)
[13:46:58] [load] fold=None seed=44 T=29 aggregate_days=None window_size=9 samples_per_step=48 n_train=105 (cap=105) n_test=175 (cap=175) classes_train=[0, 1, 2, 3, 4, 5, 6]
[13:46:58] [load] fold=None seed=44 T=29 aggregate_days=None window_size=9 samples_per_step=48 n_train=105 (cap=105) n_test=175 (cap=175) classes_train=[0, 1, 2, 3, 4, 5, 6]
[13:46:58] [load] fold=None seed=44 T=29 aggregate_days=None window_size=9 samples_per_step=48 n_train=105 (cap=105) n_test=175 (cap=175) classes_train=[0, 1, 2, 3, 4, 5, 6]
[Parallel(n_jobs=4)]: Done   5 out of   7 | elapsed:   38.7s remaining:   15.5s
[Parallel(n_jobs=4)]: Done   7 out of   7 | elapsed:   38.8s finished
[13:46:58] [grid_knn] eucl_params: best k=1 gamma=0.01 f1=0.362 (3/3 runs)
[Parallel(n_jobs=4)]: Using backend LokyBackend with 4 concurrent workers.
[cpazmal] loading from cache (max_groups_per_class=None)
[cpazmal] loading from cache (max_groups_per_class=None)
[cpazmal] loading from cache (max_groups_per_class=None)
[cpazmal] loading from cache (max_groups_per_class=None)
[13:47:04] [load] fold=None seed=42 T=29 aggregate_days=None window_size=9 samples_per_step=48 n_train=105 (cap=105) n_test=175 (cap=175) classes_train=[0, 1, 2, 3, 4, 5, 6]
[13:47:04] [load] fold=None seed=42 T=29 aggregate_days=None window_size=9 samples_per_step=48 n_train=105 (cap=105) n_test=175 (cap=175) classes_train=[0, 1, 2, 3, 4, 5, 6]
[13:47:04] [load] fold=None seed=42 T=29 aggregate_days=None window_size=9 samples_per_step=48 n_train=105 (cap=105) n_test=175 (cap=175) classes_train=[0, 1, 2, 3, 4, 5, 6]
[13:47:04] [load] fold=None seed=42 T=29 aggregate_days=None window_size=9 samples_per_step=48 n_train=105 (cap=105) n_test=175 (cap=175) classes_train=[0, 1, 2, 3, 4, 5, 6]
[cpazmal] loading from cache (max_groups_per_class=None)
[cpazmal] loading from cache (max_groups_per_class=None)
[cpazmal] loading from cache (max_groups_per_class=None)
[cpazmal] loading from cache (max_groups_per_class=None)
[13:47:11] [load] fold=None seed=43 T=29 aggregate_days=None window_size=9 samples_per_step=48 n_train=105 (cap=105) n_test=175 (cap=175) classes_train=[0, 1, 2, 3, 4, 5, 6]
[13:47:11] [load] fold=None seed=43 T=29 aggregate_days=None window_size=9 samples_per_step=48 n_train=105 (cap=105) n_test=175 (cap=175) classes_train=[0, 1, 2, 3, 4, 5, 6]
[13:47:11] [load] fold=None seed=43 T=29 aggregate_days=None window_size=9 samples_per_step=48 n_train=105 (cap=105) n_test=175 (cap=175) classes_train=[0, 1, 2, 3, 4, 5, 6]
[13:47:11] [load] fold=None seed=43 T=29 aggregate_days=None window_size=9 samples_per_step=48 n_train=105 (cap=105) n_test=175 (cap=175) classes_train=[0, 1, 2, 3, 4, 5, 6]
[cpazmal] loading from cache (max_groups_per_class=None)
[cpazmal] loading from cache (max_groups_per_class=None)
[cpazmal] loading from cache (max_groups_per_class=None)
[cpazmal] loading from cache (max_groups_per_class=None)
[13:47:17] [load] fold=None seed=44 T=29 aggregate_days=None window_size=9 samples_per_step=48 n_train=105 (cap=105) n_test=175 (cap=175) classes_train=[0, 1, 2, 3, 4, 5, 6]
[13:47:18] [load] fold=None seed=44 T=29 aggregate_days=None window_size=9 samples_per_step=48 n_train=105 (cap=105) n_test=175 (cap=175) classes_train=[0, 1, 2, 3, 4, 5, 6]
[13:47:18] [load] fold=None seed=44 T=29 aggregate_days=None window_size=9 samples_per_step=48 n_train=105 (cap=105) n_test=175 (cap=175) classes_train=[0, 1, 2, 3, 4, 5, 6]
[13:47:18] [load] fold=None seed=44 T=29 aggregate_days=None window_size=9 samples_per_step=48 n_train=105 (cap=105) n_test=175 (cap=175) classes_train=[0, 1, 2, 3, 4, 5, 6]
[Parallel(n_jobs=4)]: Done   1 tasks      | elapsed:   19.6s
[cpazmal] loading from cache (max_groups_per_class=None)
[Parallel(n_jobs=4)]: Done   2 out of   7 | elapsed:   20.0s remaining:   50.0s
[cpazmal] loading from cache (max_groups_per_class=None)
[Parallel(n_jobs=4)]: Done   3 out of   7 | elapsed:   20.0s remaining:   26.7s
[cpazmal] loading from cache (max_groups_per_class=None)
[Parallel(n_jobs=4)]: Done   4 out of   7 | elapsed:   20.0s remaining:   15.0s
[13:47:23] [load] fold=None seed=42 T=29 aggregate_days=None window_size=9 samples_per_step=48 n_train=105 (cap=105) n_test=175 (cap=175) classes_train=[0, 1, 2, 3, 4, 5, 6]
[13:47:24] [load] fold=None seed=42 T=29 aggregate_days=None window_size=9 samples_per_step=48 n_train=105 (cap=105) n_test=175 (cap=175) classes_train=[0, 1, 2, 3, 4, 5, 6]
[cpazmal] loading from cache (max_groups_per_class=None)
[13:47:24] [load] fold=None seed=42 T=29 aggregate_days=None window_size=9 samples_per_step=48 n_train=105 (cap=105) n_test=175 (cap=175) classes_train=[0, 1, 2, 3, 4, 5, 6]
[cpazmal] loading from cache (max_groups_per_class=None)
[cpazmal] loading from cache (max_groups_per_class=None)
[13:47:29] [load] fold=None seed=43 T=29 aggregate_days=None window_size=9 samples_per_step=48 n_train=105 (cap=105) n_test=175 (cap=175) classes_train=[0, 1, 2, 3, 4, 5, 6]
[cpazmal] loading from cache (max_groups_per_class=None)
[13:47:30] [load] fold=None seed=43 T=29 aggregate_days=None window_size=9 samples_per_step=48 n_train=105 (cap=105) n_test=175 (cap=175) classes_train=[0, 1, 2, 3, 4, 5, 6]
[13:47:30] [load] fold=None seed=43 T=29 aggregate_days=None window_size=9 samples_per_step=48 n_train=105 (cap=105) n_test=175 (cap=175) classes_train=[0, 1, 2, 3, 4, 5, 6]
[cpazmal] loading from cache (max_groups_per_class=None)
[cpazmal] loading from cache (max_groups_per_class=None)
[13:47:35] [load] fold=None seed=44 T=29 aggregate_days=None window_size=9 samples_per_step=48 n_train=105 (cap=105) n_test=175 (cap=175) classes_train=[0, 1, 2, 3, 4, 5, 6]
[Parallel(n_jobs=4)]: Done   5 out of   7 | elapsed:   37.6s remaining:   15.0s
[13:47:36] [load] fold=None seed=44 T=29 aggregate_days=None window_size=9 samples_per_step=48 n_train=105 (cap=105) n_test=175 (cap=175) classes_train=[0, 1, 2, 3, 4, 5, 6]
[13:47:36] [load] fold=None seed=44 T=29 aggregate_days=None window_size=9 samples_per_step=48 n_train=105 (cap=105) n_test=175 (cap=175) classes_train=[0, 1, 2, 3, 4, 5, 6]
[Parallel(n_jobs=4)]: Done   7 out of   7 | elapsed:   38.2s finished
[13:47:36] [grid_knn] eucl_params_nodiv: best k=1 gamma=0.01 f1=0.362 (3/3 runs)
[Parallel(n_jobs=4)]: Using backend LokyBackend with 4 concurrent workers.
[cpazmal] loading from cache (max_groups_per_class=None)
[cpazmal] loading from cache (max_groups_per_class=None)
[cpazmal] loading from cache (max_groups_per_class=None)
[cpazmal] loading from cache (max_groups_per_class=None)
[13:47:42] [load] fold=None seed=42 T=29 aggregate_days=None window_size=9 samples_per_step=48 n_train=105 (cap=105) n_test=175 (cap=175) classes_train=[0, 1, 2, 3, 4, 5, 6]
[13:47:43] [load] fold=None seed=42 T=29 aggregate_days=None window_size=9 samples_per_step=48 n_train=105 (cap=105) n_test=175 (cap=175) classes_train=[0, 1, 2, 3, 4, 5, 6]
[13:47:43] [load] fold=None seed=42 T=29 aggregate_days=None window_size=9 samples_per_step=48 n_train=105 (cap=105) n_test=175 (cap=175) classes_train=[0, 1, 2, 3, 4, 5, 6]
[13:47:43] [load] fold=None seed=42 T=29 aggregate_days=None window_size=9 samples_per_step=48 n_train=105 (cap=105) n_test=175 (cap=175) classes_train=[0, 1, 2, 3, 4, 5, 6]
[cpazmal] loading from cache (max_groups_per_class=None)
[cpazmal] loading from cache (max_groups_per_class=None)
[cpazmal] loading from cache (max_groups_per_class=None)
[cpazmal] loading from cache (max_groups_per_class=None)
[13:47:49] [load] fold=None seed=43 T=29 aggregate_days=None window_size=9 samples_per_step=48 n_train=105 (cap=105) n_test=175 (cap=175) classes_train=[0, 1, 2, 3, 4, 5, 6]
[13:47:49] [load] fold=None seed=43 T=29 aggregate_days=None window_size=9 samples_per_step=48 n_train=105 (cap=105) n_test=175 (cap=175) classes_train=[0, 1, 2, 3, 4, 5, 6]
[13:47:49] [load] fold=None seed=43 T=29 aggregate_days=None window_size=9 samples_per_step=48 n_train=105 (cap=105) n_test=175 (cap=175) classes_train=[0, 1, 2, 3, 4, 5, 6]
[13:47:49] [load] fold=None seed=43 T=29 aggregate_days=None window_size=9 samples_per_step=48 n_train=105 (cap=105) n_test=175 (cap=175) classes_train=[0, 1, 2, 3, 4, 5, 6]
[cpazmal] loading from cache (max_groups_per_class=None)
[cpazmal] loading from cache (max_groups_per_class=None)
[cpazmal] loading from cache (max_groups_per_class=None)
[cpazmal] loading from cache (max_groups_per_class=None)
[13:47:55] [load] fold=None seed=44 T=29 aggregate_days=None window_size=9 samples_per_step=48 n_train=105 (cap=105) n_test=175 (cap=175) classes_train=[0, 1, 2, 3, 4, 5, 6]
[13:47:56] [load] fold=None seed=44 T=29 aggregate_days=None window_size=9 samples_per_step=48 n_train=105 (cap=105) n_test=175 (cap=175) classes_train=[0, 1, 2, 3, 4, 5, 6]
[13:47:56] [load] fold=None seed=44 T=29 aggregate_days=None window_size=9 samples_per_step=48 n_train=105 (cap=105) n_test=175 (cap=175) classes_train=[0, 1, 2, 3, 4, 5, 6]
[13:47:56] [load] fold=None seed=44 T=29 aggregate_days=None window_size=9 samples_per_step=48 n_train=105 (cap=105) n_test=175 (cap=175) classes_train=[0, 1, 2, 3, 4, 5, 6]
[Parallel(n_jobs=4)]: Done   1 tasks      | elapsed:   19.6s
[cpazmal] loading from cache (max_groups_per_class=None)
[Parallel(n_jobs=4)]: Done   2 out of   7 | elapsed:   19.7s remaining:   49.3s
[cpazmal] loading from cache (max_groups_per_class=None)
[Parallel(n_jobs=4)]: Done   3 out of   7 | elapsed:   19.8s remaining:   26.4s
[cpazmal] loading from cache (max_groups_per_class=None)
[Parallel(n_jobs=4)]: Done   4 out of   7 | elapsed:   19.8s remaining:   14.8s
[13:48:01] [load] fold=None seed=42 T=29 aggregate_days=None window_size=9 samples_per_step=48 n_train=105 (cap=105) n_test=175 (cap=175) classes_train=[0, 1, 2, 3, 4, 5, 6]
[13:48:02] [load] fold=None seed=42 T=29 aggregate_days=None window_size=9 samples_per_step=48 n_train=105 (cap=105) n_test=175 (cap=175) classes_train=[0, 1, 2, 3, 4, 5, 6]
[13:48:02] [load] fold=None seed=42 T=29 aggregate_days=None window_size=9 samples_per_step=48 n_train=105 (cap=105) n_test=175 (cap=175) classes_train=[0, 1, 2, 3, 4, 5, 6]
[cpazmal] loading from cache (max_groups_per_class=None)
[cpazmal] loading from cache (max_groups_per_class=None)
[cpazmal] loading from cache (max_groups_per_class=None)
[13:48:07] [load] fold=None seed=43 T=29 aggregate_days=None window_size=9 samples_per_step=48 n_train=105 (cap=105) n_test=175 (cap=175) classes_train=[0, 1, 2, 3, 4, 5, 6]
[cpazmal] loading from cache (max_groups_per_class=None)
[13:48:08] [load] fold=None seed=43 T=29 aggregate_days=None window_size=9 samples_per_step=48 n_train=105 (cap=105) n_test=175 (cap=175) classes_train=[0, 1, 2, 3, 4, 5, 6]
[13:48:08] [load] fold=None seed=43 T=29 aggregate_days=None window_size=9 samples_per_step=48 n_train=105 (cap=105) n_test=175 (cap=175) classes_train=[0, 1, 2, 3, 4, 5, 6]
[cpazmal] loading from cache (max_groups_per_class=None)
[cpazmal] loading from cache (max_groups_per_class=None)
[13:48:13] [load] fold=None seed=44 T=29 aggregate_days=None window_size=9 samples_per_step=48 n_train=105 (cap=105) n_test=175 (cap=175) classes_train=[0, 1, 2, 3, 4, 5, 6]
[Parallel(n_jobs=4)]: Done   5 out of   7 | elapsed:   37.0s remaining:   14.8s
[13:48:14] [load] fold=None seed=44 T=29 aggregate_days=None window_size=9 samples_per_step=48 n_train=105 (cap=105) n_test=175 (cap=175) classes_train=[0, 1, 2, 3, 4, 5, 6]
[13:48:14] [load] fold=None seed=44 T=29 aggregate_days=None window_size=9 samples_per_step=48 n_train=105 (cap=105) n_test=175 (cap=175) classes_train=[0, 1, 2, 3, 4, 5, 6]
[Parallel(n_jobs=4)]: Done   7 out of   7 | elapsed:   37.7s finished
[13:48:14] [grid_knn] eucl_raw: best k=1 gamma=0.1 f1=0.621 (3/3 runs)
[Parallel(n_jobs=4)]: Using backend LokyBackend with 4 concurrent workers.
[cpazmal] loading from cache (max_groups_per_class=None)
[cpazmal] loading from cache (max_groups_per_class=None)
[cpazmal] loading from cache (max_groups_per_class=None)
[cpazmal] loading from cache (max_groups_per_class=None)
[13:48:20] [load] fold=None seed=42 T=29 aggregate_days=None window_size=9 samples_per_step=48 n_train=105 (cap=105) n_test=175 (cap=175) classes_train=[0, 1, 2, 3, 4, 5, 6]
[13:48:20] [load] fold=None seed=42 T=29 aggregate_days=None window_size=9 samples_per_step=48 n_train=105 (cap=105) n_test=175 (cap=175) classes_train=[0, 1, 2, 3, 4, 5, 6]
[13:48:20] [load] fold=None seed=42 T=29 aggregate_days=None window_size=9 samples_per_step=48 n_train=105 (cap=105) n_test=175 (cap=175) classes_train=[0, 1, 2, 3, 4, 5, 6]
[13:48:20] [load] fold=None seed=42 T=29 aggregate_days=None window_size=9 samples_per_step=48 n_train=105 (cap=105) n_test=175 (cap=175) classes_train=[0, 1, 2, 3, 4, 5, 6]
[cpazmal] loading from cache (max_groups_per_class=None)
[cpazmal] loading from cache (max_groups_per_class=None)
[cpazmal] loading from cache (max_groups_per_class=None)
[cpazmal] loading from cache (max_groups_per_class=None)
[13:48:27] [load] fold=None seed=43 T=29 aggregate_days=None window_size=9 samples_per_step=48 n_train=105 (cap=105) n_test=175 (cap=175) classes_train=[0, 1, 2, 3, 4, 5, 6]
[13:48:27] [load] fold=None seed=43 T=29 aggregate_days=None window_size=9 samples_per_step=48 n_train=105 (cap=105) n_test=175 (cap=175) classes_train=[0, 1, 2, 3, 4, 5, 6]
[13:48:27] [load] fold=None seed=43 T=29 aggregate_days=None window_size=9 samples_per_step=48 n_train=105 (cap=105) n_test=175 (cap=175) classes_train=[0, 1, 2, 3, 4, 5, 6]
[13:48:27] [load] fold=None seed=43 T=29 aggregate_days=None window_size=9 samples_per_step=48 n_train=105 (cap=105) n_test=175 (cap=175) classes_train=[0, 1, 2, 3, 4, 5, 6]
[cpazmal] loading from cache (max_groups_per_class=None)
[cpazmal] loading from cache (max_groups_per_class=None)
[cpazmal] loading from cache (max_groups_per_class=None)
[cpazmal] loading from cache (max_groups_per_class=None)
[13:48:33] [load] fold=None seed=44 T=29 aggregate_days=None window_size=9 samples_per_step=48 n_train=105 (cap=105) n_test=175 (cap=175) classes_train=[0, 1, 2, 3, 4, 5, 6]
[13:48:33] [load] fold=None seed=44 T=29 aggregate_days=None window_size=9 samples_per_step=48 n_train=105 (cap=105) n_test=175 (cap=175) classes_train=[0, 1, 2, 3, 4, 5, 6]
[13:48:33] [load] fold=None seed=44 T=29 aggregate_days=None window_size=9 samples_per_step=48 n_train=105 (cap=105) n_test=175 (cap=175) classes_train=[0, 1, 2, 3, 4, 5, 6]
[13:48:33] [load] fold=None seed=44 T=29 aggregate_days=None window_size=9 samples_per_step=48 n_train=105 (cap=105) n_test=175 (cap=175) classes_train=[0, 1, 2, 3, 4, 5, 6]
[Parallel(n_jobs=4)]: Done   1 tasks      | elapsed:   19.3s
[cpazmal] loading from cache (max_groups_per_class=None)
[Parallel(n_jobs=4)]: Done   2 out of   7 | elapsed:   19.5s remaining:   48.8s
[cpazmal] loading from cache (max_groups_per_class=None)
[Parallel(n_jobs=4)]: Done   3 out of   7 | elapsed:   19.5s remaining:   26.1s
[cpazmal] loading from cache (max_groups_per_class=None)
[Parallel(n_jobs=4)]: Done   4 out of   7 | elapsed:   19.6s remaining:   14.7s
[13:48:39] [load] fold=None seed=42 T=29 aggregate_days=None window_size=9 samples_per_step=48 n_train=105 (cap=105) n_test=175 (cap=175) classes_train=[0, 1, 2, 3, 4, 5, 6]
[13:48:39] [load] fold=None seed=42 T=29 aggregate_days=None window_size=9 samples_per_step=48 n_train=105 (cap=105) n_test=175 (cap=175) classes_train=[0, 1, 2, 3, 4, 5, 6]
[13:48:39] [load] fold=None seed=42 T=29 aggregate_days=None window_size=9 samples_per_step=48 n_train=105 (cap=105) n_test=175 (cap=175) classes_train=[0, 1, 2, 3, 4, 5, 6]
[cpazmal] loading from cache (max_groups_per_class=None)
[cpazmal] loading from cache (max_groups_per_class=None)
[cpazmal] loading from cache (max_groups_per_class=None)
[13:48:44] [load] fold=None seed=43 T=29 aggregate_days=None window_size=9 samples_per_step=48 n_train=105 (cap=105) n_test=175 (cap=175) classes_train=[0, 1, 2, 3, 4, 5, 6]
[cpazmal] loading from cache (max_groups_per_class=None)
[13:48:45] [load] fold=None seed=43 T=29 aggregate_days=None window_size=9 samples_per_step=48 n_train=105 (cap=105) n_test=175 (cap=175) classes_train=[0, 1, 2, 3, 4, 5, 6]
[13:48:45] [load] fold=None seed=43 T=29 aggregate_days=None window_size=9 samples_per_step=48 n_train=105 (cap=105) n_test=175 (cap=175) classes_train=[0, 1, 2, 3, 4, 5, 6]
[cpazmal] loading from cache (max_groups_per_class=None)
[cpazmal] loading from cache (max_groups_per_class=None)
[13:48:50] [load] fold=None seed=44 T=29 aggregate_days=None window_size=9 samples_per_step=48 n_train=105 (cap=105) n_test=175 (cap=175) classes_train=[0, 1, 2, 3, 4, 5, 6]
[Parallel(n_jobs=4)]: Done   5 out of   7 | elapsed:   36.4s remaining:   14.6s
[13:48:51] [load] fold=None seed=44 T=29 aggregate_days=None window_size=9 samples_per_step=48 n_train=105 (cap=105) n_test=175 (cap=175) classes_train=[0, 1, 2, 3, 4, 5, 6]
[13:48:51] [load] fold=None seed=44 T=29 aggregate_days=None window_size=9 samples_per_step=48 n_train=105 (cap=105) n_test=175 (cap=175) classes_train=[0, 1, 2, 3, 4, 5, 6]
[Parallel(n_jobs=4)]: Done   7 out of   7 | elapsed:   37.0s finished
[13:48:51] [grid_knn] eucl_raw_nodiv: best k=1 gamma=0.1 f1=0.621 (3/3 runs)
[13:48:51] [optimize_gamma/cpazmal] knn: sta @ reduced scale {'samples_per_step': 8, 'max_train_per_class': 3, 'max_test_per_class': 1}, n_jobs=2
[Parallel(n_jobs=2)]: Using backend LokyBackend with 2 concurrent workers.
[cpazmal] loading from cache (max_groups_per_class=None)
[cpazmal] loading from cache (max_groups_per_class=None)
[13:48:58] [load] fold=None seed=42 T=29 aggregate_days=None window_size=9 samples_per_step=8 n_train=21 (cap=21) n_test=7 (cap=7) classes_train=[0, 1, 2, 3, 6]
[13:48:58] [load] fold=None seed=42 T=29 aggregate_days=None window_size=9 samples_per_step=8 n_train=21 (cap=21) n_test=7 (cap=7) classes_train=[0, 1, 2, 3, 6]
[cpazmal] loading from cache (max_groups_per_class=None)
[cpazmal] loading from cache (max_groups_per_class=None)
[13:49:14] [load] fold=None seed=43 T=29 aggregate_days=None window_size=9 samples_per_step=8 n_train=21 (cap=21) n_test=7 (cap=7) classes_train=[0, 1, 2, 3, 6]
[13:49:14] [load] fold=None seed=43 T=29 aggregate_days=None window_size=9 samples_per_step=8 n_train=21 (cap=21) n_test=7 (cap=7) classes_train=[0, 1, 2, 3, 6]
[cpazmal] loading from cache (max_groups_per_class=None)
[cpazmal] loading from cache (max_groups_per_class=None)
[13:49:29] [load] fold=None seed=44 T=29 aggregate_days=None window_size=9 samples_per_step=8 n_train=21 (cap=21) n_test=7 (cap=7) classes_train=[0, 1, 2, 3, 6]
[13:49:30] [load] fold=None seed=44 T=29 aggregate_days=None window_size=9 samples_per_step=8 n_train=21 (cap=21) n_test=7 (cap=7) classes_train=[0, 1, 2, 3, 6]
[Parallel(n_jobs=2)]: Done   1 tasks      | elapsed:   48.9s
[cpazmal] loading from cache (max_groups_per_class=None)
[cpazmal] loading from cache (max_groups_per_class=None)
[13:49:45] [load] fold=None seed=42 T=29 aggregate_days=None window_size=9 samples_per_step=8 n_train=21 (cap=21) n_test=7 (cap=7) classes_train=[0, 1, 2, 3, 6]
[13:49:46] [load] fold=None seed=42 T=29 aggregate_days=None window_size=9 samples_per_step=8 n_train=21 (cap=21) n_test=7 (cap=7) classes_train=[0, 1, 2, 3, 6]
[cpazmal] loading from cache (max_groups_per_class=None)
[cpazmal] loading from cache (max_groups_per_class=None)
[13:50:01] [load] fold=None seed=43 T=29 aggregate_days=None window_size=9 samples_per_step=8 n_train=21 (cap=21) n_test=7 (cap=7) classes_train=[0, 1, 2, 3, 6]
[13:50:02] [load] fold=None seed=43 T=29 aggregate_days=None window_size=9 samples_per_step=8 n_train=21 (cap=21) n_test=7 (cap=7) classes_train=[0, 1, 2, 3, 6]
[cpazmal] loading from cache (max_groups_per_class=None)
[cpazmal] loading from cache (max_groups_per_class=None)
[13:50:17] [load] fold=None seed=44 T=29 aggregate_days=None window_size=9 samples_per_step=8 n_train=21 (cap=21) n_test=7 (cap=7) classes_train=[0, 1, 2, 3, 6]
[13:50:18] [load] fold=None seed=44 T=29 aggregate_days=None window_size=9 samples_per_step=8 n_train=21 (cap=21) n_test=7 (cap=7) classes_train=[0, 1, 2, 3, 6]
[Parallel(n_jobs=2)]: Done   4 tasks      | elapsed:  1.7min
[cpazmal] loading from cache (max_groups_per_class=None)
[cpazmal] loading from cache (max_groups_per_class=None)
[13:50:37] [load] fold=None seed=42 T=29 aggregate_days=None window_size=9 samples_per_step=8 n_train=21 (cap=21) n_test=7 (cap=7) classes_train=[0, 1, 2, 3, 6]
[13:50:38] [load] fold=None seed=42 T=29 aggregate_days=None window_size=9 samples_per_step=8 n_train=21 (cap=21) n_test=7 (cap=7) classes_train=[0, 1, 2, 3, 6]
[cpazmal] loading from cache (max_groups_per_class=None)
[cpazmal] loading from cache (max_groups_per_class=None)
[13:50:52] [load] fold=None seed=43 T=29 aggregate_days=None window_size=9 samples_per_step=8 n_train=21 (cap=21) n_test=7 (cap=7) classes_train=[0, 1, 2, 3, 6]
[13:50:55] [load] fold=None seed=43 T=29 aggregate_days=None window_size=9 samples_per_step=8 n_train=21 (cap=21) n_test=7 (cap=7) classes_train=[0, 1, 2, 3, 6]
[cpazmal] loading from cache (max_groups_per_class=None)
[cpazmal] loading from cache (max_groups_per_class=None)
[13:51:08] [load] fold=None seed=44 T=29 aggregate_days=None window_size=9 samples_per_step=8 n_train=21 (cap=21) n_test=7 (cap=7) classes_train=[0, 1, 2, 3, 6]
[13:51:10] [load] fold=None seed=44 T=29 aggregate_days=None window_size=9 samples_per_step=8 n_train=21 (cap=21) n_test=7 (cap=7) classes_train=[0, 1, 2, 3, 6]
[Parallel(n_jobs=2)]: Done   5 out of   7 | elapsed:  2.5min remaining:   59.2s
[cpazmal] loading from cache (max_groups_per_class=None)
[13:51:24] [load] fold=None seed=42 T=29 aggregate_days=None window_size=9 samples_per_step=8 n_train=21 (cap=21) n_test=7 (cap=7) classes_train=[0, 1, 2, 3, 6]
[cpazmal] loading from cache (max_groups_per_class=None)
[13:51:39] [load] fold=None seed=43 T=29 aggregate_days=None window_size=9 samples_per_step=8 n_train=21 (cap=21) n_test=7 (cap=7) classes_train=[0, 1, 2, 3, 6]
[cpazmal] loading from cache (max_groups_per_class=None)
[13:51:54] [load] fold=None seed=44 T=29 aggregate_days=None window_size=9 samples_per_step=8 n_train=21 (cap=21) n_test=7 (cap=7) classes_train=[0, 1, 2, 3, 6]
[Parallel(n_jobs=2)]: Done   7 out of   7 | elapsed:  3.2min finished
[13:52:05] [grid_knn] sta: best k=1 gamma=0.1 f1=0.530 (3/3 runs)
[13:52:05] [optimize_gamma/cpazmal] barycenter: 6 methods @ full scale, n_jobs=4
[Parallel(n_jobs=4)]: Using backend LokyBackend with 4 concurrent workers.
[cpazmal] loading from cache (max_groups_per_class=None)
[cpazmal] loading from cache (max_groups_per_class=None)
[cpazmal] loading from cache (max_groups_per_class=None)
[cpazmal] loading from cache (max_groups_per_class=None)
[13:52:14] [load] fold=None seed=42 T=29 aggregate_days=None window_size=9 samples_per_step=48 n_train=105 (cap=105) n_test=175 (cap=175) classes_train=[0, 1, 2, 3, 4, 5, 6]
[13:52:14] [load] fold=None seed=42 T=29 aggregate_days=None window_size=9 samples_per_step=48 n_train=105 (cap=105) n_test=175 (cap=175) classes_train=[0, 1, 2, 3, 4, 5, 6]
[13:52:14] [load] fold=None seed=42 T=29 aggregate_days=None window_size=9 samples_per_step=48 n_train=105 (cap=105) n_test=175 (cap=175) classes_train=[0, 1, 2, 3, 4, 5, 6]
[13:52:14] [load] fold=None seed=42 T=29 aggregate_days=None window_size=9 samples_per_step=48 n_train=105 (cap=105) n_test=175 (cap=175) classes_train=[0, 1, 2, 3, 4, 5, 6]
[cpazmal] loading from cache (max_groups_per_class=None)
[cpazmal] loading from cache (max_groups_per_class=None)
[cpazmal] loading from cache (max_groups_per_class=None)
[cpazmal] loading from cache (max_groups_per_class=None)
[13:52:30] [load] fold=None seed=43 T=29 aggregate_days=None window_size=9 samples_per_step=48 n_train=105 (cap=105) n_test=175 (cap=175) classes_train=[0, 1, 2, 3, 4, 5, 6]
[13:52:30] [load] fold=None seed=43 T=29 aggregate_days=None window_size=9 samples_per_step=48 n_train=105 (cap=105) n_test=175 (cap=175) classes_train=[0, 1, 2, 3, 4, 5, 6]
[13:52:30] [load] fold=None seed=43 T=29 aggregate_days=None window_size=9 samples_per_step=48 n_train=105 (cap=105) n_test=175 (cap=175) classes_train=[0, 1, 2, 3, 4, 5, 6]
[13:52:30] [load] fold=None seed=43 T=29 aggregate_days=None window_size=9 samples_per_step=48 n_train=105 (cap=105) n_test=175 (cap=175) classes_train=[0, 1, 2, 3, 4, 5, 6]
[cpazmal] loading from cache (max_groups_per_class=None)
[cpazmal] loading from cache (max_groups_per_class=None)
[cpazmal] loading from cache (max_groups_per_class=None)
[cpazmal] loading from cache (max_groups_per_class=None)
[13:52:42] [load] fold=None seed=44 T=29 aggregate_days=None window_size=9 samples_per_step=48 n_train=105 (cap=105) n_test=175 (cap=175) classes_train=[0, 1, 2, 3, 4, 5, 6]
[13:52:43] [load] fold=None seed=44 T=29 aggregate_days=None window_size=9 samples_per_step=48 n_train=105 (cap=105) n_test=175 (cap=175) classes_train=[0, 1, 2, 3, 4, 5, 6]
[13:52:43] [load] fold=None seed=44 T=29 aggregate_days=None window_size=9 samples_per_step=48 n_train=105 (cap=105) n_test=175 (cap=175) classes_train=[0, 1, 2, 3, 4, 5, 6]
[13:52:43] [load] fold=None seed=44 T=29 aggregate_days=None window_size=9 samples_per_step=48 n_train=105 (cap=105) n_test=175 (cap=175) classes_train=[0, 1, 2, 3, 4, 5, 6]
[Parallel(n_jobs=4)]: Done   1 tasks      | elapsed:   43.5s
[cpazmal] loading from cache (max_groups_per_class=None)
[Parallel(n_jobs=4)]: Done   2 out of   7 | elapsed:   44.1s remaining:  1.8min
[Parallel(n_jobs=4)]: Done   3 out of   7 | elapsed:   44.1s remaining:   58.8s
[cpazmal] loading from cache (max_groups_per_class=None)
[cpazmal] loading from cache (max_groups_per_class=None)
[Parallel(n_jobs=4)]: Done   4 out of   7 | elapsed:   44.6s remaining:   33.5s
[13:52:54] [load] fold=None seed=42 T=29 aggregate_days=None window_size=9 samples_per_step=48 n_train=105 (cap=105) n_test=175 (cap=175) classes_train=[0, 1, 2, 3, 4, 5, 6]
[13:52:55] [load] fold=None seed=42 T=29 aggregate_days=None window_size=9 samples_per_step=48 n_train=105 (cap=105) n_test=175 (cap=175) classes_train=[0, 1, 2, 3, 4, 5, 6]
[13:52:55] [load] fold=None seed=42 T=29 aggregate_days=None window_size=9 samples_per_step=48 n_train=105 (cap=105) n_test=175 (cap=175) classes_train=[0, 1, 2, 3, 4, 5, 6]
[cpazmal] loading from cache (max_groups_per_class=None)
[cpazmal] loading from cache (max_groups_per_class=None)
[cpazmal] loading from cache (max_groups_per_class=None)
[13:53:05] [load] fold=None seed=43 T=29 aggregate_days=None window_size=9 samples_per_step=48 n_train=105 (cap=105) n_test=175 (cap=175) classes_train=[0, 1, 2, 3, 4, 5, 6]
[13:53:06] [load] fold=None seed=43 T=29 aggregate_days=None window_size=9 samples_per_step=48 n_train=105 (cap=105) n_test=175 (cap=175) classes_train=[0, 1, 2, 3, 4, 5, 6]
[13:53:06] [load] fold=None seed=43 T=29 aggregate_days=None window_size=9 samples_per_step=48 n_train=105 (cap=105) n_test=175 (cap=175) classes_train=[0, 1, 2, 3, 4, 5, 6]
[cpazmal] loading from cache (max_groups_per_class=None)
[cpazmal] loading from cache (max_groups_per_class=None)
[cpazmal] loading from cache (max_groups_per_class=None)
[13:53:16] [load] fold=None seed=44 T=29 aggregate_days=None window_size=9 samples_per_step=48 n_train=105 (cap=105) n_test=175 (cap=175) classes_train=[0, 1, 2, 3, 4, 5, 6]
[13:53:17] [load] fold=None seed=44 T=29 aggregate_days=None window_size=9 samples_per_step=48 n_train=105 (cap=105) n_test=175 (cap=175) classes_train=[0, 1, 2, 3, 4, 5, 6]
[13:53:18] [load] fold=None seed=44 T=29 aggregate_days=None window_size=9 samples_per_step=48 n_train=105 (cap=105) n_test=175 (cap=175) classes_train=[0, 1, 2, 3, 4, 5, 6]
[Parallel(n_jobs=4)]: Done   5 out of   7 | elapsed:  1.3min remaining:   30.6s
[Parallel(n_jobs=4)]: Done   7 out of   7 | elapsed:  1.3min finished
[13:53:22] [grid_bary] wasps: best lr=0.05 gamma=0.01 f1=0.624 (3/3 runs)
[Parallel(n_jobs=4)]: Using backend LokyBackend with 4 concurrent workers.
[cpazmal] loading from cache (max_groups_per_class=None)
[cpazmal] loading from cache (max_groups_per_class=None)
[cpazmal] loading from cache (max_groups_per_class=None)
[cpazmal] loading from cache (max_groups_per_class=None)
[13:53:29] [load] fold=None seed=42 T=29 aggregate_days=None window_size=9 samples_per_step=48 n_train=105 (cap=105) n_test=175 (cap=175) classes_train=[0, 1, 2, 3, 4, 5, 6]
[13:53:29] [load] fold=None seed=42 T=29 aggregate_days=None window_size=9 samples_per_step=48 n_train=105 (cap=105) n_test=175 (cap=175) classes_train=[0, 1, 2, 3, 4, 5, 6]
[13:53:29] [load] fold=None seed=42 T=29 aggregate_days=None window_size=9 samples_per_step=48 n_train=105 (cap=105) n_test=175 (cap=175) classes_train=[0, 1, 2, 3, 4, 5, 6]
[13:53:29] [load] fold=None seed=42 T=29 aggregate_days=None window_size=9 samples_per_step=48 n_train=105 (cap=105) n_test=175 (cap=175) classes_train=[0, 1, 2, 3, 4, 5, 6]
[cpazmal] loading from cache (max_groups_per_class=None)
[cpazmal] loading from cache (max_groups_per_class=None)
[cpazmal] loading from cache (max_groups_per_class=None)
[cpazmal] loading from cache (max_groups_per_class=None)
[13:53:39] [load] fold=None seed=43 T=29 aggregate_days=None window_size=9 samples_per_step=48 n_train=105 (cap=105) n_test=175 (cap=175) classes_train=[0, 1, 2, 3, 4, 5, 6]
[13:53:40] [load] fold=None seed=43 T=29 aggregate_days=None window_size=9 samples_per_step=48 n_train=105 (cap=105) n_test=175 (cap=175) classes_train=[0, 1, 2, 3, 4, 5, 6]
[13:53:40] [load] fold=None seed=43 T=29 aggregate_days=None window_size=9 samples_per_step=48 n_train=105 (cap=105) n_test=175 (cap=175) classes_train=[0, 1, 2, 3, 4, 5, 6]
[13:53:40] [load] fold=None seed=43 T=29 aggregate_days=None window_size=9 samples_per_step=48 n_train=105 (cap=105) n_test=175 (cap=175) classes_train=[0, 1, 2, 3, 4, 5, 6]
[cpazmal] loading from cache (max_groups_per_class=None)
[cpazmal] loading from cache (max_groups_per_class=None)
[cpazmal] loading from cache (max_groups_per_class=None)
[cpazmal] loading from cache (max_groups_per_class=None)
[13:53:49] [load] fold=None seed=44 T=29 aggregate_days=None window_size=9 samples_per_step=48 n_train=105 (cap=105) n_test=175 (cap=175) classes_train=[0, 1, 2, 3, 4, 5, 6]
[13:53:51] [load] fold=None seed=44 T=29 aggregate_days=None window_size=9 samples_per_step=48 n_train=105 (cap=105) n_test=175 (cap=175) classes_train=[0, 1, 2, 3, 4, 5, 6]
[13:53:51] [load] fold=None seed=44 T=29 aggregate_days=None window_size=9 samples_per_step=48 n_train=105 (cap=105) n_test=175 (cap=175) classes_train=[0, 1, 2, 3, 4, 5, 6]
[Parallel(n_jobs=4)]: Done   1 tasks      | elapsed:   29.8s
[cpazmal] loading from cache (max_groups_per_class=None)
[13:53:52] [load] fold=None seed=44 T=29 aggregate_days=None window_size=9 samples_per_step=48 n_train=105 (cap=105) n_test=175 (cap=175) classes_train=[0, 1, 2, 3, 4, 5, 6]
[Parallel(n_jobs=4)]: Done   2 out of   7 | elapsed:   31.9s remaining:  1.3min
[cpazmal] loading from cache (max_groups_per_class=None)
[Parallel(n_jobs=4)]: Done   3 out of   7 | elapsed:   32.3s remaining:   43.1s
[cpazmal] loading from cache (max_groups_per_class=None)
[Parallel(n_jobs=4)]: Done   4 out of   7 | elapsed:   33.1s remaining:   24.8s
[13:53:59] [load] fold=None seed=42 T=29 aggregate_days=None window_size=9 samples_per_step=48 n_train=105 (cap=105) n_test=175 (cap=175) classes_train=[0, 1, 2, 3, 4, 5, 6]
[13:54:01] [load] fold=None seed=42 T=29 aggregate_days=None window_size=9 samples_per_step=48 n_train=105 (cap=105) n_test=175 (cap=175) classes_train=[0, 1, 2, 3, 4, 5, 6]
[13:54:01] [load] fold=None seed=42 T=29 aggregate_days=None window_size=9 samples_per_step=48 n_train=105 (cap=105) n_test=175 (cap=175) classes_train=[0, 1, 2, 3, 4, 5, 6]
[cpazmal] loading from cache (max_groups_per_class=None)
[cpazmal] loading from cache (max_groups_per_class=None)
[cpazmal] loading from cache (max_groups_per_class=None)
[13:54:07] [load] fold=None seed=43 T=29 aggregate_days=None window_size=9 samples_per_step=48 n_train=105 (cap=105) n_test=175 (cap=175) classes_train=[0, 1, 2, 3, 4, 5, 6]
[cpazmal] loading from cache (max_groups_per_class=None)
[13:54:09] [load] fold=None seed=43 T=29 aggregate_days=None window_size=9 samples_per_step=48 n_train=105 (cap=105) n_test=175 (cap=175) classes_train=[0, 1, 2, 3, 4, 5, 6]
[13:54:10] [load] fold=None seed=43 T=29 aggregate_days=None window_size=9 samples_per_step=48 n_train=105 (cap=105) n_test=175 (cap=175) classes_train=[0, 1, 2, 3, 4, 5, 6]
[cpazmal] loading from cache (max_groups_per_class=None)
[cpazmal] loading from cache (max_groups_per_class=None)
[13:54:15] [load] fold=None seed=44 T=29 aggregate_days=None window_size=9 samples_per_step=48 n_train=105 (cap=105) n_test=175 (cap=175) classes_train=[0, 1, 2, 3, 4, 5, 6]
[Parallel(n_jobs=4)]: Done   5 out of   7 | elapsed:   54.9s remaining:   22.0s
[13:54:18] [load] fold=None seed=44 T=29 aggregate_days=None window_size=9 samples_per_step=48 n_train=105 (cap=105) n_test=175 (cap=175) classes_train=[0, 1, 2, 3, 4, 5, 6]
[13:54:19] [load] fold=None seed=44 T=29 aggregate_days=None window_size=9 samples_per_step=48 n_train=105 (cap=105) n_test=175 (cap=175) classes_train=[0, 1, 2, 3, 4, 5, 6]
[Parallel(n_jobs=4)]: Done   7 out of   7 | elapsed:   58.2s finished
[13:54:21] [grid_bary] wasps_nodiv: best lr=0.05 gamma=0.01 f1=0.623 (3/3 runs)
[Parallel(n_jobs=4)]: Using backend LokyBackend with 4 concurrent workers.
[cpazmal] loading from cache (max_groups_per_class=None)
[cpazmal] loading from cache (max_groups_per_class=None)
[cpazmal] loading from cache (max_groups_per_class=None)
[cpazmal] loading from cache (max_groups_per_class=None)
[13:54:27] [load] fold=None seed=42 T=29 aggregate_days=None window_size=9 samples_per_step=48 n_train=105 (cap=105) n_test=175 (cap=175) classes_train=[0, 1, 2, 3, 4, 5, 6]
[13:54:27] [load] fold=None seed=42 T=29 aggregate_days=None window_size=9 samples_per_step=48 n_train=105 (cap=105) n_test=175 (cap=175) classes_train=[0, 1, 2, 3, 4, 5, 6]
[13:54:27] [load] fold=None seed=42 T=29 aggregate_days=None window_size=9 samples_per_step=48 n_train=105 (cap=105) n_test=175 (cap=175) classes_train=[0, 1, 2, 3, 4, 5, 6]
[13:54:27] [load] fold=None seed=42 T=29 aggregate_days=None window_size=9 samples_per_step=48 n_train=105 (cap=105) n_test=175 (cap=175) classes_train=[0, 1, 2, 3, 4, 5, 6]
/home/mgallet/Documents/Codes/Python/3_DEVELOPPEMENT/WaSPS-DTW/WaSPS-DTW/.venv/lib/python3.13/site-packages/joblib/externals/loky/process_executor.py:782: UserWarning: A worker stopped while some jobs were given to the executor. This can be caused by a too short worker timeout or by a memory leak.
  warnings.warn(
[cpazmal] loading from cache (max_groups_per_class=None)
[cpazmal] loading from cache (max_groups_per_class=None)
[cpazmal] loading from cache (max_groups_per_class=None)
[cpazmal] loading from cache (max_groups_per_class=None)
[13:54:37] [load] fold=None seed=43 T=29 aggregate_days=None window_size=9 samples_per_step=48 n_train=105 (cap=105) n_test=175 (cap=175) classes_train=[0, 1, 2, 3, 4, 5, 6]
[13:54:38] [load] fold=None seed=43 T=29 aggregate_days=None window_size=9 samples_per_step=48 n_train=105 (cap=105) n_test=175 (cap=175) classes_train=[0, 1, 2, 3, 4, 5, 6]
[13:54:38] [load] fold=None seed=43 T=29 aggregate_days=None window_size=9 samples_per_step=48 n_train=105 (cap=105) n_test=175 (cap=175) classes_train=[0, 1, 2, 3, 4, 5, 6]
[13:54:39] [load] fold=None seed=43 T=29 aggregate_days=None window_size=9 samples_per_step=48 n_train=105 (cap=105) n_test=175 (cap=175) classes_train=[0, 1, 2, 3, 4, 5, 6]
/home/mgallet/Documents/Codes/Python/3_DEVELOPPEMENT/WaSPS-DTW/WaSPS-DTW/.venv/lib/python3.13/site-packages/joblib/externals/loky/process_executor.py:782: UserWarning: A worker stopped while some jobs were given to the executor. This can be caused by a too short worker timeout or by a memory leak.
  warnings.warn(
[cpazmal] loading from cache (max_groups_per_class=None)
[cpazmal] loading from cache (max_groups_per_class=None)
[cpazmal] loading from cache (max_groups_per_class=None)
[cpazmal] loading from cache (max_groups_per_class=None)
[13:54:47] [load] fold=None seed=44 T=29 aggregate_days=None window_size=9 samples_per_step=48 n_train=105 (cap=105) n_test=175 (cap=175) classes_train=[0, 1, 2, 3, 4, 5, 6]
[13:54:48] [load] fold=None seed=44 T=29 aggregate_days=None window_size=9 samples_per_step=48 n_train=105 (cap=105) n_test=175 (cap=175) classes_train=[0, 1, 2, 3, 4, 5, 6]
[13:54:48] [load] fold=None seed=44 T=29 aggregate_days=None window_size=9 samples_per_step=48 n_train=105 (cap=105) n_test=175 (cap=175) classes_train=[0, 1, 2, 3, 4, 5, 6]
[13:54:48] [load] fold=None seed=44 T=29 aggregate_days=None window_size=9 samples_per_step=48 n_train=105 (cap=105) n_test=175 (cap=175) classes_train=[0, 1, 2, 3, 4, 5, 6]
[Parallel(n_jobs=4)]: Done   1 tasks      | elapsed:   29.8s
[cpazmal] loading from cache (max_groups_per_class=None)
[Parallel(n_jobs=4)]: Done   2 out of   7 | elapsed:   30.4s remaining:  1.3min
[cpazmal] loading from cache (max_groups_per_class=None)
[Parallel(n_jobs=4)]: Done   3 out of   7 | elapsed:   31.5s remaining:   42.0s
[cpazmal] loading from cache (max_groups_per_class=None)
[Parallel(n_jobs=4)]: Done   4 out of   7 | elapsed:   31.5s remaining:   23.6s
[13:54:57] [load] fold=None seed=42 T=29 aggregate_days=None window_size=9 samples_per_step=48 n_train=105 (cap=105) n_test=175 (cap=175) classes_train=[0, 1, 2, 3, 4, 5, 6]
[13:54:57] [load] fold=None seed=42 T=29 aggregate_days=None window_size=9 samples_per_step=48 n_train=105 (cap=105) n_test=175 (cap=175) classes_train=[0, 1, 2, 3, 4, 5, 6]
[13:54:59] [load] fold=None seed=42 T=29 aggregate_days=None window_size=9 samples_per_step=48 n_train=105 (cap=105) n_test=175 (cap=175) classes_train=[0, 1, 2, 3, 4, 5, 6]
[cpazmal] loading from cache (max_groups_per_class=None)
[cpazmal] loading from cache (max_groups_per_class=None)
[cpazmal] loading from cache (max_groups_per_class=None)
[13:55:06] [load] fold=None seed=43 T=29 aggregate_days=None window_size=9 samples_per_step=48 n_train=105 (cap=105) n_test=175 (cap=175) classes_train=[0, 1, 2, 3, 4, 5, 6]
[13:55:07] [load] fold=None seed=43 T=29 aggregate_days=None window_size=9 samples_per_step=48 n_train=105 (cap=105) n_test=175 (cap=175) classes_train=[0, 1, 2, 3, 4, 5, 6]
[13:55:07] [load] fold=None seed=43 T=29 aggregate_days=None window_size=9 samples_per_step=48 n_train=105 (cap=105) n_test=175 (cap=175) classes_train=[0, 1, 2, 3, 4, 5, 6]
[cpazmal] loading from cache (max_groups_per_class=None)
/home/mgallet/Documents/Codes/Python/3_DEVELOPPEMENT/WaSPS-DTW/WaSPS-DTW/.venv/lib/python3.13/site-packages/joblib/externals/loky/process_executor.py:782: UserWarning: A worker stopped while some jobs were given to the executor. This can be caused by a too short worker timeout or by a memory leak.
  warnings.warn(
[cpazmal] loading from cache (max_groups_per_class=None)
[cpazmal] loading from cache (max_groups_per_class=None)
[13:55:14] [load] fold=None seed=44 T=29 aggregate_days=None window_size=9 samples_per_step=48 n_train=105 (cap=105) n_test=175 (cap=175) classes_train=[0, 1, 2, 3, 4, 5, 6]
[13:55:15] [load] fold=None seed=44 T=29 aggregate_days=None window_size=9 samples_per_step=48 n_train=105 (cap=105) n_test=175 (cap=175) classes_train=[0, 1, 2, 3, 4, 5, 6]
[13:55:15] [load] fold=None seed=44 T=29 aggregate_days=None window_size=9 samples_per_step=48 n_train=105 (cap=105) n_test=175 (cap=175) classes_train=[0, 1, 2, 3, 4, 5, 6]
/home/mgallet/Documents/Codes/Python/3_DEVELOPPEMENT/WaSPS-DTW/WaSPS-DTW/.venv/lib/python3.13/site-packages/joblib/externals/loky/process_executor.py:782: UserWarning: A worker stopped while some jobs were given to the executor. This can be caused by a too short worker timeout or by a memory leak.
  warnings.warn(
[Parallel(n_jobs=4)]: Done   5 out of   7 | elapsed:   56.2s remaining:   22.5s
[Parallel(n_jobs=4)]: Done   7 out of   7 | elapsed:   57.7s finished
[13:55:18] [grid_bary] eucl_params: best lr=0.05 gamma=10 f1=0.370 (3/3 runs)
[Parallel(n_jobs=4)]: Using backend LokyBackend with 4 concurrent workers.
[cpazmal] loading from cache (max_groups_per_class=None)
[cpazmal] loading from cache (max_groups_per_class=None)
[cpazmal] loading from cache (max_groups_per_class=None)
[cpazmal] loading from cache (max_groups_per_class=None)
[13:55:25] [load] fold=None seed=42 T=29 aggregate_days=None window_size=9 samples_per_step=48 n_train=105 (cap=105) n_test=175 (cap=175) classes_train=[0, 1, 2, 3, 4, 5, 6]
[13:55:25] [load] fold=None seed=42 T=29 aggregate_days=None window_size=9 samples_per_step=48 n_train=105 (cap=105) n_test=175 (cap=175) classes_train=[0, 1, 2, 3, 4, 5, 6]
[13:55:25] [load] fold=None seed=42 T=29 aggregate_days=None window_size=9 samples_per_step=48 n_train=105 (cap=105) n_test=175 (cap=175) classes_train=[0, 1, 2, 3, 4, 5, 6]
[13:55:25] [load] fold=None seed=42 T=29 aggregate_days=None window_size=9 samples_per_step=48 n_train=105 (cap=105) n_test=175 (cap=175) classes_train=[0, 1, 2, 3, 4, 5, 6]
[cpazmal] loading from cache (max_groups_per_class=None)
[cpazmal] loading from cache (max_groups_per_class=None)
[cpazmal] loading from cache (max_groups_per_class=None)
[cpazmal] loading from cache (max_groups_per_class=None)
[13:55:33] [load] fold=None seed=43 T=29 aggregate_days=None window_size=9 samples_per_step=48 n_train=105 (cap=105) n_test=175 (cap=175) classes_train=[0, 1, 2, 3, 4, 5, 6]
[13:55:34] [load] fold=None seed=43 T=29 aggregate_days=None window_size=9 samples_per_step=48 n_train=105 (cap=105) n_test=175 (cap=175) classes_train=[0, 1, 2, 3, 4, 5, 6]
[13:55:34] [load] fold=None seed=43 T=29 aggregate_days=None window_size=9 samples_per_step=48 n_train=105 (cap=105) n_test=175 (cap=175) classes_train=[0, 1, 2, 3, 4, 5, 6]
[13:55:35] [load] fold=None seed=43 T=29 aggregate_days=None window_size=9 samples_per_step=48 n_train=105 (cap=105) n_test=175 (cap=175) classes_train=[0, 1, 2, 3, 4, 5, 6]
/home/mgallet/Documents/Codes/Python/3_DEVELOPPEMENT/WaSPS-DTW/WaSPS-DTW/.venv/lib/python3.13/site-packages/joblib/externals/loky/process_executor.py:782: UserWarning: A worker stopped while some jobs were given to the executor. This can be caused by a too short worker timeout or by a memory leak.
  warnings.warn(
[cpazmal] loading from cache (max_groups_per_class=None)
[cpazmal] loading from cache (max_groups_per_class=None)
[cpazmal] loading from cache (max_groups_per_class=None)
[cpazmal] loading from cache (max_groups_per_class=None)
[13:55:42] [load] fold=None seed=44 T=29 aggregate_days=None window_size=9 samples_per_step=48 n_train=105 (cap=105) n_test=175 (cap=175) classes_train=[0, 1, 2, 3, 4, 5, 6]
[13:55:42] [load] fold=None seed=44 T=29 aggregate_days=None window_size=9 samples_per_step=48 n_train=105 (cap=105) n_test=175 (cap=175) classes_train=[0, 1, 2, 3, 4, 5, 6]
[13:55:42] [load] fold=None seed=44 T=29 aggregate_days=None window_size=9 samples_per_step=48 n_train=105 (cap=105) n_test=175 (cap=175) classes_train=[0, 1, 2, 3, 4, 5, 6]
[13:55:44] [load] fold=None seed=44 T=29 aggregate_days=None window_size=9 samples_per_step=48 n_train=105 (cap=105) n_test=175 (cap=175) classes_train=[0, 1, 2, 3, 4, 5, 6]
/home/mgallet/Documents/Codes/Python/3_DEVELOPPEMENT/WaSPS-DTW/WaSPS-DTW/.venv/lib/python3.13/site-packages/joblib/externals/loky/process_executor.py:782: UserWarning: A worker stopped while some jobs were given to the executor. This can be caused by a too short worker timeout or by a memory leak.
  warnings.warn(
[Parallel(n_jobs=4)]: Done   1 tasks      | elapsed:   26.6s
[cpazmal] loading from cache (max_groups_per_class=None)
[Parallel(n_jobs=4)]: Done   2 out of   7 | elapsed:   27.1s remaining:  1.1min
[cpazmal] loading from cache (max_groups_per_class=None)
[Parallel(n_jobs=4)]: Done   3 out of   7 | elapsed:   27.1s remaining:   36.2s
[cpazmal] loading from cache (max_groups_per_class=None)
[Parallel(n_jobs=4)]: Done   4 out of   7 | elapsed:   27.6s remaining:   20.7s
[13:55:50] [load] fold=None seed=42 T=29 aggregate_days=None window_size=9 samples_per_step=48 n_train=105 (cap=105) n_test=175 (cap=175) classes_train=[0, 1, 2, 3, 4, 5, 6]
[13:55:51] [load] fold=None seed=42 T=29 aggregate_days=None window_size=9 samples_per_step=48 n_train=105 (cap=105) n_test=175 (cap=175) classes_train=[0, 1, 2, 3, 4, 5, 6]
[13:55:51] [load] fold=None seed=42 T=29 aggregate_days=None window_size=9 samples_per_step=48 n_train=105 (cap=105) n_test=175 (cap=175) classes_train=[0, 1, 2, 3, 4, 5, 6]
[cpazmal] loading from cache (max_groups_per_class=None)
[cpazmal] loading from cache (max_groups_per_class=None)
[cpazmal] loading from cache (max_groups_per_class=None)
[13:55:59] [load] fold=None seed=43 T=29 aggregate_days=None window_size=9 samples_per_step=48 n_train=105 (cap=105) n_test=175 (cap=175) classes_train=[0, 1, 2, 3, 4, 5, 6]
[13:56:00] [load] fold=None seed=43 T=29 aggregate_days=None window_size=9 samples_per_step=48 n_train=105 (cap=105) n_test=175 (cap=175) classes_train=[0, 1, 2, 3, 4, 5, 6]
[cpazmal] loading from cache (max_groups_per_class=None)
[13:56:01] [load] fold=None seed=43 T=29 aggregate_days=None window_size=9 samples_per_step=48 n_train=105 (cap=105) n_test=175 (cap=175) classes_train=[0, 1, 2, 3, 4, 5, 6]
[cpazmal] loading from cache (max_groups_per_class=None)
[cpazmal] loading from cache (max_groups_per_class=None)
[13:56:06] [load] fold=None seed=44 T=29 aggregate_days=None window_size=9 samples_per_step=48 n_train=105 (cap=105) n_test=175 (cap=175) classes_train=[0, 1, 2, 3, 4, 5, 6]
[13:56:07] [load] fold=None seed=44 T=29 aggregate_days=None window_size=9 samples_per_step=48 n_train=105 (cap=105) n_test=175 (cap=175) classes_train=[0, 1, 2, 3, 4, 5, 6]
[Parallel(n_jobs=4)]: Done   5 out of   7 | elapsed:   49.4s remaining:   19.8s
[13:56:08] [load] fold=None seed=44 T=29 aggregate_days=None window_size=9 samples_per_step=48 n_train=105 (cap=105) n_test=175 (cap=175) classes_train=[0, 1, 2, 3, 4, 5, 6]
[Parallel(n_jobs=4)]: Done   7 out of   7 | elapsed:   50.8s finished
[13:56:09] [grid_bary] eucl_params_nodiv: best lr=0.05 gamma=1 f1=0.360 (3/3 runs)
[Parallel(n_jobs=4)]: Using backend LokyBackend with 4 concurrent workers.
[cpazmal] loading from cache (max_groups_per_class=None)
[cpazmal] loading from cache (max_groups_per_class=None)
[cpazmal] loading from cache (max_groups_per_class=None)
[cpazmal] loading from cache (max_groups_per_class=None)
[13:56:16] [load] fold=None seed=42 T=29 aggregate_days=None window_size=9 samples_per_step=48 n_train=105 (cap=105) n_test=175 (cap=175) classes_train=[0, 1, 2, 3, 4, 5, 6]
[13:56:16] [load] fold=None seed=42 T=29 aggregate_days=None window_size=9 samples_per_step=48 n_train=105 (cap=105) n_test=175 (cap=175) classes_train=[0, 1, 2, 3, 4, 5, 6]
[13:56:16] [load] fold=None seed=42 T=29 aggregate_days=None window_size=9 samples_per_step=48 n_train=105 (cap=105) n_test=175 (cap=175) classes_train=[0, 1, 2, 3, 4, 5, 6]
[13:56:16] [load] fold=None seed=42 T=29 aggregate_days=None window_size=9 samples_per_step=48 n_train=105 (cap=105) n_test=175 (cap=175) classes_train=[0, 1, 2, 3, 4, 5, 6]
[cpazmal] loading from cache (max_groups_per_class=None)
[cpazmal] loading from cache (max_groups_per_class=None)
[cpazmal] loading from cache (max_groups_per_class=None)
[cpazmal] loading from cache (max_groups_per_class=None)
[13:56:27] [load] fold=None seed=43 T=29 aggregate_days=None window_size=9 samples_per_step=48 n_train=105 (cap=105) n_test=175 (cap=175) classes_train=[0, 1, 2, 3, 4, 5, 6]
[13:56:27] [load] fold=None seed=43 T=29 aggregate_days=None window_size=9 samples_per_step=48 n_train=105 (cap=105) n_test=175 (cap=175) classes_train=[0, 1, 2, 3, 4, 5, 6]
[13:56:28] [load] fold=None seed=43 T=29 aggregate_days=None window_size=9 samples_per_step=48 n_train=105 (cap=105) n_test=175 (cap=175) classes_train=[0, 1, 2, 3, 4, 5, 6]
[13:56:29] [load] fold=None seed=43 T=29 aggregate_days=None window_size=9 samples_per_step=48 n_train=105 (cap=105) n_test=175 (cap=175) classes_train=[0, 1, 2, 3, 4, 5, 6]
[cpazmal] loading from cache (max_groups_per_class=None)
[cpazmal] loading from cache (max_groups_per_class=None)
[cpazmal] loading from cache (max_groups_per_class=None)
[cpazmal] loading from cache (max_groups_per_class=None)
[13:56:36] [load] fold=None seed=44 T=29 aggregate_days=None window_size=9 samples_per_step=48 n_train=105 (cap=105) n_test=175 (cap=175) classes_train=[0, 1, 2, 3, 4, 5, 6]
[13:56:37] [load] fold=None seed=44 T=29 aggregate_days=None window_size=9 samples_per_step=48 n_train=105 (cap=105) n_test=175 (cap=175) classes_train=[0, 1, 2, 3, 4, 5, 6]
[13:56:37] [load] fold=None seed=44 T=29 aggregate_days=None window_size=9 samples_per_step=48 n_train=105 (cap=105) n_test=175 (cap=175) classes_train=[0, 1, 2, 3, 4, 5, 6]
[13:56:38] [load] fold=None seed=44 T=29 aggregate_days=None window_size=9 samples_per_step=48 n_train=105 (cap=105) n_test=175 (cap=175) classes_train=[0, 1, 2, 3, 4, 5, 6]
[cpazmal] loading from cache (max_groups_per_class=None)
[Parallel(n_jobs=4)]: Done   1 tasks      | elapsed:   30.7s
[Parallel(n_jobs=4)]: Done   2 out of   7 | elapsed:   31.2s remaining:  1.3min
[cpazmal] loading from cache (max_groups_per_class=None)
[Parallel(n_jobs=4)]: Done   3 out of   7 | elapsed:   31.3s remaining:   41.7s
[cpazmal] loading from cache (max_groups_per_class=None)
[Parallel(n_jobs=4)]: Done   4 out of   7 | elapsed:   31.5s remaining:   23.6s
[13:56:46] [load] fold=None seed=42 T=29 aggregate_days=None window_size=9 samples_per_step=48 n_train=105 (cap=105) n_test=175 (cap=175) classes_train=[0, 1, 2, 3, 4, 5, 6]
[13:56:46] [load] fold=None seed=42 T=29 aggregate_days=None window_size=9 samples_per_step=48 n_train=105 (cap=105) n_test=175 (cap=175) classes_train=[0, 1, 2, 3, 4, 5, 6]
[13:56:46] [load] fold=None seed=42 T=29 aggregate_days=None window_size=9 samples_per_step=48 n_train=105 (cap=105) n_test=175 (cap=175) classes_train=[0, 1, 2, 3, 4, 5, 6]
[cpazmal] loading from cache (max_groups_per_class=None)
[cpazmal] loading from cache (max_groups_per_class=None)
[cpazmal] loading from cache (max_groups_per_class=None)
[13:56:55] [load] fold=None seed=43 T=29 aggregate_days=None window_size=9 samples_per_step=48 n_train=105 (cap=105) n_test=175 (cap=175) classes_train=[0, 1, 2, 3, 4, 5, 6]
[13:56:55] [load] fold=None seed=43 T=29 aggregate_days=None window_size=9 samples_per_step=48 n_train=105 (cap=105) n_test=175 (cap=175) classes_train=[0, 1, 2, 3, 4, 5, 6]
[13:56:57] [load] fold=None seed=43 T=29 aggregate_days=None window_size=9 samples_per_step=48 n_train=105 (cap=105) n_test=175 (cap=175) classes_train=[0, 1, 2, 3, 4, 5, 6]
[cpazmal] loading from cache (max_groups_per_class=None)
[cpazmal] loading from cache (max_groups_per_class=None)
[cpazmal] loading from cache (max_groups_per_class=None)
[13:57:03] [load] fold=None seed=44 T=29 aggregate_days=None window_size=9 samples_per_step=48 n_train=105 (cap=105) n_test=175 (cap=175) classes_train=[0, 1, 2, 3, 4, 5, 6]
[13:57:03] [load] fold=None seed=44 T=29 aggregate_days=None window_size=9 samples_per_step=48 n_train=105 (cap=105) n_test=175 (cap=175) classes_train=[0, 1, 2, 3, 4, 5, 6]
[Parallel(n_jobs=4)]: Done   5 out of   7 | elapsed:   55.5s remaining:   22.2s
[13:57:05] [load] fold=None seed=44 T=29 aggregate_days=None window_size=9 samples_per_step=48 n_train=105 (cap=105) n_test=175 (cap=175) classes_train=[0, 1, 2, 3, 4, 5, 6]
[Parallel(n_jobs=4)]: Done   7 out of   7 | elapsed:   57.8s finished
[13:57:07] [grid_bary] eucl_raw: best lr=0.05 gamma=0.0001 f1=0.681 (3/3 runs)
[Parallel(n_jobs=4)]: Using backend LokyBackend with 4 concurrent workers.
[cpazmal] loading from cache (max_groups_per_class=None)
[cpazmal] loading from cache (max_groups_per_class=None)
[cpazmal] loading from cache (max_groups_per_class=None)
[cpazmal] loading from cache (max_groups_per_class=None)
[13:57:13] [load] fold=None seed=42 T=29 aggregate_days=None window_size=9 samples_per_step=48 n_train=105 (cap=105) n_test=175 (cap=175) classes_train=[0, 1, 2, 3, 4, 5, 6]
[13:57:13] [load] fold=None seed=42 T=29 aggregate_days=None window_size=9 samples_per_step=48 n_train=105 (cap=105) n_test=175 (cap=175) classes_train=[0, 1, 2, 3, 4, 5, 6]
[13:57:13] [load] fold=None seed=42 T=29 aggregate_days=None window_size=9 samples_per_step=48 n_train=105 (cap=105) n_test=175 (cap=175) classes_train=[0, 1, 2, 3, 4, 5, 6]
[13:57:14] [load] fold=None seed=42 T=29 aggregate_days=None window_size=9 samples_per_step=48 n_train=105 (cap=105) n_test=175 (cap=175) classes_train=[0, 1, 2, 3, 4, 5, 6]
[cpazmal] loading from cache (max_groups_per_class=None)
[cpazmal] loading from cache (max_groups_per_class=None)
[cpazmal] loading from cache (max_groups_per_class=None)
[cpazmal] loading from cache (max_groups_per_class=None)
[13:57:22] [load] fold=None seed=43 T=29 aggregate_days=None window_size=9 samples_per_step=48 n_train=105 (cap=105) n_test=175 (cap=175) classes_train=[0, 1, 2, 3, 4, 5, 6]
[13:57:23] [load] fold=None seed=43 T=29 aggregate_days=None window_size=9 samples_per_step=48 n_train=105 (cap=105) n_test=175 (cap=175) classes_train=[0, 1, 2, 3, 4, 5, 6]
[13:57:23] [load] fold=None seed=43 T=29 aggregate_days=None window_size=9 samples_per_step=48 n_train=105 (cap=105) n_test=175 (cap=175) classes_train=[0, 1, 2, 3, 4, 5, 6]
[13:57:24] [load] fold=None seed=43 T=29 aggregate_days=None window_size=9 samples_per_step=48 n_train=105 (cap=105) n_test=175 (cap=175) classes_train=[0, 1, 2, 3, 4, 5, 6]
[cpazmal] loading from cache (max_groups_per_class=None)
[cpazmal] loading from cache (max_groups_per_class=None)
[cpazmal] loading from cache (max_groups_per_class=None)
[cpazmal] loading from cache (max_groups_per_class=None)
[13:57:31] [load] fold=None seed=44 T=29 aggregate_days=None window_size=9 samples_per_step=48 n_train=105 (cap=105) n_test=175 (cap=175) classes_train=[0, 1, 2, 3, 4, 5, 6]
[13:57:31] [load] fold=None seed=44 T=29 aggregate_days=None window_size=9 samples_per_step=48 n_train=105 (cap=105) n_test=175 (cap=175) classes_train=[0, 1, 2, 3, 4, 5, 6]
[13:57:32] [load] fold=None seed=44 T=29 aggregate_days=None window_size=9 samples_per_step=48 n_train=105 (cap=105) n_test=175 (cap=175) classes_train=[0, 1, 2, 3, 4, 5, 6]
[Parallel(n_jobs=4)]: Done   1 tasks      | elapsed:   25.1s
[cpazmal] loading from cache (max_groups_per_class=None)
[13:57:32] [load] fold=None seed=44 T=29 aggregate_days=None window_size=9 samples_per_step=48 n_train=105 (cap=105) n_test=175 (cap=175) classes_train=[0, 1, 2, 3, 4, 5, 6]
[cpazmal] loading from cache (max_groups_per_class=None)
[Parallel(n_jobs=4)]: Done   2 out of   7 | elapsed:   26.4s remaining:  1.1min
/home/mgallet/Documents/Codes/Python/3_DEVELOPPEMENT/WaSPS-DTW/WaSPS-DTW/.venv/lib/python3.13/site-packages/joblib/externals/loky/process_executor.py:782: UserWarning: A worker stopped while some jobs were given to the executor. This can be caused by a too short worker timeout or by a memory leak.
  warnings.warn(
[Parallel(n_jobs=4)]: Done   3 out of   7 | elapsed:   27.3s remaining:   36.4s
[cpazmal] loading from cache (max_groups_per_class=None)
[Parallel(n_jobs=4)]: Done   4 out of   7 | elapsed:   28.3s remaining:   21.2s
[13:57:39] [load] fold=None seed=42 T=29 aggregate_days=None window_size=9 samples_per_step=48 n_train=105 (cap=105) n_test=175 (cap=175) classes_train=[0, 1, 2, 3, 4, 5, 6]
[13:57:39] [load] fold=None seed=42 T=29 aggregate_days=None window_size=9 samples_per_step=48 n_train=105 (cap=105) n_test=175 (cap=175) classes_train=[0, 1, 2, 3, 4, 5, 6]
[13:57:40] [load] fold=None seed=42 T=29 aggregate_days=None window_size=9 samples_per_step=48 n_train=105 (cap=105) n_test=175 (cap=175) classes_train=[0, 1, 2, 3, 4, 5, 6]
[cpazmal] loading from cache (max_groups_per_class=None)
[cpazmal] loading from cache (max_groups_per_class=None)
[cpazmal] loading from cache (max_groups_per_class=None)
[13:57:47] [load] fold=None seed=43 T=29 aggregate_days=None window_size=9 samples_per_step=48 n_train=105 (cap=105) n_test=175 (cap=175) classes_train=[0, 1, 2, 3, 4, 5, 6]
[13:57:47] [load] fold=None seed=43 T=29 aggregate_days=None window_size=9 samples_per_step=48 n_train=105 (cap=105) n_test=175 (cap=175) classes_train=[0, 1, 2, 3, 4, 5, 6]
[cpazmal] loading from cache (max_groups_per_class=None)
[cpazmal] loading from cache (max_groups_per_class=None)
[13:57:49] [load] fold=None seed=43 T=29 aggregate_days=None window_size=9 samples_per_step=48 n_train=105 (cap=105) n_test=175 (cap=175) classes_train=[0, 1, 2, 3, 4, 5, 6]
/home/mgallet/Documents/Codes/Python/3_DEVELOPPEMENT/WaSPS-DTW/WaSPS-DTW/.venv/lib/python3.13/site-packages/joblib/externals/loky/process_executor.py:782: UserWarning: A worker stopped while some jobs were given to the executor. This can be caused by a too short worker timeout or by a memory leak.
  warnings.warn(
[cpazmal] loading from cache (max_groups_per_class=None)
[13:57:54] [load] fold=None seed=44 T=29 aggregate_days=None window_size=9 samples_per_step=48 n_train=105 (cap=105) n_test=175 (cap=175) classes_train=[0, 1, 2, 3, 4, 5, 6]
[13:57:55] [load] fold=None seed=44 T=29 aggregate_days=None window_size=9 samples_per_step=48 n_train=105 (cap=105) n_test=175 (cap=175) classes_train=[0, 1, 2, 3, 4, 5, 6]
[Parallel(n_jobs=4)]: Done   5 out of   7 | elapsed:   48.9s remaining:   19.6s
[13:57:57] [load] fold=None seed=44 T=29 aggregate_days=None window_size=9 samples_per_step=48 n_train=105 (cap=105) n_test=175 (cap=175) classes_train=[0, 1, 2, 3, 4, 5, 6]
[Parallel(n_jobs=4)]: Done   7 out of   7 | elapsed:   51.9s finished
[13:57:59] [grid_bary] eucl_raw_nodiv: best lr=0.05 gamma=0.0001 f1=0.681 (3/3 runs)
[13:57:59] [optimize_gamma/cpazmal] barycenter: sta @ reduced scale {'samples_per_step': 8, 'max_train_per_class': 3, 'max_test_per_class': 1}, n_jobs=2
[Parallel(n_jobs=2)]: Using backend LokyBackend with 2 concurrent workers.
[cpazmal] loading from cache (max_groups_per_class=None)
[cpazmal] loading from cache (max_groups_per_class=None)
[13:58:07] [load] fold=None seed=42 T=29 aggregate_days=None window_size=9 samples_per_step=8 n_train=21 (cap=21) n_test=7 (cap=7) classes_train=[0, 1, 2, 3, 6]
[13:58:07] [load] fold=None seed=42 T=29 aggregate_days=None window_size=9 samples_per_step=8 n_train=21 (cap=21) n_test=7 (cap=7) classes_train=[0, 1, 2, 3, 6]
[cpazmal] loading from cache (max_groups_per_class=None)
[cpazmal] loading from cache (max_groups_per_class=None)
[13:58:28] [load] fold=None seed=43 T=29 aggregate_days=None window_size=9 samples_per_step=8 n_train=21 (cap=21) n_test=7 (cap=7) classes_train=[0, 1, 2, 3, 6]
[13:58:29] [load] fold=None seed=43 T=29 aggregate_days=None window_size=9 samples_per_step=8 n_train=21 (cap=21) n_test=7 (cap=7) classes_train=[0, 1, 2, 3, 6]
[cpazmal] loading from cache (max_groups_per_class=None)
[cpazmal] loading from cache (max_groups_per_class=None)
[13:58:47] [load] fold=None seed=44 T=29 aggregate_days=None window_size=9 samples_per_step=8 n_train=21 (cap=21) n_test=7 (cap=7) classes_train=[0, 1, 2, 3, 6]
[13:58:47] [load] fold=None seed=44 T=29 aggregate_days=None window_size=9 samples_per_step=8 n_train=21 (cap=21) n_test=7 (cap=7) classes_train=[0, 1, 2, 3, 6]
[Parallel(n_jobs=2)]: Done   1 tasks      | elapsed:  1.0min
[cpazmal] loading from cache (max_groups_per_class=None)
[cpazmal] loading from cache (max_groups_per_class=None)
[13:59:06] [load] fold=None seed=42 T=29 aggregate_days=None window_size=9 samples_per_step=8 n_train=21 (cap=21) n_test=7 (cap=7) classes_train=[0, 1, 2, 3, 6]
[13:59:06] [load] fold=None seed=42 T=29 aggregate_days=None window_size=9 samples_per_step=8 n_train=21 (cap=21) n_test=7 (cap=7) classes_train=[0, 1, 2, 3, 6]
[cpazmal] loading from cache (max_groups_per_class=None)
[cpazmal] loading from cache (max_groups_per_class=None)
[13:59:25] [load] fold=None seed=43 T=29 aggregate_days=None window_size=9 samples_per_step=8 n_train=21 (cap=21) n_test=7 (cap=7) classes_train=[0, 1, 2, 3, 6]
[13:59:25] [load] fold=None seed=43 T=29 aggregate_days=None window_size=9 samples_per_step=8 n_train=21 (cap=21) n_test=7 (cap=7) classes_train=[0, 1, 2, 3, 6]
[cpazmal] loading from cache (max_groups_per_class=None)
[cpazmal] loading from cache (max_groups_per_class=None)
[13:59:44] [load] fold=None seed=44 T=29 aggregate_days=None window_size=9 samples_per_step=8 n_train=21 (cap=21) n_test=7 (cap=7) classes_train=[0, 1, 2, 3, 6]
[13:59:44] [load] fold=None seed=44 T=29 aggregate_days=None window_size=9 samples_per_step=8 n_train=21 (cap=21) n_test=7 (cap=7) classes_train=[0, 1, 2, 3, 6]
[cpazmal] loading from cache (max_groups_per_class=None)
[Parallel(n_jobs=2)]: Done   4 tasks      | elapsed:  2.0min
[cpazmal] loading from cache (max_groups_per_class=None)
[14:00:03] [load] fold=None seed=42 T=29 aggregate_days=None window_size=9 samples_per_step=8 n_train=21 (cap=21) n_test=7 (cap=7) classes_train=[0, 1, 2, 3, 6]
[14:00:03] [load] fold=None seed=42 T=29 aggregate_days=None window_size=9 samples_per_step=8 n_train=21 (cap=21) n_test=7 (cap=7) classes_train=[0, 1, 2, 3, 6]
[cpazmal] loading from cache (max_groups_per_class=None)
[cpazmal] loading from cache (max_groups_per_class=None)
[14:00:22] [load] fold=None seed=43 T=29 aggregate_days=None window_size=9 samples_per_step=8 n_train=21 (cap=21) n_test=7 (cap=7) classes_train=[0, 1, 2, 3, 6]
[14:00:23] [load] fold=None seed=43 T=29 aggregate_days=None window_size=9 samples_per_step=8 n_train=21 (cap=21) n_test=7 (cap=7) classes_train=[0, 1, 2, 3, 6]
[cpazmal] loading from cache (max_groups_per_class=None)
[cpazmal] loading from cache (max_groups_per_class=None)
[14:00:41] [load] fold=None seed=44 T=29 aggregate_days=None window_size=9 samples_per_step=8 n_train=21 (cap=21) n_test=7 (cap=7) classes_train=[0, 1, 2, 3, 6]
[14:00:42] [load] fold=None seed=44 T=29 aggregate_days=None window_size=9 samples_per_step=8 n_train=21 (cap=21) n_test=7 (cap=7) classes_train=[0, 1, 2, 3, 6]
[Parallel(n_jobs=2)]: Done   5 out of   7 | elapsed:  2.9min remaining:  1.2min
[cpazmal] loading from cache (max_groups_per_class=None)
[14:01:00] [load] fold=None seed=42 T=29 aggregate_days=None window_size=9 samples_per_step=8 n_train=21 (cap=21) n_test=7 (cap=7) classes_train=[0, 1, 2, 3, 6]
[cpazmal] loading from cache (max_groups_per_class=None)
[14:01:17] [load] fold=None seed=43 T=29 aggregate_days=None window_size=9 samples_per_step=8 n_train=21 (cap=21) n_test=7 (cap=7) classes_train=[0, 1, 2, 3, 6]
[cpazmal] loading from cache (max_groups_per_class=None)
[14:01:33] [load] fold=None seed=44 T=29 aggregate_days=None window_size=9 samples_per_step=8 n_train=21 (cap=21) n_test=7 (cap=7) classes_train=[0, 1, 2, 3, 6]
/home/mgallet/Documents/Codes/Python/3_DEVELOPPEMENT/WaSPS-DTW/WaSPS-DTW/.venv/lib/python3.13/site-packages/joblib/externals/loky/process_executor.py:782: UserWarning: A worker stopped while some jobs were given to the executor. This can be caused by a too short worker timeout or by a memory leak.
  warnings.warn(
[Parallel(n_jobs=2)]: Done   7 out of   7 | elapsed:  3.8min finished
[14:01:45] [grid_bary] sta: best lr=0.05 gamma=0.0001 f1=0.368 (3/3 runs)
[14:01:45] ===== optimize_gamma done =====
