===== 2026-07-10 00:01:25 full_baseline_sweep starting =====
----- 00:01:25 dataset=river gamma=1.0e-2 starting -----
[00:01:27] ===== full_baseline config=configs/full_baseline.yaml seed=42 n_jobs=4 dataset=river gamma=0.01 force=False debug=True verbose=True =====
[00:01:27] methods=['wasps', 'wasps_nodiv', 'eucl_params', 'eucl_params_nodiv', 'eucl_raw', 'eucl_raw_nodiv', 'sta'] n_seeds=4 estimator=log_cumulant
[00:01:27] [full_baseline/river] gamma=0.01 computing methods=['wasps', 'wasps_nodiv', 'eucl_params', 'eucl_params_nodiv', 'eucl_raw', 'eucl_raw_nodiv', 'sta']
[00:01:27] [full_baseline/river] gamma=0.01 method=wasps starting batch (4 seeds, n_jobs=4)
[Parallel(n_jobs=4)]: Using backend LokyBackend with 4 concurrent workers.
[00:01:29] [load] fold=None seed=42 T=52 aggregate_days=7 window_size=None samples_per_step=48 n_train=40 (cap=40) n_test=80 (cap=80) classes_train=[0, 1, 4, 5]
[00:01:29]   [river] gamma=0.01 method=wasps seed=42 data loaded in 0.63s rss=468MB (n_train=40 n_test=80)
[00:01:29] [load] fold=None seed=45 T=52 aggregate_days=7 window_size=None samples_per_step=48 n_train=40 (cap=40) n_test=80 (cap=80) classes_train=[0, 1, 4, 5]
[00:01:29]   [river] gamma=0.01 method=wasps seed=45 data loaded in 0.63s rss=468MB (n_train=40 n_test=80)
[00:01:29] [load] fold=None seed=43 T=52 aggregate_days=7 window_size=None samples_per_step=48 n_train=40 (cap=40) n_test=80 (cap=80) classes_train=[0, 1, 4, 5]
[00:01:29]   [river] gamma=0.01 method=wasps seed=43 data loaded in 0.66s rss=469MB (n_train=40 n_test=80)
[00:01:29] [load] fold=None seed=44 T=52 aggregate_days=7 window_size=None samples_per_step=48 n_train=40 (cap=40) n_test=80 (cap=80) classes_train=[0, 1, 4, 5]
[00:01:29]   [river] gamma=0.01 method=wasps seed=44 data loaded in 0.64s rss=468MB (n_train=40 n_test=80)
[warn] build_repr: dropped 2/40 series with NaN params (timesteps where log_cumulant failed)
[warn] build_repr: dropped 2/40 series with NaN params (timesteps where log_cumulant failed)
[warn] build_repr: dropped 2/80 series with NaN params (timesteps where log_cumulant failed)
[warn] build_repr: dropped 1/80 series with NaN params (timesteps where log_cumulant failed)
[00:01:30]   [river] gamma=0.01 seed=42 finished wasps in 0.9s (f1=0.474)
[Parallel(n_jobs=4)]: Done   1 tasks      | elapsed:    3.4s
[00:01:30]   [river] gamma=0.01 seed=44 finished wasps in 0.9s (f1=0.495)
[Parallel(n_jobs=4)]: Done   2 out of   4 | elapsed:    3.5s remaining:    3.5s
[00:01:30]   [river] gamma=0.01 seed=43 finished wasps in 0.9s (f1=0.548)
[00:01:30]   [river] gamma=0.01 seed=45 finished wasps in 1.0s (f1=0.478)
[Parallel(n_jobs=4)]: Done   4 out of   4 | elapsed:    3.5s finished
[00:01:31] [full_baseline/river] gamma=0.01 method=wasps batch done in 3.5s peak_rss=2395MB (avg/job=599MB)
[00:01:31] [full_baseline/river] gamma=0.01 method=wasps_nodiv starting batch (4 seeds, n_jobs=4)
[Parallel(n_jobs=4)]: Using backend LokyBackend with 4 concurrent workers.
[00:01:33] [load] fold=None seed=44 T=52 aggregate_days=7 window_size=None samples_per_step=48 n_train=40 (cap=40) n_test=80 (cap=80) classes_train=[0, 1, 4, 5]
[00:01:33]   [river] gamma=0.01 method=wasps_nodiv seed=44 data loaded in 0.65s rss=469MB (n_train=40 n_test=80)
[00:01:33] [load] fold=None seed=42 T=52 aggregate_days=7 window_size=None samples_per_step=48 n_train=40 (cap=40) n_test=80 (cap=80) classes_train=[0, 1, 4, 5]
[00:01:33]   [river] gamma=0.01 method=wasps_nodiv seed=42 data loaded in 0.63s rss=468MB (n_train=40 n_test=80)
[00:01:33] [load] fold=None seed=43 T=52 aggregate_days=7 window_size=None samples_per_step=48 n_train=40 (cap=40) n_test=80 (cap=80) classes_train=[0, 1, 4, 5]
[00:01:33]   [river] gamma=0.01 method=wasps_nodiv seed=43 data loaded in 0.65s rss=468MB (n_train=40 n_test=80)
[00:01:33] [load] fold=None seed=45 T=52 aggregate_days=7 window_size=None samples_per_step=48 n_train=40 (cap=40) n_test=80 (cap=80) classes_train=[0, 1, 4, 5]
[00:01:33]   [river] gamma=0.01 method=wasps_nodiv seed=45 data loaded in 0.65s rss=468MB (n_train=40 n_test=80)
[warn] build_repr: dropped 2/40 series with NaN params (timesteps where log_cumulant failed)
[warn] build_repr: dropped 2/40 series with NaN params (timesteps where log_cumulant failed)
[warn] build_repr: dropped 1/80 series with NaN params (timesteps where log_cumulant failed)
[warn] build_repr: dropped 2/80 series with NaN params (timesteps where log_cumulant failed)
[00:01:34]   [river] gamma=0.01 seed=42 finished wasps_nodiv in 0.5s (f1=0.483)
[Parallel(n_jobs=4)]: Done   1 tasks      | elapsed:    3.1s
[00:01:34]   [river] gamma=0.01 seed=44 finished wasps_nodiv in 0.6s (f1=0.512)
[Parallel(n_jobs=4)]: Done   2 out of   4 | elapsed:    3.1s remaining:    3.1s
[00:01:34]   [river] gamma=0.01 seed=43 finished wasps_nodiv in 0.6s (f1=0.530)
[00:01:34]   [river] gamma=0.01 seed=45 finished wasps_nodiv in 0.6s (f1=0.458)
[Parallel(n_jobs=4)]: Done   4 out of   4 | elapsed:    3.1s finished
[00:01:35] [full_baseline/river] gamma=0.01 method=wasps_nodiv batch done in 3.2s peak_rss=2417MB (avg/job=604MB)
[00:01:35] [full_baseline/river] gamma=0.01 method=eucl_params starting batch (4 seeds, n_jobs=4)
[Parallel(n_jobs=4)]: Using backend LokyBackend with 4 concurrent workers.
[00:01:37] [load] fold=None seed=43 T=52 aggregate_days=7 window_size=None samples_per_step=48 n_train=40 (cap=40) n_test=80 (cap=80) classes_train=[0, 1, 4, 5]
[00:01:37]   [river] gamma=0.01 method=eucl_params seed=43 data loaded in 0.64s rss=466MB (n_train=40 n_test=80)
[00:01:37] [load] fold=None seed=42 T=52 aggregate_days=7 window_size=None samples_per_step=48 n_train=40 (cap=40) n_test=80 (cap=80) classes_train=[0, 1, 4, 5]
[00:01:37]   [river] gamma=0.01 method=eucl_params seed=42 data loaded in 0.64s rss=465MB (n_train=40 n_test=80)
[00:01:37] [load] fold=None seed=45 T=52 aggregate_days=7 window_size=None samples_per_step=48 n_train=40 (cap=40) n_test=80 (cap=80) classes_train=[0, 1, 4, 5]
[00:01:37]   [river] gamma=0.01 method=eucl_params seed=45 data loaded in 0.65s rss=468MB (n_train=40 n_test=80)
[00:01:37] [load] fold=None seed=44 T=52 aggregate_days=7 window_size=None samples_per_step=48 n_train=40 (cap=40) n_test=80 (cap=80) classes_train=[0, 1, 4, 5]
[00:01:37]   [river] gamma=0.01 method=eucl_params seed=44 data loaded in 0.65s rss=469MB (n_train=40 n_test=80)
[warn] build_repr: dropped 2/40 series with NaN params (timesteps where log_cumulant failed)
[warn] build_repr: dropped 2/40 series with NaN params (timesteps where log_cumulant failed)
[warn] build_repr: dropped 2/80 series with NaN params (timesteps where log_cumulant failed)
[warn] build_repr: dropped 1/80 series with NaN params (timesteps where log_cumulant failed)
[00:01:38]   [river] gamma=0.01 seed=42 finished eucl_params in 0.8s (f1=0.436)
[Parallel(n_jobs=4)]: Done   1 tasks      | elapsed:    3.3s
[00:01:38]   [river] gamma=0.01 seed=44 finished eucl_params in 0.8s (f1=0.456)
[Parallel(n_jobs=4)]: Done   2 out of   4 | elapsed:    3.3s remaining:    3.3s
[00:01:38]   [river] gamma=0.01 seed=43 finished eucl_params in 0.8s (f1=0.333)
[00:01:38]   [river] gamma=0.01 seed=45 finished eucl_params in 0.9s (f1=0.304)
[Parallel(n_jobs=4)]: Done   4 out of   4 | elapsed:    3.4s finished
[00:01:39] [full_baseline/river] gamma=0.01 method=eucl_params batch done in 3.4s peak_rss=2428MB (avg/job=607MB)
[00:01:39] [full_baseline/river] gamma=0.01 method=eucl_params_nodiv starting batch (4 seeds, n_jobs=4)
[Parallel(n_jobs=4)]: Using backend LokyBackend with 4 concurrent workers.
[00:01:41] [load] fold=None seed=42 T=52 aggregate_days=7 window_size=None samples_per_step=48 n_train=40 (cap=40) n_test=80 (cap=80) classes_train=[0, 1, 4, 5]
[00:01:41]   [river] gamma=0.01 method=eucl_params_nodiv seed=42 data loaded in 0.63s rss=468MB (n_train=40 n_test=80)
[00:01:41] [load] fold=None seed=44 T=52 aggregate_days=7 window_size=None samples_per_step=48 n_train=40 (cap=40) n_test=80 (cap=80) classes_train=[0, 1, 4, 5]
[00:01:41]   [river] gamma=0.01 method=eucl_params_nodiv seed=44 data loaded in 0.63s rss=469MB (n_train=40 n_test=80)
[00:01:41] [load] fold=None seed=43 T=52 aggregate_days=7 window_size=None samples_per_step=48 n_train=40 (cap=40) n_test=80 (cap=80) classes_train=[0, 1, 4, 5]
[00:01:41]   [river] gamma=0.01 method=eucl_params_nodiv seed=43 data loaded in 0.64s rss=468MB (n_train=40 n_test=80)
[00:01:41] [load] fold=None seed=45 T=52 aggregate_days=7 window_size=None samples_per_step=48 n_train=40 (cap=40) n_test=80 (cap=80) classes_train=[0, 1, 4, 5]
[00:01:41]   [river] gamma=0.01 method=eucl_params_nodiv seed=45 data loaded in 0.63s rss=468MB (n_train=40 n_test=80)
[warn] build_repr: dropped 2/40 series with NaN params (timesteps where log_cumulant failed)
[warn] build_repr: dropped 2/40 series with NaN params (timesteps where log_cumulant failed)
[warn] build_repr: dropped 1/80 series with NaN params (timesteps where log_cumulant failed)
[warn] build_repr: dropped 2/80 series with NaN params (timesteps where log_cumulant failed)
[00:01:42]   [river] gamma=0.01 seed=42 finished eucl_params_nodiv in 0.5s (f1=0.285)
[Parallel(n_jobs=4)]: Done   1 tasks      | elapsed:    3.0s
[00:01:42]   [river] gamma=0.01 seed=44 finished eucl_params_nodiv in 0.5s (f1=0.456)
[Parallel(n_jobs=4)]: Done   2 out of   4 | elapsed:    3.0s remaining:    3.0s
[00:01:42]   [river] gamma=0.01 seed=43 finished eucl_params_nodiv in 0.5s (f1=0.333)
[00:01:42]   [river] gamma=0.01 seed=45 finished eucl_params_nodiv in 0.6s (f1=0.304)
[Parallel(n_jobs=4)]: Done   4 out of   4 | elapsed:    3.1s finished
[00:01:42] [full_baseline/river] gamma=0.01 method=eucl_params_nodiv batch done in 3.1s peak_rss=2431MB (avg/job=608MB)
[00:01:42] [full_baseline/river] gamma=0.01 method=eucl_raw starting batch (4 seeds, n_jobs=4)
[Parallel(n_jobs=4)]: Using backend LokyBackend with 4 concurrent workers.
[00:01:45] [load] fold=None seed=44 T=52 aggregate_days=7 window_size=None samples_per_step=48 n_train=40 (cap=40) n_test=80 (cap=80) classes_train=[0, 1, 4, 5]
[00:01:45]   [river] gamma=0.01 method=eucl_raw seed=44 data loaded in 0.65s rss=468MB (n_train=40 n_test=80)
[00:01:45] [load] fold=None seed=42 T=52 aggregate_days=7 window_size=None samples_per_step=48 n_train=40 (cap=40) n_test=80 (cap=80) classes_train=[0, 1, 4, 5]
[00:01:45]   [river] gamma=0.01 method=eucl_raw seed=42 data loaded in 0.63s rss=468MB (n_train=40 n_test=80)
[00:01:45] [load] fold=None seed=43 T=52 aggregate_days=7 window_size=None samples_per_step=48 n_train=40 (cap=40) n_test=80 (cap=80) classes_train=[0, 1, 4, 5]
[00:01:45]   [river] gamma=0.01 method=eucl_raw seed=43 data loaded in 0.65s rss=468MB (n_train=40 n_test=80)
[00:01:45] [load] fold=None seed=45 T=52 aggregate_days=7 window_size=None samples_per_step=48 n_train=40 (cap=40) n_test=80 (cap=80) classes_train=[0, 1, 4, 5]
[00:01:45]   [river] gamma=0.01 method=eucl_raw seed=45 data loaded in 0.65s rss=468MB (n_train=40 n_test=80)
[00:01:46]   [river] gamma=0.01 seed=44 finished eucl_raw in 0.8s (f1=0.396)
[Parallel(n_jobs=4)]: Done   1 tasks      | elapsed:    3.3s
[00:01:46]   [river] gamma=0.01 seed=42 finished eucl_raw in 0.8s (f1=0.462)
[Parallel(n_jobs=4)]: Done   2 out of   4 | elapsed:    3.3s remaining:    3.3s
[00:01:46]   [river] gamma=0.01 seed=43 finished eucl_raw in 0.8s (f1=0.349)
[00:01:46]   [river] gamma=0.01 seed=45 finished eucl_raw in 0.8s (f1=0.331)
[Parallel(n_jobs=4)]: Done   4 out of   4 | elapsed:    3.4s finished
[00:01:46] [full_baseline/river] gamma=0.01 method=eucl_raw batch done in 3.4s peak_rss=2431MB (avg/job=608MB)
[00:01:46] [full_baseline/river] gamma=0.01 method=eucl_raw_nodiv starting batch (4 seeds, n_jobs=4)
[Parallel(n_jobs=4)]: Using backend LokyBackend with 4 concurrent workers.
[00:01:49] [load] fold=None seed=44 T=52 aggregate_days=7 window_size=None samples_per_step=48 n_train=40 (cap=40) n_test=80 (cap=80) classes_train=[0, 1, 4, 5]
[00:01:49]   [river] gamma=0.01 method=eucl_raw_nodiv seed=44 data loaded in 0.62s rss=466MB (n_train=40 n_test=80)
[00:01:49] [load] fold=None seed=45 T=52 aggregate_days=7 window_size=None samples_per_step=48 n_train=40 (cap=40) n_test=80 (cap=80) classes_train=[0, 1, 4, 5]
[00:01:49]   [river] gamma=0.01 method=eucl_raw_nodiv seed=45 data loaded in 0.62s rss=468MB (n_train=40 n_test=80)
[00:01:49] [load] fold=None seed=42 T=52 aggregate_days=7 window_size=None samples_per_step=48 n_train=40 (cap=40) n_test=80 (cap=80) classes_train=[0, 1, 4, 5]
[00:01:49]   [river] gamma=0.01 method=eucl_raw_nodiv seed=42 data loaded in 0.65s rss=465MB (n_train=40 n_test=80)
[00:01:49] [load] fold=None seed=43 T=52 aggregate_days=7 window_size=None samples_per_step=48 n_train=40 (cap=40) n_test=80 (cap=80) classes_train=[0, 1, 4, 5]
[00:01:49]   [river] gamma=0.01 method=eucl_raw_nodiv seed=43 data loaded in 0.65s rss=467MB (n_train=40 n_test=80)
[00:01:49]   [river] gamma=0.01 seed=45 finished eucl_raw_nodiv in 0.5s (f1=0.100)
[Parallel(n_jobs=4)]: Done   1 tasks      | elapsed:    3.0s
[00:01:49]   [river] gamma=0.01 seed=44 finished eucl_raw_nodiv in 0.5s (f1=0.100)
[Parallel(n_jobs=4)]: Done   2 out of   4 | elapsed:    3.0s remaining:    3.0s
[00:01:49]   [river] gamma=0.01 seed=43 finished eucl_raw_nodiv in 0.5s (f1=0.349)
[00:01:49]   [river] gamma=0.01 seed=42 finished eucl_raw_nodiv in 0.5s (f1=0.462)
[Parallel(n_jobs=4)]: Done   4 out of   4 | elapsed:    3.0s finished
[00:01:50] [full_baseline/river] gamma=0.01 method=eucl_raw_nodiv batch done in 3.0s peak_rss=2430MB (avg/job=608MB)
[00:01:50] [full_baseline/river] gamma=0.01 method=sta starting batch (4 seeds, n_jobs=4)
[Parallel(n_jobs=4)]: Using backend LokyBackend with 4 concurrent workers.
[00:01:52] [load] fold=None seed=43 T=52 aggregate_days=7 window_size=None samples_per_step=48 n_train=40 (cap=40) n_test=80 (cap=80) classes_train=[0, 1, 4, 5]
[00:01:52]   [river] gamma=0.01 method=sta seed=43 data loaded in 0.62s rss=467MB (n_train=40 n_test=80)
[00:01:52] [load] fold=None seed=42 T=52 aggregate_days=7 window_size=None samples_per_step=48 n_train=40 (cap=40) n_test=80 (cap=80) classes_train=[0, 1, 4, 5]
[00:01:52]   [river] gamma=0.01 method=sta seed=42 data loaded in 0.67s rss=468MB (n_train=40 n_test=80)
[00:01:52] [load] fold=None seed=44 T=52 aggregate_days=7 window_size=None samples_per_step=48 n_train=40 (cap=40) n_test=80 (cap=80) classes_train=[0, 1, 4, 5]
[00:01:52]   [river] gamma=0.01 method=sta seed=44 data loaded in 0.65s rss=467MB (n_train=40 n_test=80)
[00:01:52] [load] fold=None seed=45 T=52 aggregate_days=7 window_size=None samples_per_step=48 n_train=40 (cap=40) n_test=80 (cap=80) classes_train=[0, 1, 4, 5]
[00:01:52]   [river] gamma=0.01 method=sta seed=45 data loaded in 0.65s rss=468MB (n_train=40 n_test=80)
/home/mgallet/Documents/Codes/Python/3_DEVELOPPEMENT/WaSPS-DTW/WaSPS-DTW/.venv/lib/python3.13/site-packages/joblib/externals/loky/backend/resource_tracker.py:359: UserWarning: resource_tracker: There appear to be 10 leaked semlock objects to clean up at shutdown
  warnings.warn(
/home/mgallet/Documents/Codes/Python/3_DEVELOPPEMENT/WaSPS-DTW/WaSPS-DTW/.venv/lib/python3.13/site-packages/joblib/externals/loky/backend/resource_tracker.py:359: UserWarning: resource_tracker: There appear to be 8 leaked folder objects to clean up at shutdown
  warnings.warn(
===== 2026-07-10 08:29:04 full_baseline_sweep starting =====
----- 08:29:04 dataset=river gamma=1.0e-2 starting -----
[08:29:06] ===== full_baseline config=configs/full_baseline.yaml seed=42 n_jobs=4 dataset=river gamma=0.01 force=False debug=True verbose=True =====
[08:29:06] methods=['wasps', 'wasps_nodiv', 'eucl_params', 'eucl_params_nodiv', 'eucl_raw', 'eucl_raw_nodiv', 'sta'] n_seeds=4 estimator=log_cumulant
[08:29:06] [full_baseline/river] gamma=0.01 computing methods=['sta']
[08:29:06] [full_baseline/river] gamma=0.01 method=sta starting batch (4 seeds, n_jobs=4)
[Parallel(n_jobs=4)]: Using backend LokyBackend with 4 concurrent workers.
[08:29:08] [load] fold=None seed=44 T=52 aggregate_days=7 window_size=None samples_per_step=48 n_train=40 (cap=40) n_test=80 (cap=80) classes_train=[0, 1, 4, 5]
[08:29:08]   [river] gamma=0.01 method=sta seed=44 data loaded in 0.64s rss=468MB (n_train=40 n_test=80)
[08:29:08] [load] fold=None seed=43 T=52 aggregate_days=7 window_size=None samples_per_step=48 n_train=40 (cap=40) n_test=80 (cap=80) classes_train=[0, 1, 4, 5]
[08:29:08]   [river] gamma=0.01 method=sta seed=43 data loaded in 0.65s rss=468MB (n_train=40 n_test=80)
[08:29:08] [load] fold=None seed=45 T=52 aggregate_days=7 window_size=None samples_per_step=48 n_train=40 (cap=40) n_test=80 (cap=80) classes_train=[0, 1, 4, 5]
[08:29:08]   [river] gamma=0.01 method=sta seed=45 data loaded in 0.66s rss=468MB (n_train=40 n_test=80)
[08:29:08] [load] fold=None seed=42 T=52 aggregate_days=7 window_size=None samples_per_step=48 n_train=40 (cap=40) n_test=80 (cap=80) classes_train=[0, 1, 4, 5]
[08:29:08]   [river] gamma=0.01 method=sta seed=42 data loaded in 0.66s rss=468MB (n_train=40 n_test=80)
[09:51:56]   [river] gamma=0.01 seed=44 finished sta in 4968.4s (f1=0.543)
[Parallel(n_jobs=4)]: Done   1 tasks      | elapsed: 82.8min
[09:51:58]   [river] gamma=0.01 seed=45 finished sta in 4969.8s (f1=0.559)
[Parallel(n_jobs=4)]: Done   2 out of   4 | elapsed: 82.9min remaining: 82.9min
[09:52:00]   [river] gamma=0.01 seed=42 finished sta in 4971.8s (f1=0.607)
[09:52:01]   [river] gamma=0.01 seed=43 finished sta in 4973.1s (f1=0.657)
[Parallel(n_jobs=4)]: Done   4 out of   4 | elapsed: 82.9min finished
[09:52:16] [full_baseline/river] gamma=0.01 method=sta batch done in 4975.6s peak_rss=23716MB (avg/job=5929MB)
[09:52:16] [full_baseline/river] eucl_params@g=0.01=0.382±0.065  eucl_params_nodiv@g=0.01=0.344±0.067  eucl_raw@g=0.01=0.385±0.051  eucl_raw_nodiv@g=0.01=0.253±0.158  sta@g=0.01=0.591±0.045  wasps@g=0.01=0.499±0.029  wasps_nodiv@g=0.01=0.496±0.027  eucl_params@g=1=0.426±0.065  eucl_params_nodiv@g=1=0.426±0.066  eucl_raw@g=1=0.405±0.047  eucl_raw_nodiv@g=1=0.399±0.045  sta@g=1=0.579±0.074  wasps@g=1=0.534±0.056  wasps_nodiv@g=1=0.492±0.041
[09:52:16] ===== full_baseline done =====
----- 09:52:17 dataset=river gamma=1.0e-2 done -----
----- 09:52:17 dataset=river gamma=1.0 starting -----
[09:52:19] ===== full_baseline config=configs/full_baseline.yaml seed=42 n_jobs=4 dataset=river gamma=1.0 force=False debug=True verbose=True =====
[09:52:19] methods=['wasps', 'wasps_nodiv', 'eucl_params', 'eucl_params_nodiv', 'eucl_raw', 'eucl_raw_nodiv', 'sta'] n_seeds=4 estimator=log_cumulant
[09:52:19] [full_baseline/river] gamma=1.0 already computed for all methods — skip (use --force to recompute)
[09:52:19] [full_baseline/river] eucl_params@g=0.01=0.382±0.065  eucl_params_nodiv@g=0.01=0.344±0.067  eucl_raw@g=0.01=0.385±0.051  eucl_raw_nodiv@g=0.01=0.253±0.158  sta@g=0.01=0.591±0.045  wasps@g=0.01=0.499±0.029  wasps_nodiv@g=0.01=0.496±0.027  eucl_params@g=1=0.426±0.065  eucl_params_nodiv@g=1=0.426±0.066  eucl_raw@g=1=0.405±0.047  eucl_raw_nodiv@g=1=0.399±0.045  sta@g=1=0.579±0.074  wasps@g=1=0.534±0.056  wasps_nodiv@g=1=0.492±0.041
[09:52:19] ===== full_baseline done =====
----- 09:52:19 dataset=river gamma=1.0 done -----
----- 09:52:19 dataset=river gamma=1.0e+2 starting -----
[09:52:21] ===== full_baseline config=configs/full_baseline.yaml seed=42 n_jobs=4 dataset=river gamma=100.0 force=False debug=True verbose=True =====
[09:52:21] methods=['wasps', 'wasps_nodiv', 'eucl_params', 'eucl_params_nodiv', 'eucl_raw', 'eucl_raw_nodiv', 'sta'] n_seeds=4 estimator=log_cumulant
[09:52:21] [full_baseline/river] gamma=100.0 computing methods=['wasps', 'wasps_nodiv', 'eucl_params', 'eucl_params_nodiv', 'eucl_raw', 'eucl_raw_nodiv', 'sta']
[09:52:21] [full_baseline/river] gamma=100.0 method=wasps starting batch (4 seeds, n_jobs=4)
[Parallel(n_jobs=4)]: Using backend LokyBackend with 4 concurrent workers.
[09:52:23] [load] fold=None seed=44 T=52 aggregate_days=7 window_size=None samples_per_step=48 n_train=40 (cap=40) n_test=80 (cap=80) classes_train=[0, 1, 4, 5]
[09:52:23]   [river] gamma=100.0 method=wasps seed=44 data loaded in 0.62s rss=467MB (n_train=40 n_test=80)
[09:52:23] [load] fold=None seed=43 T=52 aggregate_days=7 window_size=None samples_per_step=48 n_train=40 (cap=40) n_test=80 (cap=80) classes_train=[0, 1, 4, 5]
[09:52:23]   [river] gamma=100.0 method=wasps seed=43 data loaded in 0.62s rss=467MB (n_train=40 n_test=80)
[09:52:23] [load] fold=None seed=45 T=52 aggregate_days=7 window_size=None samples_per_step=48 n_train=40 (cap=40) n_test=80 (cap=80) classes_train=[0, 1, 4, 5]
[09:52:23]   [river] gamma=100.0 method=wasps seed=45 data loaded in 0.64s rss=468MB (n_train=40 n_test=80)
[warn] build_repr: dropped 2/40 series with NaN params (timesteps where log_cumulant failed)
[09:52:23] [load] fold=None seed=42 T=52 aggregate_days=7 window_size=None samples_per_step=48 n_train=40 (cap=40) n_test=80 (cap=80) classes_train=[0, 1, 4, 5]
[09:52:23]   [river] gamma=100.0 method=wasps seed=42 data loaded in 0.63s rss=468MB (n_train=40 n_test=80)
[warn] build_repr: dropped 2/40 series with NaN params (timesteps where log_cumulant failed)
[warn] build_repr: dropped 1/80 series with NaN params (timesteps where log_cumulant failed)
[warn] build_repr: dropped 2/80 series with NaN params (timesteps where log_cumulant failed)
[09:52:24]   [river] gamma=100.0 seed=44 finished wasps in 0.9s (f1=0.553)
[Parallel(n_jobs=4)]: Done   1 tasks      | elapsed:    3.4s
[09:52:24]   [river] gamma=100.0 seed=43 finished wasps in 0.9s (f1=0.543)
[Parallel(n_jobs=4)]: Done   2 out of   4 | elapsed:    3.4s remaining:    3.4s
[09:52:24]   [river] gamma=100.0 seed=45 finished wasps in 0.9s (f1=0.442)
[09:52:24]   [river] gamma=100.0 seed=42 finished wasps in 0.9s (f1=0.552)
[Parallel(n_jobs=4)]: Done   4 out of   4 | elapsed:    3.5s finished
[09:52:25] [full_baseline/river] gamma=100.0 method=wasps batch done in 3.5s peak_rss=2406MB (avg/job=602MB)
[09:52:25] [full_baseline/river] gamma=100.0 method=wasps_nodiv starting batch (4 seeds, n_jobs=4)
[Parallel(n_jobs=4)]: Using backend LokyBackend with 4 concurrent workers.
[09:52:27] [load] fold=None seed=42 T=52 aggregate_days=7 window_size=None samples_per_step=48 n_train=40 (cap=40) n_test=80 (cap=80) classes_train=[0, 1, 4, 5]
[09:52:27]   [river] gamma=100.0 method=wasps_nodiv seed=42 data loaded in 0.63s rss=468MB (n_train=40 n_test=80)
[09:52:27] [load] fold=None seed=44 T=52 aggregate_days=7 window_size=None samples_per_step=48 n_train=40 (cap=40) n_test=80 (cap=80) classes_train=[0, 1, 4, 5]
[09:52:27]   [river] gamma=100.0 method=wasps_nodiv seed=44 data loaded in 0.64s rss=467MB (n_train=40 n_test=80)
[09:52:27] [load] fold=None seed=43 T=52 aggregate_days=7 window_size=None samples_per_step=48 n_train=40 (cap=40) n_test=80 (cap=80) classes_train=[0, 1, 4, 5]
[09:52:27]   [river] gamma=100.0 method=wasps_nodiv seed=43 data loaded in 0.64s rss=468MB (n_train=40 n_test=80)
[09:52:27] [load] fold=None seed=45 T=52 aggregate_days=7 window_size=None samples_per_step=48 n_train=40 (cap=40) n_test=80 (cap=80) classes_train=[0, 1, 4, 5]
[09:52:27]   [river] gamma=100.0 method=wasps_nodiv seed=45 data loaded in 0.66s rss=469MB (n_train=40 n_test=80)
[warn] build_repr: dropped 2/40 series with NaN params (timesteps where log_cumulant failed)
[warn] build_repr: dropped 2/40 series with NaN params (timesteps where log_cumulant failed)
[warn] build_repr: dropped 1/80 series with NaN params (timesteps where log_cumulant failed)
[warn] build_repr: dropped 2/80 series with NaN params (timesteps where log_cumulant failed)
[09:52:28]   [river] gamma=100.0 seed=42 finished wasps_nodiv in 0.5s (f1=0.467)
[Parallel(n_jobs=4)]: Done   1 tasks      | elapsed:    3.0s
[09:52:28]   [river] gamma=100.0 seed=44 finished wasps_nodiv in 0.6s (f1=0.548)
[Parallel(n_jobs=4)]: Done   2 out of   4 | elapsed:    3.1s remaining:    3.1s
[09:52:28]   [river] gamma=100.0 seed=43 finished wasps_nodiv in 0.6s (f1=0.450)
[09:52:28]   [river] gamma=100.0 seed=45 finished wasps_nodiv in 0.6s (f1=0.422)
[Parallel(n_jobs=4)]: Done   4 out of   4 | elapsed:    3.1s finished
[09:52:28] [full_baseline/river] gamma=100.0 method=wasps_nodiv batch done in 3.1s peak_rss=2437MB (avg/job=609MB)
[09:52:28] [full_baseline/river] gamma=100.0 method=eucl_params starting batch (4 seeds, n_jobs=4)
[Parallel(n_jobs=4)]: Using backend LokyBackend with 4 concurrent workers.
[09:52:31] [load] fold=None seed=42 T=52 aggregate_days=7 window_size=None samples_per_step=48 n_train=40 (cap=40) n_test=80 (cap=80) classes_train=[0, 1, 4, 5]
[09:52:31]   [river] gamma=100.0 method=eucl_params seed=42 data loaded in 0.64s rss=468MB (n_train=40 n_test=80)
[09:52:31] [load] fold=None seed=43 T=52 aggregate_days=7 window_size=None samples_per_step=48 n_train=40 (cap=40) n_test=80 (cap=80) classes_train=[0, 1, 4, 5]
[09:52:31]   [river] gamma=100.0 method=eucl_params seed=43 data loaded in 0.65s rss=468MB (n_train=40 n_test=80)
[09:52:31] [load] fold=None seed=45 T=52 aggregate_days=7 window_size=None samples_per_step=48 n_train=40 (cap=40) n_test=80 (cap=80) classes_train=[0, 1, 4, 5]
[09:52:31]   [river] gamma=100.0 method=eucl_params seed=45 data loaded in 0.62s rss=468MB (n_train=40 n_test=80)
[warn] build_repr: dropped 2/40 series with NaN params (timesteps where log_cumulant failed)
[09:52:31] [load] fold=None seed=44 T=52 aggregate_days=7 window_size=None samples_per_step=48 n_train=40 (cap=40) n_test=80 (cap=80) classes_train=[0, 1, 4, 5]
[09:52:31]   [river] gamma=100.0 method=eucl_params seed=44 data loaded in 0.66s rss=469MB (n_train=40 n_test=80)
[warn] build_repr: dropped 2/40 series with NaN params (timesteps where log_cumulant failed)
[warn] build_repr: dropped 2/80 series with NaN params (timesteps where log_cumulant failed)
[warn] build_repr: dropped 1/80 series with NaN params (timesteps where log_cumulant failed)
[09:52:32]   [river] gamma=100.0 seed=42 finished eucl_params in 0.8s (f1=0.527)
[Parallel(n_jobs=4)]: Done   1 tasks      | elapsed:    3.3s
[09:52:32]   [river] gamma=100.0 seed=43 finished eucl_params in 0.8s (f1=0.425)
[Parallel(n_jobs=4)]: Done   2 out of   4 | elapsed:    3.3s remaining:    3.3s
[09:52:32]   [river] gamma=100.0 seed=44 finished eucl_params in 0.8s (f1=0.474)
[09:52:32]   [river] gamma=100.0 seed=45 finished eucl_params in 0.9s (f1=0.359)
[Parallel(n_jobs=4)]: Done   4 out of   4 | elapsed:    3.4s finished
[09:52:32] [full_baseline/river] gamma=100.0 method=eucl_params batch done in 3.4s peak_rss=2438MB (avg/job=610MB)
[09:52:32] [full_baseline/river] gamma=100.0 method=eucl_params_nodiv starting batch (4 seeds, n_jobs=4)
[Parallel(n_jobs=4)]: Using backend LokyBackend with 4 concurrent workers.
[09:52:35] [load] fold=None seed=42 T=52 aggregate_days=7 window_size=None samples_per_step=48 n_train=40 (cap=40) n_test=80 (cap=80) classes_train=[0, 1, 4, 5]
[09:52:35]   [river] gamma=100.0 method=eucl_params_nodiv seed=42 data loaded in 0.63s rss=468MB (n_train=40 n_test=80)
[09:52:35] [load] fold=None seed=44 T=52 aggregate_days=7 window_size=None samples_per_step=48 n_train=40 (cap=40) n_test=80 (cap=80) classes_train=[0, 1, 4, 5]
[09:52:35]   [river] gamma=100.0 method=eucl_params_nodiv seed=44 data loaded in 0.65s rss=468MB (n_train=40 n_test=80)
[09:52:35] [load] fold=None seed=45 T=52 aggregate_days=7 window_size=None samples_per_step=48 n_train=40 (cap=40) n_test=80 (cap=80) classes_train=[0, 1, 4, 5]
[09:52:35]   [river] gamma=100.0 method=eucl_params_nodiv seed=45 data loaded in 0.63s rss=468MB (n_train=40 n_test=80)
[09:52:35] [load] fold=None seed=43 T=52 aggregate_days=7 window_size=None samples_per_step=48 n_train=40 (cap=40) n_test=80 (cap=80) classes_train=[0, 1, 4, 5]
[09:52:35]   [river] gamma=100.0 method=eucl_params_nodiv seed=43 data loaded in 0.65s rss=468MB (n_train=40 n_test=80)
[warn] build_repr: dropped 2/40 series with NaN params (timesteps where log_cumulant failed)
[warn] build_repr: dropped 2/40 series with NaN params (timesteps where log_cumulant failed)
[warn] build_repr: dropped 1/80 series with NaN params (timesteps where log_cumulant failed)
[warn] build_repr: dropped 2/80 series with NaN params (timesteps where log_cumulant failed)
[09:52:35]   [river] gamma=100.0 seed=42 finished eucl_params_nodiv in 0.5s (f1=0.478)
[Parallel(n_jobs=4)]: Done   1 tasks      | elapsed:    3.0s
[09:52:35]   [river] gamma=100.0 seed=44 finished eucl_params_nodiv in 0.5s (f1=0.501)
[Parallel(n_jobs=4)]: Done   2 out of   4 | elapsed:    3.0s remaining:    3.0s
[09:52:36]   [river] gamma=100.0 seed=43 finished eucl_params_nodiv in 0.5s (f1=0.464)
[09:52:36]   [river] gamma=100.0 seed=45 finished eucl_params_nodiv in 0.6s (f1=0.360)
[Parallel(n_jobs=4)]: Done   4 out of   4 | elapsed:    3.1s finished
[09:52:36] [full_baseline/river] gamma=100.0 method=eucl_params_nodiv batch done in 3.1s peak_rss=2438MB (avg/job=609MB)
[09:52:36] [full_baseline/river] gamma=100.0 method=eucl_raw starting batch (4 seeds, n_jobs=4)
[Parallel(n_jobs=4)]: Using backend LokyBackend with 4 concurrent workers.
[09:52:39] [load] fold=None seed=42 T=52 aggregate_days=7 window_size=None samples_per_step=48 n_train=40 (cap=40) n_test=80 (cap=80) classes_train=[0, 1, 4, 5]
[09:52:39]   [river] gamma=100.0 method=eucl_raw seed=42 data loaded in 0.64s rss=469MB (n_train=40 n_test=80)
[09:52:39] [load] fold=None seed=44 T=52 aggregate_days=7 window_size=None samples_per_step=48 n_train=40 (cap=40) n_test=80 (cap=80) classes_train=[0, 1, 4, 5]
[09:52:39]   [river] gamma=100.0 method=eucl_raw seed=44 data loaded in 0.64s rss=469MB (n_train=40 n_test=80)
[09:52:39] [load] fold=None seed=45 T=52 aggregate_days=7 window_size=None samples_per_step=48 n_train=40 (cap=40) n_test=80 (cap=80) classes_train=[0, 1, 4, 5]
[09:52:39] [load] fold=None seed=43 T=52 aggregate_days=7 window_size=None samples_per_step=48 n_train=40 (cap=40) n_test=80 (cap=80) classes_train=[0, 1, 4, 5]
[09:52:39]   [river] gamma=100.0 method=eucl_raw seed=45 data loaded in 0.62s rss=468MB (n_train=40 n_test=80)
[09:52:39]   [river] gamma=100.0 method=eucl_raw seed=43 data loaded in 0.67s rss=468MB (n_train=40 n_test=80)
[09:52:39]   [river] gamma=100.0 seed=42 finished eucl_raw in 0.8s (f1=0.499)
[Parallel(n_jobs=4)]: Done   1 tasks      | elapsed:    3.3s
[09:52:39]   [river] gamma=100.0 seed=44 finished eucl_raw in 0.8s (f1=0.432)
[Parallel(n_jobs=4)]: Done   2 out of   4 | elapsed:    3.3s remaining:    3.3s
[09:52:40]   [river] gamma=100.0 seed=43 finished eucl_raw in 0.8s (f1=0.510)
[09:52:40]   [river] gamma=100.0 seed=45 finished eucl_raw in 0.9s (f1=0.303)
[Parallel(n_jobs=4)]: Done   4 out of   4 | elapsed:    3.4s finished
[09:52:40] [full_baseline/river] gamma=100.0 method=eucl_raw batch done in 3.4s peak_rss=2438MB (avg/job=610MB)
[09:52:40] [full_baseline/river] gamma=100.0 method=eucl_raw_nodiv starting batch (4 seeds, n_jobs=4)
[Parallel(n_jobs=4)]: Using backend LokyBackend with 4 concurrent workers.
[09:52:43] [load] fold=None seed=43 T=52 aggregate_days=7 window_size=None samples_per_step=48 n_train=40 (cap=40) n_test=80 (cap=80) classes_train=[0, 1, 4, 5]
[09:52:43]   [river] gamma=100.0 method=eucl_raw_nodiv seed=43 data loaded in 0.64s rss=469MB (n_train=40 n_test=80)
[09:52:43] [load] fold=None seed=45 T=52 aggregate_days=7 window_size=None samples_per_step=48 n_train=40 (cap=40) n_test=80 (cap=80) classes_train=[0, 1, 4, 5]
[09:52:43]   [river] gamma=100.0 method=eucl_raw_nodiv seed=45 data loaded in 0.64s rss=469MB (n_train=40 n_test=80)
[09:52:43] [load] fold=None seed=44 T=52 aggregate_days=7 window_size=None samples_per_step=48 n_train=40 (cap=40) n_test=80 (cap=80) classes_train=[0, 1, 4, 5]
[09:52:43]   [river] gamma=100.0 method=eucl_raw_nodiv seed=44 data loaded in 0.64s rss=469MB (n_train=40 n_test=80)
[09:52:43] [load] fold=None seed=42 T=52 aggregate_days=7 window_size=None samples_per_step=48 n_train=40 (cap=40) n_test=80 (cap=80) classes_train=[0, 1, 4, 5]
[09:52:43]   [river] gamma=100.0 method=eucl_raw_nodiv seed=42 data loaded in 0.64s rss=468MB (n_train=40 n_test=80)
[09:52:43]   [river] gamma=100.0 seed=43 finished eucl_raw_nodiv in 0.5s (f1=0.411)
[Parallel(n_jobs=4)]: Done   1 tasks      | elapsed:    3.0s
[09:52:43]   [river] gamma=100.0 seed=45 finished eucl_raw_nodiv in 0.5s (f1=0.305)
[Parallel(n_jobs=4)]: Done   2 out of   4 | elapsed:    3.0s remaining:    3.0s
[09:52:43]   [river] gamma=100.0 seed=44 finished eucl_raw_nodiv in 0.5s (f1=0.346)
[09:52:43]   [river] gamma=100.0 seed=42 finished eucl_raw_nodiv in 0.5s (f1=0.447)
[Parallel(n_jobs=4)]: Done   4 out of   4 | elapsed:    3.0s finished
[09:52:44] [full_baseline/river] gamma=100.0 method=eucl_raw_nodiv batch done in 3.0s peak_rss=2440MB (avg/job=610MB)
[09:52:44] [full_baseline/river] gamma=100.0 method=sta starting batch (4 seeds, n_jobs=4)
[Parallel(n_jobs=4)]: Using backend LokyBackend with 4 concurrent workers.
[09:52:46] [load] fold=None seed=43 T=52 aggregate_days=7 window_size=None samples_per_step=48 n_train=40 (cap=40) n_test=80 (cap=80) classes_train=[0, 1, 4, 5]
[09:52:46]   [river] gamma=100.0 method=sta seed=43 data loaded in 0.62s rss=466MB (n_train=40 n_test=80)
[09:52:46] [load] fold=None seed=42 T=52 aggregate_days=7 window_size=None samples_per_step=48 n_train=40 (cap=40) n_test=80 (cap=80) classes_train=[0, 1, 4, 5]
[09:52:46]   [river] gamma=100.0 method=sta seed=42 data loaded in 0.63s rss=466MB (n_train=40 n_test=80)
[09:52:46] [load] fold=None seed=45 T=52 aggregate_days=7 window_size=None samples_per_step=48 n_train=40 (cap=40) n_test=80 (cap=80) classes_train=[0, 1, 4, 5]
[09:52:46]   [river] gamma=100.0 method=sta seed=45 data loaded in 0.64s rss=468MB (n_train=40 n_test=80)
[09:52:46] [load] fold=None seed=44 T=52 aggregate_days=7 window_size=None samples_per_step=48 n_train=40 (cap=40) n_test=80 (cap=80) classes_train=[0, 1, 4, 5]
[09:52:46]   [river] gamma=100.0 method=sta seed=44 data loaded in 0.65s rss=466MB (n_train=40 n_test=80)
[10:46:05]   [river] gamma=100.0 seed=42 finished sta in 3198.9s (f1=0.512)
[Parallel(n_jobs=4)]: Done   1 tasks      | elapsed: 53.4min
[10:46:10]   [river] gamma=100.0 seed=43 finished sta in 3204.1s (f1=0.506)
[Parallel(n_jobs=4)]: Done   2 out of   4 | elapsed: 53.4min remaining: 53.4min
[10:46:13]   [river] gamma=100.0 seed=45 finished sta in 3207.1s (f1=0.419)
[10:46:15]   [river] gamma=100.0 seed=44 finished sta in 3209.2s (f1=0.447)
[Parallel(n_jobs=4)]: Done   4 out of   4 | elapsed: 53.5min finished
[10:46:30] [full_baseline/river] gamma=100.0 method=sta batch done in 3211.7s peak_rss=23757MB (avg/job=5939MB)
[10:46:30] [full_baseline/river] eucl_params@g=0.01=0.382±0.065  eucl_params_nodiv@g=0.01=0.344±0.067  eucl_raw@g=0.01=0.385±0.051  eucl_raw_nodiv@g=0.01=0.253±0.158  sta@g=0.01=0.591±0.045  wasps@g=0.01=0.499±0.029  wasps_nodiv@g=0.01=0.496±0.027  eucl_params@g=1=0.426±0.065  eucl_params_nodiv@g=1=0.426±0.066  eucl_raw@g=1=0.405±0.047  eucl_raw_nodiv@g=1=0.399±0.045  sta@g=1=0.579±0.074  wasps@g=1=0.534±0.056  wasps_nodiv@g=1=0.492±0.041  eucl_params@g=100=0.446±0.062  eucl_params_nodiv@g=100=0.451±0.054  eucl_raw@g=100=0.436±0.082  eucl_raw_nodiv@g=100=0.377±0.055  sta@g=100=0.471±0.039  wasps@g=100=0.523±0.046  wasps_nodiv@g=100=0.472±0.047
[10:46:30] ===== full_baseline done =====
----- 10:46:31 dataset=river gamma=1.0e+2 done -----
----- 10:46:31 dataset=cpazmal gamma=1.0e-2 starting -----
[10:46:33] ===== full_baseline config=configs/full_baseline.yaml seed=42 n_jobs=4 dataset=cpazmal gamma=0.01 force=False debug=True verbose=True =====
[10:46:33] methods=['wasps', 'wasps_nodiv', 'eucl_params', 'eucl_params_nodiv', 'eucl_raw', 'eucl_raw_nodiv', 'sta'] n_seeds=4 estimator=log_cumulant
[10:46:33] [full_baseline/cpazmal] gamma=0.01 computing methods=['wasps', 'wasps_nodiv', 'eucl_params', 'eucl_params_nodiv', 'eucl_raw', 'eucl_raw_nodiv', 'sta']
[10:46:33] [full_baseline/cpazmal] gamma=0.01 method=wasps starting batch (4 seeds, n_jobs=4)
[Parallel(n_jobs=4)]: Using backend LokyBackend with 4 concurrent workers.
[cpazmal] loading from cache (max_groups_per_class=None)
[cpazmal] loading from cache (max_groups_per_class=None)
[cpazmal] loading from cache (max_groups_per_class=None)
[cpazmal] loading from cache (max_groups_per_class=None)
[10:46:39] [load] fold=None seed=44 T=29 aggregate_days=None window_size=12 samples_per_step=48 n_train=70 (cap=70) n_test=140 (cap=140) classes_train=[0, 1, 2, 3, 4, 5, 6]
[10:46:39]   [cpazmal] gamma=0.01 method=wasps seed=44 data loaded in 5.03s rss=396MB (n_train=70 n_test=140)
[10:46:39] [load] fold=None seed=45 T=29 aggregate_days=None window_size=12 samples_per_step=48 n_train=70 (cap=70) n_test=140 (cap=140) classes_train=[0, 1, 2, 3, 4, 5, 6]
[10:46:39]   [cpazmal] gamma=0.01 method=wasps seed=45 data loaded in 5.03s rss=397MB (n_train=70 n_test=140)
[10:46:40] [load] fold=None seed=43 T=29 aggregate_days=None window_size=12 samples_per_step=48 n_train=70 (cap=70) n_test=140 (cap=140) classes_train=[0, 1, 2, 3, 4, 5, 6]
[10:46:40] [load] fold=None seed=42 T=29 aggregate_days=None window_size=12 samples_per_step=48 n_train=70 (cap=70) n_test=140 (cap=140) classes_train=[0, 1, 2, 3, 4, 5, 6]
[10:46:40]   [cpazmal] gamma=0.01 method=wasps seed=43 data loaded in 5.13s rss=397MB (n_train=70 n_test=140)
[10:46:40]   [cpazmal] gamma=0.01 method=wasps seed=42 data loaded in 5.13s rss=400MB (n_train=70 n_test=140)
[10:46:41]   [cpazmal] gamma=0.01 seed=44 finished wasps in 1.3s (f1=0.607)
[Parallel(n_jobs=4)]: Done   1 tasks      | elapsed:    8.3s
[10:46:41]   [cpazmal] gamma=0.01 seed=45 finished wasps in 1.4s (f1=0.650)
[Parallel(n_jobs=4)]: Done   2 out of   4 | elapsed:    8.3s remaining:    8.3s
[10:46:41]   [cpazmal] gamma=0.01 seed=43 finished wasps in 1.4s (f1=0.691)
[10:46:41]   [cpazmal] gamma=0.01 seed=42 finished wasps in 1.4s (f1=0.618)
[Parallel(n_jobs=4)]: Done   4 out of   4 | elapsed:    8.4s finished
[10:46:42] [full_baseline/cpazmal] gamma=0.01 method=wasps batch done in 8.4s peak_rss=7414MB (avg/job=1854MB)
[10:46:42] [full_baseline/cpazmal] gamma=0.01 method=wasps_nodiv starting batch (4 seeds, n_jobs=4)
[Parallel(n_jobs=4)]: Using backend LokyBackend with 4 concurrent workers.
[cpazmal] loading from cache (max_groups_per_class=None)
[cpazmal] loading from cache (max_groups_per_class=None)
[cpazmal] loading from cache (max_groups_per_class=None)
[cpazmal] loading from cache (max_groups_per_class=None)
[10:46:48] [load] fold=None seed=42 T=29 aggregate_days=None window_size=12 samples_per_step=48 n_train=70 (cap=70) n_test=140 (cap=140) classes_train=[0, 1, 2, 3, 4, 5, 6]
[10:46:48]   [cpazmal] gamma=0.01 method=wasps_nodiv seed=42 data loaded in 4.95s rss=400MB (n_train=70 n_test=140)
[10:46:48] [load] fold=None seed=45 T=29 aggregate_days=None window_size=12 samples_per_step=48 n_train=70 (cap=70) n_test=140 (cap=140) classes_train=[0, 1, 2, 3, 4, 5, 6]
[10:46:48]   [cpazmal] gamma=0.01 method=wasps_nodiv seed=45 data loaded in 4.98s rss=400MB (n_train=70 n_test=140)
[10:46:48] [load] fold=None seed=43 T=29 aggregate_days=None window_size=12 samples_per_step=48 n_train=70 (cap=70) n_test=140 (cap=140) classes_train=[0, 1, 2, 3, 4, 5, 6]
[10:46:48]   [cpazmal] gamma=0.01 method=wasps_nodiv seed=43 data loaded in 5.03s rss=400MB (n_train=70 n_test=140)
[10:46:49] [load] fold=None seed=44 T=29 aggregate_days=None window_size=12 samples_per_step=48 n_train=70 (cap=70) n_test=140 (cap=140) classes_train=[0, 1, 2, 3, 4, 5, 6]
[10:46:49]   [cpazmal] gamma=0.01 method=wasps_nodiv seed=44 data loaded in 5.11s rss=400MB (n_train=70 n_test=140)
[10:46:49]   [cpazmal] gamma=0.01 seed=42 finished wasps_nodiv in 1.0s (f1=0.606)
[Parallel(n_jobs=4)]: Done   1 tasks      | elapsed:    7.8s
[10:46:49]   [cpazmal] gamma=0.01 seed=45 finished wasps_nodiv in 1.0s (f1=0.662)
[Parallel(n_jobs=4)]: Done   2 out of   4 | elapsed:    7.8s remaining:    7.8s
[10:46:49]   [cpazmal] gamma=0.01 seed=43 finished wasps_nodiv in 1.0s (f1=0.646)
[10:46:50]   [cpazmal] gamma=0.01 seed=44 finished wasps_nodiv in 1.0s (f1=0.564)
[Parallel(n_jobs=4)]: Done   4 out of   4 | elapsed:    8.0s finished
[10:46:50] [full_baseline/cpazmal] gamma=0.01 method=wasps_nodiv batch done in 8.0s peak_rss=7423MB (avg/job=1856MB)
[10:46:50] [full_baseline/cpazmal] gamma=0.01 method=eucl_params starting batch (4 seeds, n_jobs=4)
[Parallel(n_jobs=4)]: Using backend LokyBackend with 4 concurrent workers.
[cpazmal] loading from cache (max_groups_per_class=None)
[cpazmal] loading from cache (max_groups_per_class=None)
[cpazmal] loading from cache (max_groups_per_class=None)
[cpazmal] loading from cache (max_groups_per_class=None)
[10:46:57] [load] fold=None seed=42 T=29 aggregate_days=None window_size=12 samples_per_step=48 n_train=70 (cap=70) n_test=140 (cap=140) classes_train=[0, 1, 2, 3, 4, 5, 6]
[10:46:57]   [cpazmal] gamma=0.01 method=eucl_params seed=42 data loaded in 4.91s rss=399MB (n_train=70 n_test=140)
[10:46:57] [load] fold=None seed=44 T=29 aggregate_days=None window_size=12 samples_per_step=48 n_train=70 (cap=70) n_test=140 (cap=140) classes_train=[0, 1, 2, 3, 4, 5, 6]
[10:46:57]   [cpazmal] gamma=0.01 method=eucl_params seed=44 data loaded in 4.94s rss=400MB (n_train=70 n_test=140)
[10:46:57] [load] fold=None seed=45 T=29 aggregate_days=None window_size=12 samples_per_step=48 n_train=70 (cap=70) n_test=140 (cap=140) classes_train=[0, 1, 2, 3, 4, 5, 6]
[10:46:57]   [cpazmal] gamma=0.01 method=eucl_params seed=45 data loaded in 5.01s rss=400MB (n_train=70 n_test=140)
[10:46:57] [load] fold=None seed=43 T=29 aggregate_days=None window_size=12 samples_per_step=48 n_train=70 (cap=70) n_test=140 (cap=140) classes_train=[0, 1, 2, 3, 4, 5, 6]
[10:46:57]   [cpazmal] gamma=0.01 method=eucl_params seed=43 data loaded in 5.08s rss=400MB (n_train=70 n_test=140)
[10:46:58]   [cpazmal] gamma=0.01 seed=42 finished eucl_params in 1.1s (f1=0.323)
[Parallel(n_jobs=4)]: Done   1 tasks      | elapsed:    7.8s
[10:46:58]   [cpazmal] gamma=0.01 seed=44 finished eucl_params in 1.1s (f1=0.323)
[Parallel(n_jobs=4)]: Done   2 out of   4 | elapsed:    7.9s remaining:    7.9s
[10:46:58]   [cpazmal] gamma=0.01 seed=45 finished eucl_params in 1.1s (f1=0.347)
[10:46:58]   [cpazmal] gamma=0.01 seed=43 finished eucl_params in 1.1s (f1=0.364)
[Parallel(n_jobs=4)]: Done   4 out of   4 | elapsed:    8.0s finished
[10:46:59] [full_baseline/cpazmal] gamma=0.01 method=eucl_params batch done in 8.0s peak_rss=7422MB (avg/job=1856MB)
[10:46:59] [full_baseline/cpazmal] gamma=0.01 method=eucl_params_nodiv starting batch (4 seeds, n_jobs=4)
[Parallel(n_jobs=4)]: Using backend LokyBackend with 4 concurrent workers.
[cpazmal] loading from cache (max_groups_per_class=None)
[cpazmal] loading from cache (max_groups_per_class=None)
[cpazmal] loading from cache (max_groups_per_class=None)
[cpazmal] loading from cache (max_groups_per_class=None)
[10:47:05] [load] fold=None seed=42 T=29 aggregate_days=None window_size=12 samples_per_step=48 n_train=70 (cap=70) n_test=140 (cap=140) classes_train=[0, 1, 2, 3, 4, 5, 6]
[10:47:05]   [cpazmal] gamma=0.01 method=eucl_params_nodiv seed=42 data loaded in 4.88s rss=395MB (n_train=70 n_test=140)
[10:47:05] [load] fold=None seed=44 T=29 aggregate_days=None window_size=12 samples_per_step=48 n_train=70 (cap=70) n_test=140 (cap=140) classes_train=[0, 1, 2, 3, 4, 5, 6]
[10:47:05]   [cpazmal] gamma=0.01 method=eucl_params_nodiv seed=44 data loaded in 4.89s rss=397MB (n_train=70 n_test=140)
[10:47:06] [load] fold=None seed=45 T=29 aggregate_days=None window_size=12 samples_per_step=48 n_train=70 (cap=70) n_test=140 (cap=140) classes_train=[0, 1, 2, 3, 4, 5, 6]
[10:47:06]   [cpazmal] gamma=0.01 method=eucl_params_nodiv seed=45 data loaded in 5.02s rss=395MB (n_train=70 n_test=140)
[10:47:06] [load] fold=None seed=43 T=29 aggregate_days=None window_size=12 samples_per_step=48 n_train=70 (cap=70) n_test=140 (cap=140) classes_train=[0, 1, 2, 3, 4, 5, 6]
[10:47:06]   [cpazmal] gamma=0.01 method=eucl_params_nodiv seed=43 data loaded in 5.04s rss=397MB (n_train=70 n_test=140)
[10:47:06]   [cpazmal] gamma=0.01 seed=42 finished eucl_params_nodiv in 0.8s (f1=0.323)
[Parallel(n_jobs=4)]: Done   1 tasks      | elapsed:    7.6s
[10:47:06]   [cpazmal] gamma=0.01 seed=44 finished eucl_params_nodiv in 0.8s (f1=0.323)
[Parallel(n_jobs=4)]: Done   2 out of   4 | elapsed:    7.6s remaining:    7.6s
[10:47:06]   [cpazmal] gamma=0.01 seed=45 finished eucl_params_nodiv in 0.8s (f1=0.346)
[10:47:06]   [cpazmal] gamma=0.01 seed=43 finished eucl_params_nodiv in 0.8s (f1=0.370)
[Parallel(n_jobs=4)]: Done   4 out of   4 | elapsed:    7.7s finished
[10:47:07] [full_baseline/cpazmal] gamma=0.01 method=eucl_params_nodiv batch done in 7.7s peak_rss=7406MB (avg/job=1852MB)
[10:47:07] [full_baseline/cpazmal] gamma=0.01 method=eucl_raw starting batch (4 seeds, n_jobs=4)
[Parallel(n_jobs=4)]: Using backend LokyBackend with 4 concurrent workers.
[cpazmal] loading from cache (max_groups_per_class=None)
[cpazmal] loading from cache (max_groups_per_class=None)
[cpazmal] loading from cache (max_groups_per_class=None)
[cpazmal] loading from cache (max_groups_per_class=None)
[10:47:14] [load] fold=None seed=43 T=29 aggregate_days=None window_size=12 samples_per_step=48 n_train=70 (cap=70) n_test=140 (cap=140) classes_train=[0, 1, 2, 3, 4, 5, 6]
[10:47:14]   [cpazmal] gamma=0.01 method=eucl_raw seed=43 data loaded in 4.91s rss=400MB (n_train=70 n_test=140)
[10:47:14] [load] fold=None seed=45 T=29 aggregate_days=None window_size=12 samples_per_step=48 n_train=70 (cap=70) n_test=140 (cap=140) classes_train=[0, 1, 2, 3, 4, 5, 6]
[10:47:14]   [cpazmal] gamma=0.01 method=eucl_raw seed=45 data loaded in 4.87s rss=400MB (n_train=70 n_test=140)
[10:47:14] [load] fold=None seed=42 T=29 aggregate_days=None window_size=12 samples_per_step=48 n_train=70 (cap=70) n_test=140 (cap=140) classes_train=[0, 1, 2, 3, 4, 5, 6]
[10:47:14]   [cpazmal] gamma=0.01 method=eucl_raw seed=42 data loaded in 5.04s rss=400MB (n_train=70 n_test=140)
[10:47:14] [load] fold=None seed=44 T=29 aggregate_days=None window_size=12 samples_per_step=48 n_train=70 (cap=70) n_test=140 (cap=140) classes_train=[0, 1, 2, 3, 4, 5, 6]
[10:47:14]   [cpazmal] gamma=0.01 method=eucl_raw seed=44 data loaded in 5.05s rss=400MB (n_train=70 n_test=140)
[10:47:15]   [cpazmal] gamma=0.01 seed=43 finished eucl_raw in 0.8s (f1=0.661)
[Parallel(n_jobs=4)]: Done   1 tasks      | elapsed:    7.6s
[10:47:15]   [cpazmal] gamma=0.01 seed=45 finished eucl_raw in 0.8s (f1=0.514)
[Parallel(n_jobs=4)]: Done   2 out of   4 | elapsed:    7.6s remaining:    7.6s
[10:47:15]   [cpazmal] gamma=0.01 seed=44 finished eucl_raw in 0.8s (f1=0.584)
[10:47:15]   [cpazmal] gamma=0.01 seed=42 finished eucl_raw in 0.8s (f1=0.510)
[Parallel(n_jobs=4)]: Done   4 out of   4 | elapsed:    7.7s finished
[10:47:15] [full_baseline/cpazmal] gamma=0.01 method=eucl_raw batch done in 7.7s peak_rss=7422MB (avg/job=1856MB)
[10:47:15] [full_baseline/cpazmal] gamma=0.01 method=eucl_raw_nodiv starting batch (4 seeds, n_jobs=4)
[Parallel(n_jobs=4)]: Using backend LokyBackend with 4 concurrent workers.
[cpazmal] loading from cache (max_groups_per_class=None)
[cpazmal] loading from cache (max_groups_per_class=None)
[cpazmal] loading from cache (max_groups_per_class=None)
[cpazmal] loading from cache (max_groups_per_class=None)
[10:47:22] [load] fold=None seed=44 T=29 aggregate_days=None window_size=12 samples_per_step=48 n_train=70 (cap=70) n_test=140 (cap=140) classes_train=[0, 1, 2, 3, 4, 5, 6]
[10:47:22] [load] fold=None seed=43 T=29 aggregate_days=None window_size=12 samples_per_step=48 n_train=70 (cap=70) n_test=140 (cap=140) classes_train=[0, 1, 2, 3, 4, 5, 6]
[10:47:22]   [cpazmal] gamma=0.01 method=eucl_raw_nodiv seed=44 data loaded in 5.05s rss=399MB (n_train=70 n_test=140)
[10:47:22]   [cpazmal] gamma=0.01 method=eucl_raw_nodiv seed=43 data loaded in 5.04s rss=400MB (n_train=70 n_test=140)
[10:47:22] [load] fold=None seed=42 T=29 aggregate_days=None window_size=12 samples_per_step=48 n_train=70 (cap=70) n_test=140 (cap=140) classes_train=[0, 1, 2, 3, 4, 5, 6]
[10:47:22]   [cpazmal] gamma=0.01 method=eucl_raw_nodiv seed=42 data loaded in 5.09s rss=399MB (n_train=70 n_test=140)
[10:47:22] [load] fold=None seed=45 T=29 aggregate_days=None window_size=12 samples_per_step=48 n_train=70 (cap=70) n_test=140 (cap=140) classes_train=[0, 1, 2, 3, 4, 5, 6]
[10:47:22]   [cpazmal] gamma=0.01 method=eucl_raw_nodiv seed=45 data loaded in 5.08s rss=400MB (n_train=70 n_test=140)
[10:47:23]   [cpazmal] gamma=0.01 seed=44 finished eucl_raw_nodiv in 0.5s (f1=0.584)
[Parallel(n_jobs=4)]: Done   1 tasks      | elapsed:    7.4s
[10:47:23]   [cpazmal] gamma=0.01 seed=43 finished eucl_raw_nodiv in 0.5s (f1=0.661)
[Parallel(n_jobs=4)]: Done   2 out of   4 | elapsed:    7.4s remaining:    7.4s
[10:47:23]   [cpazmal] gamma=0.01 seed=42 finished eucl_raw_nodiv in 0.5s (f1=0.510)
[10:47:23]   [cpazmal] gamma=0.01 seed=45 finished eucl_raw_nodiv in 0.5s (f1=0.514)
[Parallel(n_jobs=4)]: Done   4 out of   4 | elapsed:    7.4s finished
[10:47:23] [full_baseline/cpazmal] gamma=0.01 method=eucl_raw_nodiv batch done in 7.5s peak_rss=7424MB (avg/job=1856MB)
[10:47:23] [full_baseline/cpazmal] gamma=0.01 method=sta starting batch (4 seeds, n_jobs=4)
[Parallel(n_jobs=4)]: Using backend LokyBackend with 4 concurrent workers.
[cpazmal] loading from cache (max_groups_per_class=None)
[cpazmal] loading from cache (max_groups_per_class=None)
[cpazmal] loading from cache (max_groups_per_class=None)
[cpazmal] loading from cache (max_groups_per_class=None)
[10:47:30] [load] fold=None seed=43 T=29 aggregate_days=None window_size=12 samples_per_step=48 n_train=70 (cap=70) n_test=140 (cap=140) classes_train=[0, 1, 2, 3, 4, 5, 6]
[10:47:30]   [cpazmal] gamma=0.01 method=sta seed=43 data loaded in 4.96s rss=397MB (n_train=70 n_test=140)
[10:47:30] [load] fold=None seed=42 T=29 aggregate_days=None window_size=12 samples_per_step=48 n_train=70 (cap=70) n_test=140 (cap=140) classes_train=[0, 1, 2, 3, 4, 5, 6]
[10:47:30]   [cpazmal] gamma=0.01 method=sta seed=42 data loaded in 4.99s rss=397MB (n_train=70 n_test=140)
[10:47:30] [load] fold=None seed=44 T=29 aggregate_days=None window_size=12 samples_per_step=48 n_train=70 (cap=70) n_test=140 (cap=140) classes_train=[0, 1, 2, 3, 4, 5, 6]
[10:47:30]   [cpazmal] gamma=0.01 method=sta seed=44 data loaded in 4.98s rss=399MB (n_train=70 n_test=140)
[10:47:30] [load] fold=None seed=45 T=29 aggregate_days=None window_size=12 samples_per_step=48 n_train=70 (cap=70) n_test=140 (cap=140) classes_train=[0, 1, 2, 3, 4, 5, 6]
[10:47:30]   [cpazmal] gamma=0.01 method=sta seed=45 data loaded in 5.00s rss=399MB (n_train=70 n_test=140)
/home/mgallet/Documents/Codes/Python/3_DEVELOPPEMENT/WaSPS-DTW/WaSPS-DTW/.venv/lib/python3.13/site-packages/joblib/externals/loky/backend/resource_tracker.py:359: UserWarning: resource_tracker: There appear to be 10 leaked semlock objects to clean up at shutdown
  warnings.warn(
/home/mgallet/Documents/Codes/Python/3_DEVELOPPEMENT/WaSPS-DTW/WaSPS-DTW/.venv/lib/python3.13/site-packages/joblib/externals/loky/backend/resource_tracker.py:359: UserWarning: resource_tracker: There appear to be 8 leaked folder objects to clean up at shutdown
  warnings.warn(
===== 2026-07-10 15:16:46 full_baseline_sweep starting =====
----- 15:16:46 dataset=river gamma=1.0e-2 starting -----
[15:16:48] ===== full_baseline config=configs/full_baseline.yaml seed=42 n_jobs=4 dataset=river gamma=0.01 force=False debug=True verbose=True =====
[15:16:48] methods=['wasps', 'wasps_nodiv', 'eucl_params', 'eucl_params_nodiv', 'eucl_raw', 'eucl_raw_nodiv', 'sta'] n_seeds=4 estimator=log_cumulant
[15:16:48] [full_baseline/river] gamma=0.01 already computed for all methods — skip (use --force to recompute)
[15:16:48] [full_baseline/river] eucl_params@g=0.01=0.382±0.065  eucl_params_nodiv@g=0.01=0.344±0.067  eucl_raw@g=0.01=0.385±0.051  eucl_raw_nodiv@g=0.01=0.253±0.158  sta@g=0.01=0.591±0.045  wasps@g=0.01=0.499±0.029  wasps_nodiv@g=0.01=0.496±0.027  eucl_params@g=1=0.426±0.065  eucl_params_nodiv@g=1=0.426±0.066  eucl_raw@g=1=0.405±0.047  eucl_raw_nodiv@g=1=0.399±0.045  sta@g=1=0.579±0.074  wasps@g=1=0.534±0.056  wasps_nodiv@g=1=0.492±0.041  eucl_params@g=100=0.446±0.062  eucl_params_nodiv@g=100=0.451±0.054  eucl_raw@g=100=0.436±0.082  eucl_raw_nodiv@g=100=0.377±0.055  sta@g=100=0.471±0.039  wasps@g=100=0.523±0.046  wasps_nodiv@g=100=0.472±0.047
[15:16:48] ===== full_baseline done =====
----- 15:16:49 dataset=river gamma=1.0e-2 done -----
----- 15:16:49 dataset=river gamma=1.0 starting -----
[15:16:50] ===== full_baseline config=configs/full_baseline.yaml seed=42 n_jobs=4 dataset=river gamma=1.0 force=False debug=True verbose=True =====
[15:16:50] methods=['wasps', 'wasps_nodiv', 'eucl_params', 'eucl_params_nodiv', 'eucl_raw', 'eucl_raw_nodiv', 'sta'] n_seeds=4 estimator=log_cumulant
[15:16:50] [full_baseline/river] gamma=1.0 already computed for all methods — skip (use --force to recompute)
[15:16:50] [full_baseline/river] eucl_params@g=0.01=0.382±0.065  eucl_params_nodiv@g=0.01=0.344±0.067  eucl_raw@g=0.01=0.385±0.051  eucl_raw_nodiv@g=0.01=0.253±0.158  sta@g=0.01=0.591±0.045  wasps@g=0.01=0.499±0.029  wasps_nodiv@g=0.01=0.496±0.027  eucl_params@g=1=0.426±0.065  eucl_params_nodiv@g=1=0.426±0.066  eucl_raw@g=1=0.405±0.047  eucl_raw_nodiv@g=1=0.399±0.045  sta@g=1=0.579±0.074  wasps@g=1=0.534±0.056  wasps_nodiv@g=1=0.492±0.041  eucl_params@g=100=0.446±0.062  eucl_params_nodiv@g=100=0.451±0.054  eucl_raw@g=100=0.436±0.082  eucl_raw_nodiv@g=100=0.377±0.055  sta@g=100=0.471±0.039  wasps@g=100=0.523±0.046  wasps_nodiv@g=100=0.472±0.047
[15:16:50] ===== full_baseline done =====
----- 15:16:51 dataset=river gamma=1.0 done -----
----- 15:16:51 dataset=river gamma=1.0e+2 starting -----
[15:16:52] ===== full_baseline config=configs/full_baseline.yaml seed=42 n_jobs=4 dataset=river gamma=100.0 force=False debug=True verbose=True =====
[15:16:52] methods=['wasps', 'wasps_nodiv', 'eucl_params', 'eucl_params_nodiv', 'eucl_raw', 'eucl_raw_nodiv', 'sta'] n_seeds=4 estimator=log_cumulant
[15:16:52] [full_baseline/river] gamma=100.0 already computed for all methods — skip (use --force to recompute)
[15:16:52] [full_baseline/river] eucl_params@g=0.01=0.382±0.065  eucl_params_nodiv@g=0.01=0.344±0.067  eucl_raw@g=0.01=0.385±0.051  eucl_raw_nodiv@g=0.01=0.253±0.158  sta@g=0.01=0.591±0.045  wasps@g=0.01=0.499±0.029  wasps_nodiv@g=0.01=0.496±0.027  eucl_params@g=1=0.426±0.065  eucl_params_nodiv@g=1=0.426±0.066  eucl_raw@g=1=0.405±0.047  eucl_raw_nodiv@g=1=0.399±0.045  sta@g=1=0.579±0.074  wasps@g=1=0.534±0.056  wasps_nodiv@g=1=0.492±0.041  eucl_params@g=100=0.446±0.062  eucl_params_nodiv@g=100=0.451±0.054  eucl_raw@g=100=0.436±0.082  eucl_raw_nodiv@g=100=0.377±0.055  sta@g=100=0.471±0.039  wasps@g=100=0.523±0.046  wasps_nodiv@g=100=0.472±0.047
[15:16:52] ===== full_baseline done =====
----- 15:16:53 dataset=river gamma=1.0e+2 done -----
----- 15:16:53 dataset=cpazmal gamma=1.0e-2 starting -----
[15:16:54] ===== full_baseline config=configs/full_baseline.yaml seed=42 n_jobs=4 dataset=cpazmal gamma=0.01 force=False debug=True verbose=True =====
[15:16:54] methods=['wasps', 'wasps_nodiv', 'eucl_params', 'eucl_params_nodiv', 'eucl_raw', 'eucl_raw_nodiv', 'sta'] n_seeds=4 estimator=log_cumulant
[15:16:54] [full_baseline/cpazmal] gamma=0.01 computing methods=['wasps', 'wasps_nodiv', 'eucl_params', 'eucl_params_nodiv', 'eucl_raw', 'eucl_raw_nodiv', 'sta']
[15:16:54] [full_baseline/cpazmal] gamma=0.01 method=wasps starting batch (4 seeds, n_jobs=4)
[Parallel(n_jobs=4)]: Using backend LokyBackend with 4 concurrent workers.
[cpazmal] loading from cache (max_groups_per_class=None)
[cpazmal] loading from cache (max_groups_per_class=None)
[cpazmal] loading from cache (max_groups_per_class=None)
[cpazmal] loading from cache (max_groups_per_class=None)
[15:17:01] [load] fold=None seed=45 T=29 aggregate_days=None window_size=12 samples_per_step=64 n_train=105 (cap=105) n_test=175 (cap=175) classes_train=[0, 1, 2, 3, 4, 5, 6]
[15:17:01]   [cpazmal] gamma=0.01 method=wasps seed=45 data loaded in 4.97s rss=426MB (n_train=105 n_test=175)
[15:17:01] [load] fold=None seed=42 T=29 aggregate_days=None window_size=12 samples_per_step=64 n_train=105 (cap=105) n_test=175 (cap=175) classes_train=[0, 1, 2, 3, 4, 5, 6]
[15:17:01]   [cpazmal] gamma=0.01 method=wasps seed=42 data loaded in 5.00s rss=428MB (n_train=105 n_test=175)
[15:17:01] [load] fold=None seed=43 T=29 aggregate_days=None window_size=12 samples_per_step=64 n_train=105 (cap=105) n_test=175 (cap=175) classes_train=[0, 1, 2, 3, 4, 5, 6]
[15:17:01]   [cpazmal] gamma=0.01 method=wasps seed=43 data loaded in 5.06s rss=428MB (n_train=105 n_test=175)
[15:17:01] [load] fold=None seed=44 T=29 aggregate_days=None window_size=12 samples_per_step=64 n_train=105 (cap=105) n_test=175 (cap=175) classes_train=[0, 1, 2, 3, 4, 5, 6]
[15:17:01]   [cpazmal] gamma=0.01 method=wasps seed=44 data loaded in 5.07s rss=425MB (n_train=105 n_test=175)
[15:17:03]   [cpazmal] gamma=0.01 seed=45 finished wasps in 1.8s (f1=0.680)
[Parallel(n_jobs=4)]: Done   1 tasks      | elapsed:    8.7s
[15:17:03]   [cpazmal] gamma=0.01 seed=42 finished wasps in 1.9s (f1=0.675)
[Parallel(n_jobs=4)]: Done   2 out of   4 | elapsed:    8.8s remaining:    8.8s
[15:17:03]   [cpazmal] gamma=0.01 seed=43 finished wasps in 1.9s (f1=0.737)
[15:17:03]   [cpazmal] gamma=0.01 seed=44 finished wasps in 1.9s (f1=0.712)
[Parallel(n_jobs=4)]: Done   4 out of   4 | elapsed:    8.8s finished
[15:17:04] [full_baseline/cpazmal] gamma=0.01 method=wasps batch done in 8.8s peak_rss=7417MB (avg/job=1854MB)
[15:17:04] [full_baseline/cpazmal] gamma=0.01 method=wasps_nodiv starting batch (4 seeds, n_jobs=4)
[Parallel(n_jobs=4)]: Using backend LokyBackend with 4 concurrent workers.
[cpazmal] loading from cache (max_groups_per_class=None)
[cpazmal] loading from cache (max_groups_per_class=None)
[cpazmal] loading from cache (max_groups_per_class=None)
[cpazmal] loading from cache (max_groups_per_class=None)
[15:17:11] [load] fold=None seed=45 T=29 aggregate_days=None window_size=12 samples_per_step=64 n_train=105 (cap=105) n_test=175 (cap=175) classes_train=[0, 1, 2, 3, 4, 5, 6]
[15:17:11]   [cpazmal] gamma=0.01 method=wasps_nodiv seed=45 data loaded in 4.90s rss=428MB (n_train=105 n_test=175)
[15:17:11] [load] fold=None seed=43 T=29 aggregate_days=None window_size=12 samples_per_step=64 n_train=105 (cap=105) n_test=175 (cap=175) classes_train=[0, 1, 2, 3, 4, 5, 6]
[15:17:11]   [cpazmal] gamma=0.01 method=wasps_nodiv seed=43 data loaded in 4.95s rss=428MB (n_train=105 n_test=175)
[15:17:11] [load] fold=None seed=42 T=29 aggregate_days=None window_size=12 samples_per_step=64 n_train=105 (cap=105) n_test=175 (cap=175) classes_train=[0, 1, 2, 3, 4, 5, 6]
[15:17:11]   [cpazmal] gamma=0.01 method=wasps_nodiv seed=42 data loaded in 5.00s rss=428MB (n_train=105 n_test=175)
[15:17:11] [load] fold=None seed=44 T=29 aggregate_days=None window_size=12 samples_per_step=64 n_train=105 (cap=105) n_test=175 (cap=175) classes_train=[0, 1, 2, 3, 4, 5, 6]
[15:17:11]   [cpazmal] gamma=0.01 method=wasps_nodiv seed=44 data loaded in 5.12s rss=428MB (n_train=105 n_test=175)
[15:17:12]   [cpazmal] gamma=0.01 seed=45 finished wasps_nodiv in 1.3s (f1=0.630)
[Parallel(n_jobs=4)]: Done   1 tasks      | elapsed:    8.0s
[15:17:12]   [cpazmal] gamma=0.01 seed=43 finished wasps_nodiv in 1.3s (f1=0.663)
[Parallel(n_jobs=4)]: Done   2 out of   4 | elapsed:    8.1s remaining:    8.1s
[15:17:12]   [cpazmal] gamma=0.01 seed=42 finished wasps_nodiv in 1.3s (f1=0.643)
[15:17:12]   [cpazmal] gamma=0.01 seed=44 finished wasps_nodiv in 1.4s (f1=0.695)
[Parallel(n_jobs=4)]: Done   4 out of   4 | elapsed:    8.4s finished
[15:17:13] [full_baseline/cpazmal] gamma=0.01 method=wasps_nodiv batch done in 8.4s peak_rss=7422MB (avg/job=1856MB)
[15:17:13] [full_baseline/cpazmal] gamma=0.01 method=eucl_params starting batch (4 seeds, n_jobs=4)
[Parallel(n_jobs=4)]: Using backend LokyBackend with 4 concurrent workers.
[cpazmal] loading from cache (max_groups_per_class=None)
[cpazmal] loading from cache (max_groups_per_class=None)
[cpazmal] loading from cache (max_groups_per_class=None)
[cpazmal] loading from cache (max_groups_per_class=None)
[15:17:20] [load] fold=None seed=44 T=29 aggregate_days=None window_size=12 samples_per_step=64 n_train=105 (cap=105) n_test=175 (cap=175) classes_train=[0, 1, 2, 3, 4, 5, 6]
[15:17:20]   [cpazmal] gamma=0.01 method=eucl_params seed=44 data loaded in 4.99s rss=428MB (n_train=105 n_test=175)
[15:17:20] [load] fold=None seed=42 T=29 aggregate_days=None window_size=12 samples_per_step=64 n_train=105 (cap=105) n_test=175 (cap=175) classes_train=[0, 1, 2, 3, 4, 5, 6]
[15:17:20]   [cpazmal] gamma=0.01 method=eucl_params seed=42 data loaded in 5.02s rss=428MB (n_train=105 n_test=175)
[15:17:20] [load] fold=None seed=45 T=29 aggregate_days=None window_size=12 samples_per_step=64 n_train=105 (cap=105) n_test=175 (cap=175) classes_train=[0, 1, 2, 3, 4, 5, 6]
[15:17:20]   [cpazmal] gamma=0.01 method=eucl_params seed=45 data loaded in 5.03s rss=428MB (n_train=105 n_test=175)
[15:17:20] [load] fold=None seed=43 T=29 aggregate_days=None window_size=12 samples_per_step=64 n_train=105 (cap=105) n_test=175 (cap=175) classes_train=[0, 1, 2, 3, 4, 5, 6]
[15:17:20]   [cpazmal] gamma=0.01 method=eucl_params seed=43 data loaded in 5.09s rss=428MB (n_train=105 n_test=175)
[15:17:21]   [cpazmal] gamma=0.01 seed=42 finished eucl_params in 1.5s (f1=0.362)
[Parallel(n_jobs=4)]: Done   1 tasks      | elapsed:    8.4s
[15:17:21]   [cpazmal] gamma=0.01 seed=44 finished eucl_params in 1.5s (f1=0.381)
[Parallel(n_jobs=4)]: Done   2 out of   4 | elapsed:    8.4s remaining:    8.4s
[15:17:21]   [cpazmal] gamma=0.01 seed=45 finished eucl_params in 1.5s (f1=0.410)
[15:17:21]   [cpazmal] gamma=0.01 seed=43 finished eucl_params in 1.6s (f1=0.330)
[Parallel(n_jobs=4)]: Done   4 out of   4 | elapsed:    8.5s finished
[15:17:22] [full_baseline/cpazmal] gamma=0.01 method=eucl_params batch done in 8.5s peak_rss=7423MB (avg/job=1856MB)
[15:17:22] [full_baseline/cpazmal] gamma=0.01 method=eucl_params_nodiv starting batch (4 seeds, n_jobs=4)
[Parallel(n_jobs=4)]: Using backend LokyBackend with 4 concurrent workers.
[cpazmal] loading from cache (max_groups_per_class=None)
[cpazmal] loading from cache (max_groups_per_class=None)
[cpazmal] loading from cache (max_groups_per_class=None)
[cpazmal] loading from cache (max_groups_per_class=None)
[15:17:29] [load] fold=None seed=43 T=29 aggregate_days=None window_size=12 samples_per_step=64 n_train=105 (cap=105) n_test=175 (cap=175) classes_train=[0, 1, 2, 3, 4, 5, 6]
[15:17:29]   [cpazmal] gamma=0.01 method=eucl_params_nodiv seed=43 data loaded in 4.99s rss=428MB (n_train=105 n_test=175)
[15:17:29] [load] fold=None seed=44 T=29 aggregate_days=None window_size=12 samples_per_step=64 n_train=105 (cap=105) n_test=175 (cap=175) classes_train=[0, 1, 2, 3, 4, 5, 6]
[15:17:29]   [cpazmal] gamma=0.01 method=eucl_params_nodiv seed=44 data loaded in 5.00s rss=428MB (n_train=105 n_test=175)
[15:17:29] [load] fold=None seed=42 T=29 aggregate_days=None window_size=12 samples_per_step=64 n_train=105 (cap=105) n_test=175 (cap=175) classes_train=[0, 1, 2, 3, 4, 5, 6]
[15:17:29]   [cpazmal] gamma=0.01 method=eucl_params_nodiv seed=42 data loaded in 5.01s rss=428MB (n_train=105 n_test=175)
[15:17:29] [load] fold=None seed=45 T=29 aggregate_days=None window_size=12 samples_per_step=64 n_train=105 (cap=105) n_test=175 (cap=175) classes_train=[0, 1, 2, 3, 4, 5, 6]
[15:17:29]   [cpazmal] gamma=0.01 method=eucl_params_nodiv seed=45 data loaded in 5.08s rss=428MB (n_train=105 n_test=175)
[15:17:30]   [cpazmal] gamma=0.01 seed=42 finished eucl_params_nodiv in 1.2s (f1=0.354)
[Parallel(n_jobs=4)]: Done   1 tasks      | elapsed:    8.1s
[15:17:30]   [cpazmal] gamma=0.01 seed=43 finished eucl_params_nodiv in 1.2s (f1=0.331)
[Parallel(n_jobs=4)]: Done   2 out of   4 | elapsed:    8.1s remaining:    8.1s
[15:17:30]   [cpazmal] gamma=0.01 seed=44 finished eucl_params_nodiv in 1.2s (f1=0.372)
[15:17:30]   [cpazmal] gamma=0.01 seed=45 finished eucl_params_nodiv in 1.1s (f1=0.412)
[Parallel(n_jobs=4)]: Done   4 out of   4 | elapsed:    8.1s finished
[15:17:31] [full_baseline/cpazmal] gamma=0.01 method=eucl_params_nodiv batch done in 8.1s peak_rss=7422MB (avg/job=1856MB)
[15:17:31] [full_baseline/cpazmal] gamma=0.01 method=eucl_raw starting batch (4 seeds, n_jobs=4)
[Parallel(n_jobs=4)]: Using backend LokyBackend with 4 concurrent workers.
[cpazmal] loading from cache (max_groups_per_class=None)
[cpazmal] loading from cache (max_groups_per_class=None)
[cpazmal] loading from cache (max_groups_per_class=None)
[cpazmal] loading from cache (max_groups_per_class=None)
[15:17:37] [load] fold=None seed=43 T=29 aggregate_days=None window_size=12 samples_per_step=64 n_train=105 (cap=105) n_test=175 (cap=175) classes_train=[0, 1, 2, 3, 4, 5, 6]
[15:17:37]   [cpazmal] gamma=0.01 method=eucl_raw seed=43 data loaded in 4.99s rss=428MB (n_train=105 n_test=175)
[15:17:37] [load] fold=None seed=42 T=29 aggregate_days=None window_size=12 samples_per_step=64 n_train=105 (cap=105) n_test=175 (cap=175) classes_train=[0, 1, 2, 3, 4, 5, 6]
[15:17:37]   [cpazmal] gamma=0.01 method=eucl_raw seed=42 data loaded in 4.99s rss=428MB (n_train=105 n_test=175)
[15:17:38] [load] fold=None seed=44 T=29 aggregate_days=None window_size=12 samples_per_step=64 n_train=105 (cap=105) n_test=175 (cap=175) classes_train=[0, 1, 2, 3, 4, 5, 6]
[15:17:38]   [cpazmal] gamma=0.01 method=eucl_raw seed=44 data loaded in 5.08s rss=428MB (n_train=105 n_test=175)
[15:17:38] [load] fold=None seed=45 T=29 aggregate_days=None window_size=12 samples_per_step=64 n_train=105 (cap=105) n_test=175 (cap=175) classes_train=[0, 1, 2, 3, 4, 5, 6]
[15:17:38]   [cpazmal] gamma=0.01 method=eucl_raw seed=45 data loaded in 5.11s rss=428MB (n_train=105 n_test=175)
[15:17:39]   [cpazmal] gamma=0.01 seed=43 finished eucl_raw in 1.2s (f1=0.626)
[Parallel(n_jobs=4)]: Done   1 tasks      | elapsed:    8.0s
[15:17:39]   [cpazmal] gamma=0.01 seed=42 finished eucl_raw in 1.2s (f1=0.609)
[Parallel(n_jobs=4)]: Done   2 out of   4 | elapsed:    8.0s remaining:    8.0s
[15:17:39]   [cpazmal] gamma=0.01 seed=44 finished eucl_raw in 1.1s (f1=0.674)
[15:17:39]   [cpazmal] gamma=0.01 seed=45 finished eucl_raw in 1.2s (f1=0.590)
[Parallel(n_jobs=4)]: Done   4 out of   4 | elapsed:    8.2s finished
[15:17:39] [full_baseline/cpazmal] gamma=0.01 method=eucl_raw batch done in 8.2s peak_rss=7421MB (avg/job=1855MB)
[15:17:39] [full_baseline/cpazmal] gamma=0.01 method=eucl_raw_nodiv starting batch (4 seeds, n_jobs=4)
[Parallel(n_jobs=4)]: Using backend LokyBackend with 4 concurrent workers.
[cpazmal] loading from cache (max_groups_per_class=None)
[cpazmal] loading from cache (max_groups_per_class=None)
[cpazmal] loading from cache (max_groups_per_class=None)
[cpazmal] loading from cache (max_groups_per_class=None)
[15:17:46] [load] fold=None seed=45 T=29 aggregate_days=None window_size=12 samples_per_step=64 n_train=105 (cap=105) n_test=175 (cap=175) classes_train=[0, 1, 2, 3, 4, 5, 6]
[15:17:46]   [cpazmal] gamma=0.01 method=eucl_raw_nodiv seed=45 data loaded in 5.02s rss=427MB (n_train=105 n_test=175)
[15:17:46] [load] fold=None seed=42 T=29 aggregate_days=None window_size=12 samples_per_step=64 n_train=105 (cap=105) n_test=175 (cap=175) classes_train=[0, 1, 2, 3, 4, 5, 6]
[15:17:46]   [cpazmal] gamma=0.01 method=eucl_raw_nodiv seed=42 data loaded in 5.04s rss=428MB (n_train=105 n_test=175)
[15:17:46] [load] fold=None seed=43 T=29 aggregate_days=None window_size=12 samples_per_step=64 n_train=105 (cap=105) n_test=175 (cap=175) classes_train=[0, 1, 2, 3, 4, 5, 6]
[15:17:46]   [cpazmal] gamma=0.01 method=eucl_raw_nodiv seed=43 data loaded in 5.11s rss=428MB (n_train=105 n_test=175)
[15:17:46] [load] fold=None seed=44 T=29 aggregate_days=None window_size=12 samples_per_step=64 n_train=105 (cap=105) n_test=175 (cap=175) classes_train=[0, 1, 2, 3, 4, 5, 6]
[15:17:46]   [cpazmal] gamma=0.01 method=eucl_raw_nodiv seed=44 data loaded in 5.13s rss=428MB (n_train=105 n_test=175)
[15:17:47]   [cpazmal] gamma=0.01 seed=45 finished eucl_raw_nodiv in 0.6s (f1=0.590)
[Parallel(n_jobs=4)]: Done   1 tasks      | elapsed:    7.5s
[15:17:47]   [cpazmal] gamma=0.01 seed=42 finished eucl_raw_nodiv in 0.7s (f1=0.609)
[Parallel(n_jobs=4)]: Done   2 out of   4 | elapsed:    7.6s remaining:    7.6s
[15:17:47]   [cpazmal] gamma=0.01 seed=43 finished eucl_raw_nodiv in 0.7s (f1=0.626)
[15:17:47]   [cpazmal] gamma=0.01 seed=44 finished eucl_raw_nodiv in 0.7s (f1=0.674)
[Parallel(n_jobs=4)]: Done   4 out of   4 | elapsed:    7.7s finished
[15:17:48] [full_baseline/cpazmal] gamma=0.01 method=eucl_raw_nodiv batch done in 7.7s peak_rss=7423MB (avg/job=1856MB)
[15:17:48] [full_baseline/cpazmal] gamma=0.01 method=sta starting batch (4 seeds, n_jobs=4)
[Parallel(n_jobs=4)]: Using backend LokyBackend with 4 concurrent workers.
[cpazmal] loading from cache (max_groups_per_class=None)
[cpazmal] loading from cache (max_groups_per_class=None)
[cpazmal] loading from cache (max_groups_per_class=None)
[cpazmal] loading from cache (max_groups_per_class=None)
[15:17:55] [load] fold=None seed=42 T=29 aggregate_days=None window_size=12 samples_per_step=64 n_train=105 (cap=105) n_test=175 (cap=175) classes_train=[0, 1, 2, 3, 4, 5, 6]
[15:17:55]   [cpazmal] gamma=0.01 method=sta seed=42 data loaded in 4.97s rss=427MB (n_train=105 n_test=175)
[15:17:55] [load] fold=None seed=43 T=29 aggregate_days=None window_size=12 samples_per_step=64 n_train=105 (cap=105) n_test=175 (cap=175) classes_train=[0, 1, 2, 3, 4, 5, 6]
[15:17:55]   [cpazmal] gamma=0.01 method=sta seed=43 data loaded in 5.07s rss=428MB (n_train=105 n_test=175)
[15:17:55] [load] fold=None seed=45 T=29 aggregate_days=None window_size=12 samples_per_step=64 n_train=105 (cap=105) n_test=175 (cap=175) classes_train=[0, 1, 2, 3, 4, 5, 6]
[15:17:55]   [cpazmal] gamma=0.01 method=sta seed=45 data loaded in 5.01s rss=428MB (n_train=105 n_test=175)
[15:17:55] [load] fold=None seed=44 T=29 aggregate_days=None window_size=12 samples_per_step=64 n_train=105 (cap=105) n_test=175 (cap=175) classes_train=[0, 1, 2, 3, 4, 5, 6]
[15:17:55]   [cpazmal] gamma=0.01 method=sta seed=44 data loaded in 5.11s rss=428MB (n_train=105 n_test=175)
/home/mgallet/Documents/Codes/Python/3_DEVELOPPEMENT/WaSPS-DTW/WaSPS-DTW/.venv/lib/python3.13/site-packages/joblib/externals/loky/backend/resource_tracker.py:359: UserWarning: resource_tracker: There appear to be 10 leaked semlock objects to clean up at shutdown
  warnings.warn(
/home/mgallet/Documents/Codes/Python/3_DEVELOPPEMENT/WaSPS-DTW/WaSPS-DTW/.venv/lib/python3.13/site-packages/joblib/externals/loky/backend/resource_tracker.py:359: UserWarning: resource_tracker: There appear to be 8 leaked folder objects to clean up at shutdown
  warnings.warn(
===== 2026-07-10 15:50:09 full_baseline_sweep starting =====
----- 15:50:09 dataset=river gamma=1.0e-2 starting -----
[15:50:10] ===== full_baseline config=configs/full_baseline.yaml seed=42 n_jobs=4 sta_n_jobs=None dataset=river gamma=0.01 force=False debug=True verbose=True =====
[15:50:10] methods=['wasps', 'wasps_nodiv', 'eucl_params', 'eucl_params_nodiv', 'eucl_raw', 'eucl_raw_nodiv', 'sta'] n_seeds=4 estimator=log_cumulant
[15:50:10] [full_baseline/river] gamma=0.01 already computed for all methods — skip (use --force to recompute)
[15:50:10] [full_baseline/river] eucl_params@g=0.01=0.382±0.065  eucl_params_nodiv@g=0.01=0.344±0.067  eucl_raw@g=0.01=0.385±0.051  eucl_raw_nodiv@g=0.01=0.253±0.158  sta@g=0.01=0.591±0.045  wasps@g=0.01=0.499±0.029  wasps_nodiv@g=0.01=0.496±0.027  eucl_params@g=1=0.426±0.065  eucl_params_nodiv@g=1=0.426±0.066  eucl_raw@g=1=0.405±0.047  eucl_raw_nodiv@g=1=0.399±0.045  sta@g=1=0.579±0.074  wasps@g=1=0.534±0.056  wasps_nodiv@g=1=0.492±0.041  eucl_params@g=100=0.446±0.062  eucl_params_nodiv@g=100=0.451±0.054  eucl_raw@g=100=0.436±0.082  eucl_raw_nodiv@g=100=0.377±0.055  sta@g=100=0.471±0.039  wasps@g=100=0.523±0.046  wasps_nodiv@g=100=0.472±0.047
[15:50:10] ===== full_baseline done =====
----- 15:50:11 dataset=river gamma=1.0e-2 done -----
----- 15:50:11 dataset=river gamma=1.0 starting -----
[15:50:12] ===== full_baseline config=configs/full_baseline.yaml seed=42 n_jobs=4 sta_n_jobs=None dataset=river gamma=1.0 force=False debug=True verbose=True =====
[15:50:12] methods=['wasps', 'wasps_nodiv', 'eucl_params', 'eucl_params_nodiv', 'eucl_raw', 'eucl_raw_nodiv', 'sta'] n_seeds=4 estimator=log_cumulant
[15:50:12] [full_baseline/river] gamma=1.0 already computed for all methods — skip (use --force to recompute)
[15:50:12] [full_baseline/river] eucl_params@g=0.01=0.382±0.065  eucl_params_nodiv@g=0.01=0.344±0.067  eucl_raw@g=0.01=0.385±0.051  eucl_raw_nodiv@g=0.01=0.253±0.158  sta@g=0.01=0.591±0.045  wasps@g=0.01=0.499±0.029  wasps_nodiv@g=0.01=0.496±0.027  eucl_params@g=1=0.426±0.065  eucl_params_nodiv@g=1=0.426±0.066  eucl_raw@g=1=0.405±0.047  eucl_raw_nodiv@g=1=0.399±0.045  sta@g=1=0.579±0.074  wasps@g=1=0.534±0.056  wasps_nodiv@g=1=0.492±0.041  eucl_params@g=100=0.446±0.062  eucl_params_nodiv@g=100=0.451±0.054  eucl_raw@g=100=0.436±0.082  eucl_raw_nodiv@g=100=0.377±0.055  sta@g=100=0.471±0.039  wasps@g=100=0.523±0.046  wasps_nodiv@g=100=0.472±0.047
[15:50:12] ===== full_baseline done =====
----- 15:50:13 dataset=river gamma=1.0 done -----
----- 15:50:13 dataset=river gamma=1.0e+2 starting -----
[15:50:15] ===== full_baseline config=configs/full_baseline.yaml seed=42 n_jobs=4 sta_n_jobs=None dataset=river gamma=100.0 force=False debug=True verbose=True =====
[15:50:15] methods=['wasps', 'wasps_nodiv', 'eucl_params', 'eucl_params_nodiv', 'eucl_raw', 'eucl_raw_nodiv', 'sta'] n_seeds=4 estimator=log_cumulant
[15:50:15] [full_baseline/river] gamma=100.0 already computed for all methods — skip (use --force to recompute)
[15:50:15] [full_baseline/river] eucl_params@g=0.01=0.382±0.065  eucl_params_nodiv@g=0.01=0.344±0.067  eucl_raw@g=0.01=0.385±0.051  eucl_raw_nodiv@g=0.01=0.253±0.158  sta@g=0.01=0.591±0.045  wasps@g=0.01=0.499±0.029  wasps_nodiv@g=0.01=0.496±0.027  eucl_params@g=1=0.426±0.065  eucl_params_nodiv@g=1=0.426±0.066  eucl_raw@g=1=0.405±0.047  eucl_raw_nodiv@g=1=0.399±0.045  sta@g=1=0.579±0.074  wasps@g=1=0.534±0.056  wasps_nodiv@g=1=0.492±0.041  eucl_params@g=100=0.446±0.062  eucl_params_nodiv@g=100=0.451±0.054  eucl_raw@g=100=0.436±0.082  eucl_raw_nodiv@g=100=0.377±0.055  sta@g=100=0.471±0.039  wasps@g=100=0.523±0.046  wasps_nodiv@g=100=0.472±0.047
[15:50:15] ===== full_baseline done =====
----- 15:50:15 dataset=river gamma=1.0e+2 done -----
----- 15:50:15 dataset=cpazmal gamma=1.0e-2 starting -----
[15:50:17] ===== full_baseline config=configs/full_baseline.yaml seed=42 n_jobs=4 sta_n_jobs=2 dataset=cpazmal gamma=0.01 force=False debug=True verbose=True =====
[15:50:17] methods=['wasps', 'wasps_nodiv', 'eucl_params', 'eucl_params_nodiv', 'eucl_raw', 'eucl_raw_nodiv', 'sta'] n_seeds=4 estimator=log_cumulant
[15:50:17] [full_baseline/cpazmal] gamma=0.01 computing methods=['sta']
[15:50:17] [full_baseline/cpazmal] gamma=0.01 method=sta starting batch (4 seeds, n_jobs=2)
[Parallel(n_jobs=2)]: Using backend LokyBackend with 2 concurrent workers.
[cpazmal] loading from cache (max_groups_per_class=None)
[cpazmal] loading from cache (max_groups_per_class=None)
[15:50:23] [load] fold=None seed=43 T=29 aggregate_days=None window_size=12 samples_per_step=64 n_train=105 (cap=105) n_test=175 (cap=175) classes_train=[0, 1, 2, 3, 4, 5, 6]
[15:50:23]   [cpazmal] gamma=0.01 method=sta seed=43 data loaded in 4.59s rss=428MB (n_train=105 n_test=175)
[15:50:23] [load] fold=None seed=42 T=29 aggregate_days=None window_size=12 samples_per_step=64 n_train=105 (cap=105) n_test=175 (cap=175) classes_train=[0, 1, 2, 3, 4, 5, 6]
[15:50:23]   [cpazmal] gamma=0.01 method=sta seed=42 data loaded in 4.61s rss=428MB (n_train=105 n_test=175)
[17:16:06]   [cpazmal] gamma=0.01 seed=42 finished sta in 5143.2s (f1=0.695)
[Parallel(n_jobs=2)]: Done   1 tasks      | elapsed: 85.8min
[cpazmal] loading from cache (max_groups_per_class=None)
[17:16:09]   [cpazmal] gamma=0.01 seed=43 finished sta in 5146.2s (f1=0.779)
[Parallel(n_jobs=2)]: Done   2 out of   4 | elapsed: 85.9min remaining: 85.9min
[cpazmal] loading from cache (max_groups_per_class=None)
[17:16:12] [load] fold=None seed=44 T=29 aggregate_days=None window_size=12 samples_per_step=64 n_train=105 (cap=105) n_test=175 (cap=175) classes_train=[0, 1, 2, 3, 4, 5, 6]
[17:16:12]   [cpazmal] gamma=0.01 method=sta seed=44 data loaded in 4.59s rss=6568MB (n_train=105 n_test=175)
[17:16:15] [load] fold=None seed=45 T=29 aggregate_days=None window_size=12 samples_per_step=64 n_train=105 (cap=105) n_test=175 (cap=175) classes_train=[0, 1, 2, 3, 4, 5, 6]
[17:16:15]   [cpazmal] gamma=0.01 method=sta seed=45 data loaded in 4.54s rss=6565MB (n_train=105 n_test=175)
[18:45:54]   [cpazmal] gamma=0.01 seed=44 finished sta in 5381.6s (f1=0.784)
[18:45:57]   [cpazmal] gamma=0.01 seed=45 finished sta in 5381.5s (f1=0.646)
[Parallel(n_jobs=2)]: Done   4 out of   4 | elapsed: 175.7min finished
[18:46:22] [full_baseline/cpazmal] gamma=0.01 method=sta batch done in 10540.0s peak_rss=15896MB (avg/job=7948MB)
[18:46:22] [full_baseline/cpazmal] eucl_params@g=0.01=0.371±0.029  eucl_params_nodiv@g=0.01=0.368±0.030  eucl_raw@g=0.01=0.625±0.031  eucl_raw_nodiv@g=0.01=0.625±0.031  sta@g=0.01=0.726±0.058  wasps@g=0.01=0.701±0.025  wasps_nodiv@g=0.01=0.658±0.024
[18:46:22] ===== full_baseline done =====
----- 18:46:22 dataset=cpazmal gamma=1.0e-2 done -----
----- 18:46:22 dataset=cpazmal gamma=1.0 starting -----
[18:46:24] ===== full_baseline config=configs/full_baseline.yaml seed=42 n_jobs=4 sta_n_jobs=2 dataset=cpazmal gamma=1.0 force=False debug=True verbose=True =====
[18:46:24] methods=['wasps', 'wasps_nodiv', 'eucl_params', 'eucl_params_nodiv', 'eucl_raw', 'eucl_raw_nodiv', 'sta'] n_seeds=4 estimator=log_cumulant
[18:46:24] [full_baseline/cpazmal] gamma=1.0 computing methods=['wasps', 'wasps_nodiv', 'eucl_params', 'eucl_params_nodiv', 'eucl_raw', 'eucl_raw_nodiv', 'sta']
[18:46:24] [full_baseline/cpazmal] gamma=1.0 method=wasps starting batch (4 seeds, n_jobs=4)
[Parallel(n_jobs=4)]: Using backend LokyBackend with 4 concurrent workers.
[cpazmal] loading from cache (max_groups_per_class=None)
[cpazmal] loading from cache (max_groups_per_class=None)
[cpazmal] loading from cache (max_groups_per_class=None)
[cpazmal] loading from cache (max_groups_per_class=None)
[18:46:31] [load] fold=None seed=44 T=29 aggregate_days=None window_size=12 samples_per_step=64 n_train=105 (cap=105) n_test=175 (cap=175) classes_train=[0, 1, 2, 3, 4, 5, 6]
[18:46:31]   [cpazmal] gamma=1.0 method=wasps seed=44 data loaded in 4.88s rss=428MB (n_train=105 n_test=175)
[18:46:31] [load] fold=None seed=45 T=29 aggregate_days=None window_size=12 samples_per_step=64 n_train=105 (cap=105) n_test=175 (cap=175) classes_train=[0, 1, 2, 3, 4, 5, 6]
[18:46:31]   [cpazmal] gamma=1.0 method=wasps seed=45 data loaded in 5.03s rss=428MB (n_train=105 n_test=175)
[18:46:31] [load] fold=None seed=43 T=29 aggregate_days=None window_size=12 samples_per_step=64 n_train=105 (cap=105) n_test=175 (cap=175) classes_train=[0, 1, 2, 3, 4, 5, 6]
[18:46:31]   [cpazmal] gamma=1.0 method=wasps seed=43 data loaded in 5.10s rss=428MB (n_train=105 n_test=175)
[18:46:31] [load] fold=None seed=42 T=29 aggregate_days=None window_size=12 samples_per_step=64 n_train=105 (cap=105) n_test=175 (cap=175) classes_train=[0, 1, 2, 3, 4, 5, 6]
[18:46:31]   [cpazmal] gamma=1.0 method=wasps seed=42 data loaded in 5.18s rss=429MB (n_train=105 n_test=175)
[18:46:33]   [cpazmal] gamma=1.0 seed=44 finished wasps in 1.9s (f1=0.715)
[Parallel(n_jobs=4)]: Done   1 tasks      | elapsed:    8.6s
[18:46:33]   [cpazmal] gamma=1.0 seed=45 finished wasps in 1.9s (f1=0.717)
[Parallel(n_jobs=4)]: Done   2 out of   4 | elapsed:    8.8s remaining:    8.8s
[18:46:33]   [cpazmal] gamma=1.0 seed=43 finished wasps in 1.8s (f1=0.758)
[18:46:33]   [cpazmal] gamma=1.0 seed=42 finished wasps in 1.8s (f1=0.673)
[Parallel(n_jobs=4)]: Done   4 out of   4 | elapsed:    8.9s finished
[18:46:34] [full_baseline/cpazmal] gamma=1.0 method=wasps batch done in 8.9s peak_rss=7421MB (avg/job=1855MB)
[18:46:34] [full_baseline/cpazmal] gamma=1.0 method=wasps_nodiv starting batch (4 seeds, n_jobs=4)
[Parallel(n_jobs=4)]: Using backend LokyBackend with 4 concurrent workers.
[cpazmal] loading from cache (max_groups_per_class=None)
[cpazmal] loading from cache (max_groups_per_class=None)
[cpazmal] loading from cache (max_groups_per_class=None)
[cpazmal] loading from cache (max_groups_per_class=None)
[18:46:40] [load] fold=None seed=45 T=29 aggregate_days=None window_size=12 samples_per_step=64 n_train=105 (cap=105) n_test=175 (cap=175) classes_train=[0, 1, 2, 3, 4, 5, 6]
[18:46:40]   [cpazmal] gamma=1.0 method=wasps_nodiv seed=45 data loaded in 4.95s rss=428MB (n_train=105 n_test=175)
[18:46:40] [load] fold=None seed=44 T=29 aggregate_days=None window_size=12 samples_per_step=64 n_train=105 (cap=105) n_test=175 (cap=175) classes_train=[0, 1, 2, 3, 4, 5, 6]
[18:46:40]   [cpazmal] gamma=1.0 method=wasps_nodiv seed=44 data loaded in 4.97s rss=428MB (n_train=105 n_test=175)
[18:46:40] [load] fold=None seed=42 T=29 aggregate_days=None window_size=12 samples_per_step=64 n_train=105 (cap=105) n_test=175 (cap=175) classes_train=[0, 1, 2, 3, 4, 5, 6]
[18:46:40]   [cpazmal] gamma=1.0 method=wasps_nodiv seed=42 data loaded in 4.97s rss=425MB (n_train=105 n_test=175)
[18:46:40] [load] fold=None seed=43 T=29 aggregate_days=None window_size=12 samples_per_step=64 n_train=105 (cap=105) n_test=175 (cap=175) classes_train=[0, 1, 2, 3, 4, 5, 6]
[18:46:40]   [cpazmal] gamma=1.0 method=wasps_nodiv seed=43 data loaded in 5.03s rss=425MB (n_train=105 n_test=175)
[18:46:42]   [cpazmal] gamma=1.0 seed=45 finished wasps_nodiv in 1.3s (f1=0.519)
[Parallel(n_jobs=4)]: Done   1 tasks      | elapsed:    8.1s
[18:46:42]   [cpazmal] gamma=1.0 seed=44 finished wasps_nodiv in 1.3s (f1=0.489)
[Parallel(n_jobs=4)]: Done   2 out of   4 | elapsed:    8.1s remaining:    8.1s
[18:46:42]   [cpazmal] gamma=1.0 seed=42 finished wasps_nodiv in 1.3s (f1=0.431)
[18:46:42]   [cpazmal] gamma=1.0 seed=43 finished wasps_nodiv in 1.3s (f1=0.558)
[Parallel(n_jobs=4)]: Done   4 out of   4 | elapsed:    8.2s finished
[18:46:42] [full_baseline/cpazmal] gamma=1.0 method=wasps_nodiv batch done in 8.2s peak_rss=7417MB (avg/job=1854MB)
[18:46:42] [full_baseline/cpazmal] gamma=1.0 method=eucl_params starting batch (4 seeds, n_jobs=4)
[Parallel(n_jobs=4)]: Using backend LokyBackend with 4 concurrent workers.
[cpazmal] loading from cache (max_groups_per_class=None)
[cpazmal] loading from cache (max_groups_per_class=None)
[cpazmal] loading from cache (max_groups_per_class=None)
[cpazmal] loading from cache (max_groups_per_class=None)
[18:46:49] [load] fold=None seed=44 T=29 aggregate_days=None window_size=12 samples_per_step=64 n_train=105 (cap=105) n_test=175 (cap=175) classes_train=[0, 1, 2, 3, 4, 5, 6]
[18:46:49]   [cpazmal] gamma=1.0 method=eucl_params seed=44 data loaded in 5.04s rss=428MB (n_train=105 n_test=175)
[18:46:49] [load] fold=None seed=45 T=29 aggregate_days=None window_size=12 samples_per_step=64 n_train=105 (cap=105) n_test=175 (cap=175) classes_train=[0, 1, 2, 3, 4, 5, 6]
[18:46:49]   [cpazmal] gamma=1.0 method=eucl_params seed=45 data loaded in 5.10s rss=428MB (n_train=105 n_test=175)
[18:46:49] [load] fold=None seed=43 T=29 aggregate_days=None window_size=12 samples_per_step=64 n_train=105 (cap=105) n_test=175 (cap=175) classes_train=[0, 1, 2, 3, 4, 5, 6]
[18:46:49]   [cpazmal] gamma=1.0 method=eucl_params seed=43 data loaded in 5.10s rss=428MB (n_train=105 n_test=175)
[18:46:49] [load] fold=None seed=42 T=29 aggregate_days=None window_size=12 samples_per_step=64 n_train=105 (cap=105) n_test=175 (cap=175) classes_train=[0, 1, 2, 3, 4, 5, 6]
[18:46:49]   [cpazmal] gamma=1.0 method=eucl_params seed=42 data loaded in 5.08s rss=427MB (n_train=105 n_test=175)
[18:46:51]   [cpazmal] gamma=1.0 seed=44 finished eucl_params in 1.5s (f1=0.426)
[Parallel(n_jobs=4)]: Done   1 tasks      | elapsed:    8.4s
[18:46:51]   [cpazmal] gamma=1.0 seed=42 finished eucl_params in 1.5s (f1=0.366)
[Parallel(n_jobs=4)]: Done   2 out of   4 | elapsed:    8.5s remaining:    8.5s
[18:46:51]   [cpazmal] gamma=1.0 seed=43 finished eucl_params in 1.6s (f1=0.393)
[18:46:51]   [cpazmal] gamma=1.0 seed=45 finished eucl_params in 1.6s (f1=0.448)
[Parallel(n_jobs=4)]: Done   4 out of   4 | elapsed:    8.6s finished
[18:46:52] [full_baseline/cpazmal] gamma=1.0 method=eucl_params batch done in 8.6s peak_rss=7422MB (avg/job=1855MB)
[18:46:52] [full_baseline/cpazmal] gamma=1.0 method=eucl_params_nodiv starting batch (4 seeds, n_jobs=4)
[Parallel(n_jobs=4)]: Using backend LokyBackend with 4 concurrent workers.
[cpazmal] loading from cache (max_groups_per_class=None)
[cpazmal] loading from cache (max_groups_per_class=None)
[cpazmal] loading from cache (max_groups_per_class=None)
[cpazmal] loading from cache (max_groups_per_class=None)
[18:46:58] [load] fold=None seed=44 T=29 aggregate_days=None window_size=12 samples_per_step=64 n_train=105 (cap=105) n_test=175 (cap=175) classes_train=[0, 1, 2, 3, 4, 5, 6]
[18:46:58]   [cpazmal] gamma=1.0 method=eucl_params_nodiv seed=44 data loaded in 4.94s rss=428MB (n_train=105 n_test=175)
[18:46:58] [load] fold=None seed=45 T=29 aggregate_days=None window_size=12 samples_per_step=64 n_train=105 (cap=105) n_test=175 (cap=175) classes_train=[0, 1, 2, 3, 4, 5, 6]
[18:46:58]   [cpazmal] gamma=1.0 method=eucl_params_nodiv seed=45 data loaded in 4.97s rss=428MB (n_train=105 n_test=175)
[18:46:58] [load] fold=None seed=42 T=29 aggregate_days=None window_size=12 samples_per_step=64 n_train=105 (cap=105) n_test=175 (cap=175) classes_train=[0, 1, 2, 3, 4, 5, 6]
[18:46:58]   [cpazmal] gamma=1.0 method=eucl_params_nodiv seed=42 data loaded in 5.06s rss=427MB (n_train=105 n_test=175)
[18:46:58] [load] fold=None seed=43 T=29 aggregate_days=None window_size=12 samples_per_step=64 n_train=105 (cap=105) n_test=175 (cap=175) classes_train=[0, 1, 2, 3, 4, 5, 6]
[18:46:58]   [cpazmal] gamma=1.0 method=eucl_params_nodiv seed=43 data loaded in 5.07s rss=428MB (n_train=105 n_test=175)
[18:46:59]   [cpazmal] gamma=1.0 seed=44 finished eucl_params_nodiv in 1.2s (f1=0.266)
[Parallel(n_jobs=4)]: Done   1 tasks      | elapsed:    8.0s
[18:47:00]   [cpazmal] gamma=1.0 seed=45 finished eucl_params_nodiv in 1.2s (f1=0.391)
[Parallel(n_jobs=4)]: Done   2 out of   4 | elapsed:    8.0s remaining:    8.0s
[18:47:00]   [cpazmal] gamma=1.0 seed=42 finished eucl_params_nodiv in 1.2s (f1=0.351)
[18:47:00]   [cpazmal] gamma=1.0 seed=43 finished eucl_params_nodiv in 1.2s (f1=0.320)
[Parallel(n_jobs=4)]: Done   4 out of   4 | elapsed:    8.1s finished
[18:47:00] [full_baseline/cpazmal] gamma=1.0 method=eucl_params_nodiv batch done in 8.1s peak_rss=7421MB (avg/job=1855MB)
[18:47:00] [full_baseline/cpazmal] gamma=1.0 method=eucl_raw starting batch (4 seeds, n_jobs=4)
[Parallel(n_jobs=4)]: Using backend LokyBackend with 4 concurrent workers.
[cpazmal] loading from cache (max_groups_per_class=None)
[cpazmal] loading from cache (max_groups_per_class=None)
[cpazmal] loading from cache (max_groups_per_class=None)
[cpazmal] loading from cache (max_groups_per_class=None)
[18:47:07] [load] fold=None seed=45 T=29 aggregate_days=None window_size=12 samples_per_step=64 n_train=105 (cap=105) n_test=175 (cap=175) classes_train=[0, 1, 2, 3, 4, 5, 6]
[18:47:07] [load] fold=None seed=42 T=29 aggregate_days=None window_size=12 samples_per_step=64 n_train=105 (cap=105) n_test=175 (cap=175) classes_train=[0, 1, 2, 3, 4, 5, 6]
[18:47:07]   [cpazmal] gamma=1.0 method=eucl_raw seed=45 data loaded in 4.94s rss=428MB (n_train=105 n_test=175)
[18:47:07]   [cpazmal] gamma=1.0 method=eucl_raw seed=42 data loaded in 4.97s rss=428MB (n_train=105 n_test=175)
[18:47:07] [load] fold=None seed=43 T=29 aggregate_days=None window_size=12 samples_per_step=64 n_train=105 (cap=105) n_test=175 (cap=175) classes_train=[0, 1, 2, 3, 4, 5, 6]
[18:47:07]   [cpazmal] gamma=1.0 method=eucl_raw seed=43 data loaded in 4.99s rss=428MB (n_train=105 n_test=175)
[18:47:07] [load] fold=None seed=44 T=29 aggregate_days=None window_size=12 samples_per_step=64 n_train=105 (cap=105) n_test=175 (cap=175) classes_train=[0, 1, 2, 3, 4, 5, 6]
[18:47:07]   [cpazmal] gamma=1.0 method=eucl_raw seed=44 data loaded in 5.15s rss=428MB (n_train=105 n_test=175)
[18:47:08]   [cpazmal] gamma=1.0 seed=45 finished eucl_raw in 1.2s (f1=0.645)
[Parallel(n_jobs=4)]: Done   1 tasks      | elapsed:    8.0s
[18:47:08]   [cpazmal] gamma=1.0 seed=42 finished eucl_raw in 1.2s (f1=0.600)
[Parallel(n_jobs=4)]: Done   2 out of   4 | elapsed:    8.0s remaining:    8.0s
[18:47:08]   [cpazmal] gamma=1.0 seed=43 finished eucl_raw in 1.2s (f1=0.627)
[18:47:08]   [cpazmal] gamma=1.0 seed=44 finished eucl_raw in 1.2s (f1=0.670)
[Parallel(n_jobs=4)]: Done   4 out of   4 | elapsed:    8.1s finished
[18:47:09] [full_baseline/cpazmal] gamma=1.0 method=eucl_raw batch done in 8.1s peak_rss=7422MB (avg/job=1855MB)
[18:47:09] [full_baseline/cpazmal] gamma=1.0 method=eucl_raw_nodiv starting batch (4 seeds, n_jobs=4)
[Parallel(n_jobs=4)]: Using backend LokyBackend with 4 concurrent workers.
[cpazmal] loading from cache (max_groups_per_class=None)
[cpazmal] loading from cache (max_groups_per_class=None)
[cpazmal] loading from cache (max_groups_per_class=None)
[cpazmal] loading from cache (max_groups_per_class=None)
[18:47:16] [load] fold=None seed=42 T=29 aggregate_days=None window_size=12 samples_per_step=64 n_train=105 (cap=105) n_test=175 (cap=175) classes_train=[0, 1, 2, 3, 4, 5, 6]
[18:47:16]   [cpazmal] gamma=1.0 method=eucl_raw_nodiv seed=42 data loaded in 4.88s rss=428MB (n_train=105 n_test=175)
[18:47:16] [load] fold=None seed=43 T=29 aggregate_days=None window_size=12 samples_per_step=64 n_train=105 (cap=105) n_test=175 (cap=175) classes_train=[0, 1, 2, 3, 4, 5, 6]
[18:47:16]   [cpazmal] gamma=1.0 method=eucl_raw_nodiv seed=43 data loaded in 5.00s rss=428MB (n_train=105 n_test=175)
[18:47:16] [load] fold=None seed=44 T=29 aggregate_days=None window_size=12 samples_per_step=64 n_train=105 (cap=105) n_test=175 (cap=175) classes_train=[0, 1, 2, 3, 4, 5, 6]
[18:47:16]   [cpazmal] gamma=1.0 method=eucl_raw_nodiv seed=44 data loaded in 5.02s rss=428MB (n_train=105 n_test=175)
[18:47:16] [load] fold=None seed=45 T=29 aggregate_days=None window_size=12 samples_per_step=64 n_train=105 (cap=105) n_test=175 (cap=175) classes_train=[0, 1, 2, 3, 4, 5, 6]
[18:47:16]   [cpazmal] gamma=1.0 method=eucl_raw_nodiv seed=45 data loaded in 5.13s rss=428MB (n_train=105 n_test=175)
[18:47:16]   [cpazmal] gamma=1.0 seed=42 finished eucl_raw_nodiv in 0.6s (f1=0.512)
[Parallel(n_jobs=4)]: Done   1 tasks      | elapsed:    7.4s
[18:47:16]   [cpazmal] gamma=1.0 seed=43 finished eucl_raw_nodiv in 0.6s (f1=0.560)
[Parallel(n_jobs=4)]: Done   2 out of   4 | elapsed:    7.5s remaining:    7.5s
[18:47:17]   [cpazmal] gamma=1.0 seed=44 finished eucl_raw_nodiv in 0.7s (f1=0.580)
[18:47:17]   [cpazmal] gamma=1.0 seed=45 finished eucl_raw_nodiv in 0.6s (f1=0.509)
[Parallel(n_jobs=4)]: Done   4 out of   4 | elapsed:    7.7s finished
[18:47:17] [full_baseline/cpazmal] gamma=1.0 method=eucl_raw_nodiv batch done in 7.7s peak_rss=7424MB (avg/job=1856MB)
[18:47:17] [full_baseline/cpazmal] gamma=1.0 method=sta starting batch (4 seeds, n_jobs=2)
[Parallel(n_jobs=2)]: Using backend LokyBackend with 2 concurrent workers.
[cpazmal] loading from cache (max_groups_per_class=None)
[cpazmal] loading from cache (max_groups_per_class=None)
[18:47:24] [load] fold=None seed=43 T=29 aggregate_days=None window_size=12 samples_per_step=64 n_train=105 (cap=105) n_test=175 (cap=175) classes_train=[0, 1, 2, 3, 4, 5, 6]
[18:47:24] [load] fold=None seed=42 T=29 aggregate_days=None window_size=12 samples_per_step=64 n_train=105 (cap=105) n_test=175 (cap=175) classes_train=[0, 1, 2, 3, 4, 5, 6]
[18:47:24]   [cpazmal] gamma=1.0 method=sta seed=43 data loaded in 4.64s rss=428MB (n_train=105 n_test=175)
[18:47:24]   [cpazmal] gamma=1.0 method=sta seed=42 data loaded in 4.64s rss=428MB (n_train=105 n_test=175)
[20:12:25]   [cpazmal] gamma=1.0 seed=42 finished sta in 5100.9s (f1=0.546)
[Parallel(n_jobs=2)]: Done   1 tasks      | elapsed: 85.1min
[cpazmal] loading from cache (max_groups_per_class=None)
[20:12:31] [load] fold=None seed=44 T=29 aggregate_days=None window_size=12 samples_per_step=64 n_train=105 (cap=105) n_test=175 (cap=175) classes_train=[0, 1, 2, 3, 4, 5, 6]
[20:12:31]   [cpazmal] gamma=1.0 method=sta seed=44 data loaded in 4.74s rss=6483MB (n_train=105 n_test=175)
[20:12:38]   [cpazmal] gamma=1.0 seed=43 finished sta in 5114.0s (f1=0.602)
[Parallel(n_jobs=2)]: Done   2 out of   4 | elapsed: 85.3min remaining: 85.3min
[cpazmal] loading from cache (max_groups_per_class=None)
[20:12:44] [load] fold=None seed=45 T=29 aggregate_days=None window_size=12 samples_per_step=64 n_train=105 (cap=105) n_test=175 (cap=175) classes_train=[0, 1, 2, 3, 4, 5, 6]
[20:12:44]   [cpazmal] gamma=1.0 method=sta seed=45 data loaded in 4.68s rss=6482MB (n_train=105 n_test=175)
[21:41:35]   [cpazmal] gamma=1.0 seed=44 finished sta in 5344.0s (f1=0.638)
[21:41:47]   [cpazmal] gamma=1.0 seed=45 finished sta in 5343.4s (f1=0.518)
[Parallel(n_jobs=2)]: Done   4 out of   4 | elapsed: 174.5min finished
[21:42:12] [full_baseline/cpazmal] gamma=1.0 method=sta batch done in 10469.9s peak_rss=14354MB (avg/job=7177MB)
[21:42:12] [full_baseline/cpazmal] eucl_params@g=0.01=0.371±0.029  eucl_params_nodiv@g=0.01=0.368±0.030  eucl_raw@g=0.01=0.625±0.031  eucl_raw_nodiv@g=0.01=0.625±0.031  sta@g=0.01=0.726±0.058  wasps@g=0.01=0.701±0.025  wasps_nodiv@g=0.01=0.658±0.024  eucl_params@g=1=0.408±0.031  eucl_params_nodiv@g=1=0.332±0.046  eucl_raw@g=1=0.636±0.026  eucl_raw_nodiv@g=1=0.540±0.031  sta@g=1=0.576±0.047  wasps@g=1=0.716±0.030  wasps_nodiv@g=1=0.499±0.046
[21:42:12] ===== full_baseline done =====
----- 21:42:13 dataset=cpazmal gamma=1.0 done -----
----- 21:42:13 dataset=cpazmal gamma=1.0e+2 starting -----
[21:42:15] ===== full_baseline config=configs/full_baseline.yaml seed=42 n_jobs=4 sta_n_jobs=2 dataset=cpazmal gamma=100.0 force=False debug=True verbose=True =====
[21:42:15] methods=['wasps', 'wasps_nodiv', 'eucl_params', 'eucl_params_nodiv', 'eucl_raw', 'eucl_raw_nodiv', 'sta'] n_seeds=4 estimator=log_cumulant
[21:42:15] [full_baseline/cpazmal] gamma=100.0 computing methods=['wasps', 'wasps_nodiv', 'eucl_params', 'eucl_params_nodiv', 'eucl_raw', 'eucl_raw_nodiv', 'sta']
[21:42:15] [full_baseline/cpazmal] gamma=100.0 method=wasps starting batch (4 seeds, n_jobs=4)
[Parallel(n_jobs=4)]: Using backend LokyBackend with 4 concurrent workers.
[cpazmal] loading from cache (max_groups_per_class=None)
[cpazmal] loading from cache (max_groups_per_class=None)
[cpazmal] loading from cache (max_groups_per_class=None)
[cpazmal] loading from cache (max_groups_per_class=None)
[21:42:21] [load] fold=None seed=44 T=29 aggregate_days=None window_size=12 samples_per_step=64 n_train=105 (cap=105) n_test=175 (cap=175) classes_train=[0, 1, 2, 3, 4, 5, 6]
[21:42:21]   [cpazmal] gamma=100.0 method=wasps seed=44 data loaded in 4.96s rss=427MB (n_train=105 n_test=175)
[21:42:21] [load] fold=None seed=45 T=29 aggregate_days=None window_size=12 samples_per_step=64 n_train=105 (cap=105) n_test=175 (cap=175) classes_train=[0, 1, 2, 3, 4, 5, 6]
[21:42:21]   [cpazmal] gamma=100.0 method=wasps seed=45 data loaded in 4.98s rss=428MB (n_train=105 n_test=175)
[21:42:21] [load] fold=None seed=43 T=29 aggregate_days=None window_size=12 samples_per_step=64 n_train=105 (cap=105) n_test=175 (cap=175) classes_train=[0, 1, 2, 3, 4, 5, 6]
[21:42:21]   [cpazmal] gamma=100.0 method=wasps seed=43 data loaded in 5.03s rss=426MB (n_train=105 n_test=175)
[21:42:21] [load] fold=None seed=42 T=29 aggregate_days=None window_size=12 samples_per_step=64 n_train=105 (cap=105) n_test=175 (cap=175) classes_train=[0, 1, 2, 3, 4, 5, 6]
[21:42:21]   [cpazmal] gamma=100.0 method=wasps seed=42 data loaded in 5.04s rss=425MB (n_train=105 n_test=175)
[21:42:23]   [cpazmal] gamma=100.0 seed=44 finished wasps in 1.9s (f1=0.699)
[Parallel(n_jobs=4)]: Done   1 tasks      | elapsed:    8.7s
[21:42:23]   [cpazmal] gamma=100.0 seed=45 finished wasps in 1.9s (f1=0.717)
[Parallel(n_jobs=4)]: Done   2 out of   4 | elapsed:    8.8s remaining:    8.8s
[21:42:23]   [cpazmal] gamma=100.0 seed=43 finished wasps in 1.9s (f1=0.755)
[21:42:23]   [cpazmal] gamma=100.0 seed=42 finished wasps in 1.9s (f1=0.668)
[Parallel(n_jobs=4)]: Done   4 out of   4 | elapsed:    8.8s finished
[21:42:24] [full_baseline/cpazmal] gamma=100.0 method=wasps batch done in 8.8s peak_rss=7416MB (avg/job=1854MB)
[21:42:24] [full_baseline/cpazmal] gamma=100.0 method=wasps_nodiv starting batch (4 seeds, n_jobs=4)
[Parallel(n_jobs=4)]: Using backend LokyBackend with 4 concurrent workers.
[cpazmal] loading from cache (max_groups_per_class=None)
[cpazmal] loading from cache (max_groups_per_class=None)
[cpazmal] loading from cache (max_groups_per_class=None)
[cpazmal] loading from cache (max_groups_per_class=None)
[21:42:31] [load] fold=None seed=45 T=29 aggregate_days=None window_size=12 samples_per_step=64 n_train=105 (cap=105) n_test=175 (cap=175) classes_train=[0, 1, 2, 3, 4, 5, 6]
[21:42:31]   [cpazmal] gamma=100.0 method=wasps_nodiv seed=45 data loaded in 5.04s rss=425MB (n_train=105 n_test=175)
[21:42:31] [load] fold=None seed=44 T=29 aggregate_days=None window_size=12 samples_per_step=64 n_train=105 (cap=105) n_test=175 (cap=175) classes_train=[0, 1, 2, 3, 4, 5, 6]
[21:42:31]   [cpazmal] gamma=100.0 method=wasps_nodiv seed=44 data loaded in 5.07s rss=425MB (n_train=105 n_test=175)
[21:42:31] [load] fold=None seed=42 T=29 aggregate_days=None window_size=12 samples_per_step=64 n_train=105 (cap=105) n_test=175 (cap=175) classes_train=[0, 1, 2, 3, 4, 5, 6]
[21:42:31]   [cpazmal] gamma=100.0 method=wasps_nodiv seed=42 data loaded in 5.07s rss=425MB (n_train=105 n_test=175)
[21:42:31] [load] fold=None seed=43 T=29 aggregate_days=None window_size=12 samples_per_step=64 n_train=105 (cap=105) n_test=175 (cap=175) classes_train=[0, 1, 2, 3, 4, 5, 6]
[21:42:31]   [cpazmal] gamma=100.0 method=wasps_nodiv seed=43 data loaded in 5.20s rss=425MB (n_train=105 n_test=175)
[21:42:32]   [cpazmal] gamma=100.0 seed=44 finished wasps_nodiv in 1.3s (f1=0.490)
[Parallel(n_jobs=4)]: Done   1 tasks      | elapsed:    8.2s
[21:42:32]   [cpazmal] gamma=100.0 seed=45 finished wasps_nodiv in 1.3s (f1=0.519)
[Parallel(n_jobs=4)]: Done   2 out of   4 | elapsed:    8.2s remaining:    8.2s
[21:42:32]   [cpazmal] gamma=100.0 seed=42 finished wasps_nodiv in 1.3s (f1=0.396)
[21:42:32]   [cpazmal] gamma=100.0 seed=43 finished wasps_nodiv in 1.4s (f1=0.525)
[Parallel(n_jobs=4)]: Done   4 out of   4 | elapsed:    8.4s finished
[21:42:33] [full_baseline/cpazmal] gamma=100.0 method=wasps_nodiv batch done in 8.4s peak_rss=7412MB (avg/job=1853MB)
[21:42:33] [full_baseline/cpazmal] gamma=100.0 method=eucl_params starting batch (4 seeds, n_jobs=4)
[Parallel(n_jobs=4)]: Using backend LokyBackend with 4 concurrent workers.
[cpazmal] loading from cache (max_groups_per_class=None)
[cpazmal] loading from cache (max_groups_per_class=None)
[cpazmal] loading from cache (max_groups_per_class=None)
[cpazmal] loading from cache (max_groups_per_class=None)
[21:42:40] [load] fold=None seed=45 T=29 aggregate_days=None window_size=12 samples_per_step=64 n_train=105 (cap=105) n_test=175 (cap=175) classes_train=[0, 1, 2, 3, 4, 5, 6]
[21:42:40]   [cpazmal] gamma=100.0 method=eucl_params seed=45 data loaded in 4.97s rss=429MB (n_train=105 n_test=175)
[21:42:40] [load] fold=None seed=42 T=29 aggregate_days=None window_size=12 samples_per_step=64 n_train=105 (cap=105) n_test=175 (cap=175) classes_train=[0, 1, 2, 3, 4, 5, 6]
[21:42:40]   [cpazmal] gamma=100.0 method=eucl_params seed=42 data loaded in 4.99s rss=428MB (n_train=105 n_test=175)
[21:42:40] [load] fold=None seed=44 T=29 aggregate_days=None window_size=12 samples_per_step=64 n_train=105 (cap=105) n_test=175 (cap=175) classes_train=[0, 1, 2, 3, 4, 5, 6]
[21:42:40]   [cpazmal] gamma=100.0 method=eucl_params seed=44 data loaded in 5.03s rss=428MB (n_train=105 n_test=175)
[21:42:40] [load] fold=None seed=43 T=29 aggregate_days=None window_size=12 samples_per_step=64 n_train=105 (cap=105) n_test=175 (cap=175) classes_train=[0, 1, 2, 3, 4, 5, 6]
[21:42:40]   [cpazmal] gamma=100.0 method=eucl_params seed=43 data loaded in 5.07s rss=428MB (n_train=105 n_test=175)
[21:42:41]   [cpazmal] gamma=100.0 seed=45 finished eucl_params in 1.5s (f1=0.416)
[Parallel(n_jobs=4)]: Done   1 tasks      | elapsed:    8.4s
[21:42:41]   [cpazmal] gamma=100.0 seed=42 finished eucl_params in 1.6s (f1=0.358)
[Parallel(n_jobs=4)]: Done   2 out of   4 | elapsed:    8.4s remaining:    8.4s
[21:42:41]   [cpazmal] gamma=100.0 seed=44 finished eucl_params in 1.5s (f1=0.388)
[21:42:41]   [cpazmal] gamma=100.0 seed=43 finished eucl_params in 1.6s (f1=0.427)
[Parallel(n_jobs=4)]: Done   4 out of   4 | elapsed:    8.5s finished
[21:42:42] [full_baseline/cpazmal] gamma=100.0 method=eucl_params batch done in 8.5s peak_rss=7421MB (avg/job=1855MB)
[21:42:42] [full_baseline/cpazmal] gamma=100.0 method=eucl_params_nodiv starting batch (4 seeds, n_jobs=4)
[Parallel(n_jobs=4)]: Using backend LokyBackend with 4 concurrent workers.
[cpazmal] loading from cache (max_groups_per_class=None)
[cpazmal] loading from cache (max_groups_per_class=None)
[cpazmal] loading from cache (max_groups_per_class=None)
[cpazmal] loading from cache (max_groups_per_class=None)
[21:42:49] [load] fold=None seed=43 T=29 aggregate_days=None window_size=12 samples_per_step=64 n_train=105 (cap=105) n_test=175 (cap=175) classes_train=[0, 1, 2, 3, 4, 5, 6]
[21:42:49]   [cpazmal] gamma=100.0 method=eucl_params_nodiv seed=43 data loaded in 5.00s rss=429MB (n_train=105 n_test=175)
[21:42:49] [load] fold=None seed=44 T=29 aggregate_days=None window_size=12 samples_per_step=64 n_train=105 (cap=105) n_test=175 (cap=175) classes_train=[0, 1, 2, 3, 4, 5, 6]
[21:42:49]   [cpazmal] gamma=100.0 method=eucl_params_nodiv seed=44 data loaded in 5.00s rss=428MB (n_train=105 n_test=175)
[21:42:49] [load] fold=None seed=42 T=29 aggregate_days=None window_size=12 samples_per_step=64 n_train=105 (cap=105) n_test=175 (cap=175) classes_train=[0, 1, 2, 3, 4, 5, 6]
[21:42:49]   [cpazmal] gamma=100.0 method=eucl_params_nodiv seed=42 data loaded in 5.06s rss=428MB (n_train=105 n_test=175)
[21:42:49] [load] fold=None seed=45 T=29 aggregate_days=None window_size=12 samples_per_step=64 n_train=105 (cap=105) n_test=175 (cap=175) classes_train=[0, 1, 2, 3, 4, 5, 6]
[21:42:49]   [cpazmal] gamma=100.0 method=eucl_params_nodiv seed=45 data loaded in 5.04s rss=428MB (n_train=105 n_test=175)
[21:42:50]   [cpazmal] gamma=100.0 seed=43 finished eucl_params_nodiv in 1.2s (f1=0.333)
[Parallel(n_jobs=4)]: Done   1 tasks      | elapsed:    8.0s
[21:42:50]   [cpazmal] gamma=100.0 seed=42 finished eucl_params_nodiv in 1.2s (f1=0.310)
[Parallel(n_jobs=4)]: Done   2 out of   4 | elapsed:    8.0s remaining:    8.0s
[21:42:50]   [cpazmal] gamma=100.0 seed=44 finished eucl_params_nodiv in 1.2s (f1=0.205)
[21:42:50]   [cpazmal] gamma=100.0 seed=45 finished eucl_params_nodiv in 1.2s (f1=0.357)
[Parallel(n_jobs=4)]: Done   4 out of   4 | elapsed:    8.1s finished
[21:42:51] [full_baseline/cpazmal] gamma=100.0 method=eucl_params_nodiv batch done in 8.1s peak_rss=7423MB (avg/job=1856MB)
[21:42:51] [full_baseline/cpazmal] gamma=100.0 method=eucl_raw starting batch (4 seeds, n_jobs=4)
[Parallel(n_jobs=4)]: Using backend LokyBackend with 4 concurrent workers.
[cpazmal] loading from cache (max_groups_per_class=None)
[cpazmal] loading from cache (max_groups_per_class=None)
[cpazmal] loading from cache (max_groups_per_class=None)
[cpazmal] loading from cache (max_groups_per_class=None)
[21:42:58] [load] fold=None seed=44 T=29 aggregate_days=None window_size=12 samples_per_step=64 n_train=105 (cap=105) n_test=175 (cap=175) classes_train=[0, 1, 2, 3, 4, 5, 6]
[21:42:58] [load] fold=None seed=45 T=29 aggregate_days=None window_size=12 samples_per_step=64 n_train=105 (cap=105) n_test=175 (cap=175) classes_train=[0, 1, 2, 3, 4, 5, 6]
[21:42:58]   [cpazmal] gamma=100.0 method=eucl_raw seed=44 data loaded in 5.02s rss=425MB (n_train=105 n_test=175)
[21:42:58]   [cpazmal] gamma=100.0 method=eucl_raw seed=45 data loaded in 5.01s rss=428MB (n_train=105 n_test=175)
[21:42:58] [load] fold=None seed=43 T=29 aggregate_days=None window_size=12 samples_per_step=64 n_train=105 (cap=105) n_test=175 (cap=175) classes_train=[0, 1, 2, 3, 4, 5, 6]
[21:42:58]   [cpazmal] gamma=100.0 method=eucl_raw seed=43 data loaded in 5.02s rss=426MB (n_train=105 n_test=175)
[21:42:58] [load] fold=None seed=42 T=29 aggregate_days=None window_size=12 samples_per_step=64 n_train=105 (cap=105) n_test=175 (cap=175) classes_train=[0, 1, 2, 3, 4, 5, 6]
[21:42:58]   [cpazmal] gamma=100.0 method=eucl_raw seed=42 data loaded in 5.03s rss=424MB (n_train=105 n_test=175)
[21:42:59]   [cpazmal] gamma=100.0 seed=44 finished eucl_raw in 1.2s (f1=0.724)
[Parallel(n_jobs=4)]: Done   1 tasks      | elapsed:    8.1s
[21:42:59]   [cpazmal] gamma=100.0 seed=43 finished eucl_raw in 1.2s (f1=0.756)
[Parallel(n_jobs=4)]: Done   2 out of   4 | elapsed:    8.1s remaining:    8.1s
[21:42:59]   [cpazmal] gamma=100.0 seed=45 finished eucl_raw in 1.2s (f1=0.689)
[21:42:59]   [cpazmal] gamma=100.0 seed=42 finished eucl_raw in 1.2s (f1=0.754)
[Parallel(n_jobs=4)]: Done   4 out of   4 | elapsed:    8.1s finished
[21:42:59] [full_baseline/cpazmal] gamma=100.0 method=eucl_raw batch done in 8.1s peak_rss=7413MB (avg/job=1853MB)
[21:42:59] [full_baseline/cpazmal] gamma=100.0 method=eucl_raw_nodiv starting batch (4 seeds, n_jobs=4)
[Parallel(n_jobs=4)]: Using backend LokyBackend with 4 concurrent workers.
[cpazmal] loading from cache (max_groups_per_class=None)
[cpazmal] loading from cache (max_groups_per_class=None)
[cpazmal] loading from cache (max_groups_per_class=None)
[cpazmal] loading from cache (max_groups_per_class=None)
[21:43:06] [load] fold=None seed=44 T=29 aggregate_days=None window_size=12 samples_per_step=64 n_train=105 (cap=105) n_test=175 (cap=175) classes_train=[0, 1, 2, 3, 4, 5, 6]
[21:43:06] [load] fold=None seed=45 T=29 aggregate_days=None window_size=12 samples_per_step=64 n_train=105 (cap=105) n_test=175 (cap=175) classes_train=[0, 1, 2, 3, 4, 5, 6]
[21:43:06]   [cpazmal] gamma=100.0 method=eucl_raw_nodiv seed=44 data loaded in 4.99s rss=428MB (n_train=105 n_test=175)
[21:43:06]   [cpazmal] gamma=100.0 method=eucl_raw_nodiv seed=45 data loaded in 5.00s rss=428MB (n_train=105 n_test=175)
[21:43:06] [load] fold=None seed=42 T=29 aggregate_days=None window_size=12 samples_per_step=64 n_train=105 (cap=105) n_test=175 (cap=175) classes_train=[0, 1, 2, 3, 4, 5, 6]
[21:43:06]   [cpazmal] gamma=100.0 method=eucl_raw_nodiv seed=42 data loaded in 5.07s rss=428MB (n_train=105 n_test=175)
[21:43:06] [load] fold=None seed=43 T=29 aggregate_days=None window_size=12 samples_per_step=64 n_train=105 (cap=105) n_test=175 (cap=175) classes_train=[0, 1, 2, 3, 4, 5, 6]
[21:43:06]   [cpazmal] gamma=100.0 method=eucl_raw_nodiv seed=43 data loaded in 5.09s rss=428MB (n_train=105 n_test=175)
[21:43:07]   [cpazmal] gamma=100.0 seed=44 finished eucl_raw_nodiv in 0.7s (f1=0.596)
[Parallel(n_jobs=4)]: Done   1 tasks      | elapsed:    7.5s
[21:43:07]   [cpazmal] gamma=100.0 seed=45 finished eucl_raw_nodiv in 0.7s (f1=0.387)
[Parallel(n_jobs=4)]: Done   2 out of   4 | elapsed:    7.5s remaining:    7.5s
[21:43:07]   [cpazmal] gamma=100.0 seed=43 finished eucl_raw_nodiv in 0.7s (f1=0.533)
[21:43:07]   [cpazmal] gamma=100.0 seed=42 finished eucl_raw_nodiv in 0.7s (f1=0.421)
[Parallel(n_jobs=4)]: Done   4 out of   4 | elapsed:    7.6s finished
[21:43:08] [full_baseline/cpazmal] gamma=100.0 method=eucl_raw_nodiv batch done in 7.6s peak_rss=7422MB (avg/job=1855MB)
[21:43:08] [full_baseline/cpazmal] gamma=100.0 method=sta starting batch (4 seeds, n_jobs=2)
[Parallel(n_jobs=2)]: Using backend LokyBackend with 2 concurrent workers.
[cpazmal] loading from cache (max_groups_per_class=None)
[cpazmal] loading from cache (max_groups_per_class=None)
[21:43:14] [load] fold=None seed=43 T=29 aggregate_days=None window_size=12 samples_per_step=64 n_train=105 (cap=105) n_test=175 (cap=175) classes_train=[0, 1, 2, 3, 4, 5, 6]
[21:43:14]   [cpazmal] gamma=100.0 method=sta seed=43 data loaded in 4.59s rss=428MB (n_train=105 n_test=175)
[21:43:14] [load] fold=None seed=42 T=29 aggregate_days=None window_size=12 samples_per_step=64 n_train=105 (cap=105) n_test=175 (cap=175) classes_train=[0, 1, 2, 3, 4, 5, 6]
[21:43:14]   [cpazmal] gamma=100.0 method=sta seed=42 data loaded in 4.63s rss=428MB (n_train=105 n_test=175)
[23:08:05]   [cpazmal] gamma=100.0 seed=43 finished sta in 5090.7s (f1=0.582)
[Parallel(n_jobs=2)]: Done   1 tasks      | elapsed: 85.0min
[23:08:05]   [cpazmal] gamma=100.0 seed=42 finished sta in 5090.9s (f1=0.527)
[Parallel(n_jobs=2)]: Done   2 out of   4 | elapsed: 85.0min remaining: 85.0min
[cpazmal] loading from cache (max_groups_per_class=None)
[cpazmal] loading from cache (max_groups_per_class=None)
[23:08:10] [load] fold=None seed=44 T=29 aggregate_days=None window_size=12 samples_per_step=64 n_train=105 (cap=105) n_test=175 (cap=175) classes_train=[0, 1, 2, 3, 4, 5, 6]
[23:08:10]   [cpazmal] gamma=100.0 method=sta seed=44 data loaded in 4.49s rss=6566MB (n_train=105 n_test=175)
[23:08:11] [load] fold=None seed=45 T=29 aggregate_days=None window_size=12 samples_per_step=64 n_train=105 (cap=105) n_test=175 (cap=175) classes_train=[0, 1, 2, 3, 4, 5, 6]
[23:08:11]   [cpazmal] gamma=100.0 method=sta seed=45 data loaded in 4.51s rss=6569MB (n_train=105 n_test=175)
[00:36:56]   [cpazmal] gamma=100.0 seed=44 finished sta in 5325.1s (f1=0.618)
[00:36:56]   [cpazmal] gamma=100.0 seed=45 finished sta in 5325.1s (f1=0.506)
[Parallel(n_jobs=2)]: Done   4 out of   4 | elapsed: 173.8min finished
[00:37:21] [full_baseline/cpazmal] gamma=100.0 method=sta batch done in 10428.2s peak_rss=15776MB (avg/job=7888MB)
[00:37:21] [full_baseline/cpazmal] eucl_params@g=0.01=0.371±0.029  eucl_params_nodiv@g=0.01=0.368±0.030  eucl_raw@g=0.01=0.625±0.031  eucl_raw_nodiv@g=0.01=0.625±0.031  sta@g=0.01=0.726±0.058  wasps@g=0.01=0.701±0.025  wasps_nodiv@g=0.01=0.658±0.024  eucl_params@g=1=0.408±0.031  eucl_params_nodiv@g=1=0.332±0.046  eucl_raw@g=1=0.636±0.026  eucl_raw_nodiv@g=1=0.540±0.031  sta@g=1=0.576±0.047  wasps@g=1=0.716±0.030  wasps_nodiv@g=1=0.499±0.046  eucl_params@g=100=0.397±0.027  eucl_params_nodiv@g=100=0.302±0.058  eucl_raw@g=100=0.730±0.027  eucl_raw_nodiv@g=100=0.484±0.084  sta@g=100=0.558±0.044  wasps@g=100=0.710±0.032  wasps_nodiv@g=100=0.483±0.052
[00:37:21] ===== full_baseline done =====
----- 00:37:22 dataset=cpazmal gamma=1.0e+2 done -----
===== 2026-07-11 00:37:22 full_baseline_sweep done =====
===== 2026-07-11 03:24:19 full_baseline_cpazmal_extra starting =====
----- 03:24:19 dataset=cpazmal gamma=1.0e-3 starting -----
[03:24:21] ===== full_baseline config=configs/full_baseline.yaml seed=42 n_jobs=4 sta_n_jobs=2 dataset=cpazmal gamma=0.001 force=False debug=True verbose=True =====
[03:24:21] methods=['wasps', 'wasps_nodiv', 'eucl_params', 'eucl_params_nodiv', 'eucl_raw', 'eucl_raw_nodiv', 'sta'] n_seeds=4 estimator=log_cumulant
[03:24:21] [full_baseline/cpazmal] gamma=0.001 computing methods=['wasps', 'wasps_nodiv', 'eucl_params', 'eucl_params_nodiv', 'eucl_raw', 'eucl_raw_nodiv', 'sta']
[03:24:21] [full_baseline/cpazmal] gamma=0.001 method=wasps starting batch (4 seeds, n_jobs=4)
[Parallel(n_jobs=4)]: Using backend LokyBackend with 4 concurrent workers.
[cpazmal] loading from cache (max_groups_per_class=None)
[cpazmal] loading from cache (max_groups_per_class=None)
[cpazmal] loading from cache (max_groups_per_class=None)
[cpazmal] loading from cache (max_groups_per_class=None)
[03:24:28] [load] fold=None seed=44 T=29 aggregate_days=None window_size=12 samples_per_step=64 n_train=105 (cap=105) n_test=175 (cap=175) classes_train=[0, 1, 2, 3, 4, 5, 6]
[03:24:28]   [cpazmal] gamma=0.001 method=wasps seed=44 data loaded in 5.00s rss=427MB (n_train=105 n_test=175)
[03:24:28] [load] fold=None seed=45 T=29 aggregate_days=None window_size=12 samples_per_step=64 n_train=105 (cap=105) n_test=175 (cap=175) classes_train=[0, 1, 2, 3, 4, 5, 6]
[03:24:28]   [cpazmal] gamma=0.001 method=wasps seed=45 data loaded in 5.00s rss=428MB (n_train=105 n_test=175)
[03:24:28] [load] fold=None seed=42 T=29 aggregate_days=None window_size=12 samples_per_step=64 n_train=105 (cap=105) n_test=175 (cap=175) classes_train=[0, 1, 2, 3, 4, 5, 6]
[03:24:28]   [cpazmal] gamma=0.001 method=wasps seed=42 data loaded in 5.04s rss=428MB (n_train=105 n_test=175)
[03:24:28] [load] fold=None seed=43 T=29 aggregate_days=None window_size=12 samples_per_step=64 n_train=105 (cap=105) n_test=175 (cap=175) classes_train=[0, 1, 2, 3, 4, 5, 6]
[03:24:28]   [cpazmal] gamma=0.001 method=wasps seed=43 data loaded in 5.09s rss=426MB (n_train=105 n_test=175)
[03:24:30]   [cpazmal] gamma=0.001 seed=44 finished wasps in 1.9s (f1=0.704)
[Parallel(n_jobs=4)]: Done   1 tasks      | elapsed:    8.8s
[03:24:30]   [cpazmal] gamma=0.001 seed=42 finished wasps in 1.9s (f1=0.665)
[Parallel(n_jobs=4)]: Done   2 out of   4 | elapsed:    8.8s remaining:    8.8s
[03:24:30]   [cpazmal] gamma=0.001 seed=45 finished wasps in 1.9s (f1=0.662)
[03:24:30]   [cpazmal] gamma=0.001 seed=43 finished wasps in 1.9s (f1=0.712)
[Parallel(n_jobs=4)]: Done   4 out of   4 | elapsed:    8.9s finished
[03:24:31] [full_baseline/cpazmal] gamma=0.001 method=wasps batch done in 8.9s peak_rss=7420MB (avg/job=1855MB)
[03:24:31] [full_baseline/cpazmal] gamma=0.001 method=wasps_nodiv starting batch (4 seeds, n_jobs=4)
[Parallel(n_jobs=4)]: Using backend LokyBackend with 4 concurrent workers.
[cpazmal] loading from cache (max_groups_per_class=None)
[cpazmal] loading from cache (max_groups_per_class=None)
[cpazmal] loading from cache (max_groups_per_class=None)
[cpazmal] loading from cache (max_groups_per_class=None)
[03:24:38] [load] fold=None seed=43 T=29 aggregate_days=None window_size=12 samples_per_step=64 n_train=105 (cap=105) n_test=175 (cap=175) classes_train=[0, 1, 2, 3, 4, 5, 6]
[03:24:38]   [cpazmal] gamma=0.001 method=wasps_nodiv seed=43 data loaded in 5.03s rss=425MB (n_train=105 n_test=175)
[03:24:38] [load] fold=None seed=42 T=29 aggregate_days=None window_size=12 samples_per_step=64 n_train=105 (cap=105) n_test=175 (cap=175) classes_train=[0, 1, 2, 3, 4, 5, 6]
[03:24:38]   [cpazmal] gamma=0.001 method=wasps_nodiv seed=42 data loaded in 5.01s rss=426MB (n_train=105 n_test=175)
[03:24:38] [load] fold=None seed=45 T=29 aggregate_days=None window_size=12 samples_per_step=64 n_train=105 (cap=105) n_test=175 (cap=175) classes_train=[0, 1, 2, 3, 4, 5, 6]
[03:24:38]   [cpazmal] gamma=0.001 method=wasps_nodiv seed=45 data loaded in 5.12s rss=428MB (n_train=105 n_test=175)
[03:24:38] [load] fold=None seed=44 T=29 aggregate_days=None window_size=12 samples_per_step=64 n_train=105 (cap=105) n_test=175 (cap=175) classes_train=[0, 1, 2, 3, 4, 5, 6]
[03:24:38]   [cpazmal] gamma=0.001 method=wasps_nodiv seed=44 data loaded in 5.13s rss=428MB (n_train=105 n_test=175)
[03:24:39]   [cpazmal] gamma=0.001 seed=43 finished wasps_nodiv in 1.3s (f1=0.689)
[Parallel(n_jobs=4)]: Done   1 tasks      | elapsed:    8.1s
[03:24:39]   [cpazmal] gamma=0.001 seed=42 finished wasps_nodiv in 1.3s (f1=0.680)
[Parallel(n_jobs=4)]: Done   2 out of   4 | elapsed:    8.2s remaining:    8.2s
[03:24:39]   [cpazmal] gamma=0.001 seed=45 finished wasps_nodiv in 1.3s (f1=0.656)
[03:24:39]   [cpazmal] gamma=0.001 seed=44 finished wasps_nodiv in 1.3s (f1=0.716)
[Parallel(n_jobs=4)]: Done   4 out of   4 | elapsed:    8.3s finished
[03:24:40] [full_baseline/cpazmal] gamma=0.001 method=wasps_nodiv batch done in 8.3s peak_rss=7417MB (avg/job=1854MB)
[03:24:40] [full_baseline/cpazmal] gamma=0.001 method=eucl_params starting batch (4 seeds, n_jobs=4)
[Parallel(n_jobs=4)]: Using backend LokyBackend with 4 concurrent workers.
[cpazmal] loading from cache (max_groups_per_class=None)
[cpazmal] loading from cache (max_groups_per_class=None)
[cpazmal] loading from cache (max_groups_per_class=None)
[cpazmal] loading from cache (max_groups_per_class=None)
[03:24:46] [load] fold=None seed=44 T=29 aggregate_days=None window_size=12 samples_per_step=64 n_train=105 (cap=105) n_test=175 (cap=175) classes_train=[0, 1, 2, 3, 4, 5, 6]
[03:24:46]   [cpazmal] gamma=0.001 method=eucl_params seed=44 data loaded in 4.96s rss=426MB (n_train=105 n_test=175)
[03:24:47] [load] fold=None seed=43 T=29 aggregate_days=None window_size=12 samples_per_step=64 n_train=105 (cap=105) n_test=175 (cap=175) classes_train=[0, 1, 2, 3, 4, 5, 6]
[03:24:47]   [cpazmal] gamma=0.001 method=eucl_params seed=43 data loaded in 5.09s rss=427MB (n_train=105 n_test=175)
[03:24:47] [load] fold=None seed=42 T=29 aggregate_days=None window_size=12 samples_per_step=64 n_train=105 (cap=105) n_test=175 (cap=175) classes_train=[0, 1, 2, 3, 4, 5, 6]
[03:24:47]   [cpazmal] gamma=0.001 method=eucl_params seed=42 data loaded in 5.13s rss=425MB (n_train=105 n_test=175)
[03:24:47] [load] fold=None seed=45 T=29 aggregate_days=None window_size=12 samples_per_step=64 n_train=105 (cap=105) n_test=175 (cap=175) classes_train=[0, 1, 2, 3, 4, 5, 6]
[03:24:47]   [cpazmal] gamma=0.001 method=eucl_params seed=45 data loaded in 5.15s rss=428MB (n_train=105 n_test=175)
[03:24:48]   [cpazmal] gamma=0.001 seed=44 finished eucl_params in 1.5s (f1=0.397)
[Parallel(n_jobs=4)]: Done   1 tasks      | elapsed:    8.4s
[03:24:48]   [cpazmal] gamma=0.001 seed=43 finished eucl_params in 1.5s (f1=0.331)
[Parallel(n_jobs=4)]: Done   2 out of   4 | elapsed:    8.5s remaining:    8.5s
[03:24:48]   [cpazmal] gamma=0.001 seed=42 finished eucl_params in 1.6s (f1=0.348)
[03:24:48]   [cpazmal] gamma=0.001 seed=45 finished eucl_params in 1.6s (f1=0.410)
[Parallel(n_jobs=4)]: Done   4 out of   4 | elapsed:    8.5s finished
[03:24:49] [full_baseline/cpazmal] gamma=0.001 method=eucl_params batch done in 8.5s peak_rss=7416MB (avg/job=1854MB)
[03:24:49] [full_baseline/cpazmal] gamma=0.001 method=eucl_params_nodiv starting batch (4 seeds, n_jobs=4)
[Parallel(n_jobs=4)]: Using backend LokyBackend with 4 concurrent workers.
[cpazmal] loading from cache (max_groups_per_class=None)
[cpazmal] loading from cache (max_groups_per_class=None)
[cpazmal] loading from cache (max_groups_per_class=None)
[cpazmal] loading from cache (max_groups_per_class=None)
[03:24:56] [load] fold=None seed=42 T=29 aggregate_days=None window_size=12 samples_per_step=64 n_train=105 (cap=105) n_test=175 (cap=175) classes_train=[0, 1, 2, 3, 4, 5, 6]
[03:24:56]   [cpazmal] gamma=0.001 method=eucl_params_nodiv seed=42 data loaded in 5.01s rss=428MB (n_train=105 n_test=175)
[03:24:56] [load] fold=None seed=43 T=29 aggregate_days=None window_size=12 samples_per_step=64 n_train=105 (cap=105) n_test=175 (cap=175) classes_train=[0, 1, 2, 3, 4, 5, 6]
[03:24:56]   [cpazmal] gamma=0.001 method=eucl_params_nodiv seed=43 data loaded in 5.08s rss=427MB (n_train=105 n_test=175)
[03:24:56] [load] fold=None seed=45 T=29 aggregate_days=None window_size=12 samples_per_step=64 n_train=105 (cap=105) n_test=175 (cap=175) classes_train=[0, 1, 2, 3, 4, 5, 6]
[03:24:56]   [cpazmal] gamma=0.001 method=eucl_params_nodiv seed=45 data loaded in 5.07s rss=428MB (n_train=105 n_test=175)
[03:24:56] [load] fold=None seed=44 T=29 aggregate_days=None window_size=12 samples_per_step=64 n_train=105 (cap=105) n_test=175 (cap=175) classes_train=[0, 1, 2, 3, 4, 5, 6]
[03:24:56]   [cpazmal] gamma=0.001 method=eucl_params_nodiv seed=44 data loaded in 5.12s rss=427MB (n_train=105 n_test=175)
[03:24:57]   [cpazmal] gamma=0.001 seed=42 finished eucl_params_nodiv in 1.2s (f1=0.348)
[Parallel(n_jobs=4)]: Done   1 tasks      | elapsed:    8.1s
[03:24:57]   [cpazmal] gamma=0.001 seed=43 finished eucl_params_nodiv in 1.2s (f1=0.331)
[Parallel(n_jobs=4)]: Done   2 out of   4 | elapsed:    8.1s remaining:    8.1s
[03:24:57]   [cpazmal] gamma=0.001 seed=45 finished eucl_params_nodiv in 1.2s (f1=0.410)
[03:24:57]   [cpazmal] gamma=0.001 seed=44 finished eucl_params_nodiv in 1.2s (f1=0.397)
[Parallel(n_jobs=4)]: Done   4 out of   4 | elapsed:    8.2s finished
[03:24:58] [full_baseline/cpazmal] gamma=0.001 method=eucl_params_nodiv batch done in 8.2s peak_rss=7421MB (avg/job=1855MB)
[03:24:58] [full_baseline/cpazmal] gamma=0.001 method=eucl_raw starting batch (4 seeds, n_jobs=4)
[Parallel(n_jobs=4)]: Using backend LokyBackend with 4 concurrent workers.
[cpazmal] loading from cache (max_groups_per_class=None)
[cpazmal] loading from cache (max_groups_per_class=None)
[cpazmal] loading from cache (max_groups_per_class=None)
[cpazmal] loading from cache (max_groups_per_class=None)
[03:25:04] [load] fold=None seed=42 T=29 aggregate_days=None window_size=12 samples_per_step=64 n_train=105 (cap=105) n_test=175 (cap=175) classes_train=[0, 1, 2, 3, 4, 5, 6]
[03:25:04]   [cpazmal] gamma=0.001 method=eucl_raw seed=42 data loaded in 4.97s rss=428MB (n_train=105 n_test=175)
[03:25:04] [load] fold=None seed=45 T=29 aggregate_days=None window_size=12 samples_per_step=64 n_train=105 (cap=105) n_test=175 (cap=175) classes_train=[0, 1, 2, 3, 4, 5, 6]
[03:25:04]   [cpazmal] gamma=0.001 method=eucl_raw seed=45 data loaded in 5.06s rss=428MB (n_train=105 n_test=175)
[03:25:05] [load] fold=None seed=44 T=29 aggregate_days=None window_size=12 samples_per_step=64 n_train=105 (cap=105) n_test=175 (cap=175) classes_train=[0, 1, 2, 3, 4, 5, 6]
[03:25:05]   [cpazmal] gamma=0.001 method=eucl_raw seed=44 data loaded in 5.08s rss=428MB (n_train=105 n_test=175)
[03:25:05] [load] fold=None seed=43 T=29 aggregate_days=None window_size=12 samples_per_step=64 n_train=105 (cap=105) n_test=175 (cap=175) classes_train=[0, 1, 2, 3, 4, 5, 6]
[03:25:05]   [cpazmal] gamma=0.001 method=eucl_raw seed=43 data loaded in 5.13s rss=428MB (n_train=105 n_test=175)
[03:25:06]   [cpazmal] gamma=0.001 seed=42 finished eucl_raw in 1.2s (f1=0.609)
[Parallel(n_jobs=4)]: Done   1 tasks      | elapsed:    8.0s
[03:25:06]   [cpazmal] gamma=0.001 seed=45 finished eucl_raw in 1.2s (f1=0.590)
[Parallel(n_jobs=4)]: Done   2 out of   4 | elapsed:    8.1s remaining:    8.1s
[03:25:06]   [cpazmal] gamma=0.001 seed=44 finished eucl_raw in 1.2s (f1=0.674)
[03:25:06]   [cpazmal] gamma=0.001 seed=43 finished eucl_raw in 1.1s (f1=0.626)
[Parallel(n_jobs=4)]: Done   4 out of   4 | elapsed:    8.1s finished
[03:25:06] [full_baseline/cpazmal] gamma=0.001 method=eucl_raw batch done in 8.1s peak_rss=7423MB (avg/job=1856MB)
[03:25:06] [full_baseline/cpazmal] gamma=0.001 method=eucl_raw_nodiv starting batch (4 seeds, n_jobs=4)
[Parallel(n_jobs=4)]: Using backend LokyBackend with 4 concurrent workers.
[cpazmal] loading from cache (max_groups_per_class=None)
[cpazmal] loading from cache (max_groups_per_class=None)
[cpazmal] loading from cache (max_groups_per_class=None)
[cpazmal] loading from cache (max_groups_per_class=None)
[03:25:13] [load] fold=None seed=45 T=29 aggregate_days=None window_size=12 samples_per_step=64 n_train=105 (cap=105) n_test=175 (cap=175) classes_train=[0, 1, 2, 3, 4, 5, 6]
[03:25:13]   [cpazmal] gamma=0.001 method=eucl_raw_nodiv seed=45 data loaded in 4.94s rss=428MB (n_train=105 n_test=175)
[03:25:13] [load] fold=None seed=42 T=29 aggregate_days=None window_size=12 samples_per_step=64 n_train=105 (cap=105) n_test=175 (cap=175) classes_train=[0, 1, 2, 3, 4, 5, 6]
[03:25:13]   [cpazmal] gamma=0.001 method=eucl_raw_nodiv seed=42 data loaded in 5.03s rss=425MB (n_train=105 n_test=175)
[03:25:13] [load] fold=None seed=44 T=29 aggregate_days=None window_size=12 samples_per_step=64 n_train=105 (cap=105) n_test=175 (cap=175) classes_train=[0, 1, 2, 3, 4, 5, 6]
[03:25:13]   [cpazmal] gamma=0.001 method=eucl_raw_nodiv seed=44 data loaded in 5.04s rss=428MB (n_train=105 n_test=175)
[03:25:13] [load] fold=None seed=43 T=29 aggregate_days=None window_size=12 samples_per_step=64 n_train=105 (cap=105) n_test=175 (cap=175) classes_train=[0, 1, 2, 3, 4, 5, 6]
[03:25:13]   [cpazmal] gamma=0.001 method=eucl_raw_nodiv seed=43 data loaded in 5.10s rss=425MB (n_train=105 n_test=175)
[03:25:14]   [cpazmal] gamma=0.001 seed=45 finished eucl_raw_nodiv in 0.7s (f1=0.590)
[Parallel(n_jobs=4)]: Done   1 tasks      | elapsed:    7.4s
[03:25:14]   [cpazmal] gamma=0.001 seed=42 finished eucl_raw_nodiv in 0.7s (f1=0.609)
[Parallel(n_jobs=4)]: Done   2 out of   4 | elapsed:    7.5s remaining:    7.5s
[03:25:14]   [cpazmal] gamma=0.001 seed=44 finished eucl_raw_nodiv in 0.7s (f1=0.674)
[03:25:14]   [cpazmal] gamma=0.001 seed=43 finished eucl_raw_nodiv in 0.7s (f1=0.626)
[Parallel(n_jobs=4)]: Done   4 out of   4 | elapsed:    7.7s finished
[03:25:15] [full_baseline/cpazmal] gamma=0.001 method=eucl_raw_nodiv batch done in 7.7s peak_rss=7418MB (avg/job=1854MB)
[03:25:15] [full_baseline/cpazmal] gamma=0.001 method=sta starting batch (4 seeds, n_jobs=2)
[Parallel(n_jobs=2)]: Using backend LokyBackend with 2 concurrent workers.
[cpazmal] loading from cache (max_groups_per_class=None)
[cpazmal] loading from cache (max_groups_per_class=None)
[03:25:21] [load] fold=None seed=42 T=29 aggregate_days=None window_size=12 samples_per_step=64 n_train=105 (cap=105) n_test=175 (cap=175) classes_train=[0, 1, 2, 3, 4, 5, 6]
[03:25:21]   [cpazmal] gamma=0.001 method=sta seed=42 data loaded in 4.63s rss=429MB (n_train=105 n_test=175)
[03:25:21] [load] fold=None seed=43 T=29 aggregate_days=None window_size=12 samples_per_step=64 n_train=105 (cap=105) n_test=175 (cap=175) classes_train=[0, 1, 2, 3, 4, 5, 6]
[03:25:21]   [cpazmal] gamma=0.001 method=sta seed=43 data loaded in 4.66s rss=428MB (n_train=105 n_test=175)
[04:50:11]   [cpazmal] gamma=0.001 seed=43 finished sta in 5090.2s (f1=0.818)
[Parallel(n_jobs=2)]: Done   1 tasks      | elapsed: 84.9min
[04:50:11]   [cpazmal] gamma=0.001 seed=42 finished sta in 5090.2s (f1=0.733)
[Parallel(n_jobs=2)]: Done   2 out of   4 | elapsed: 84.9min remaining: 84.9min
[cpazmal] loading from cache (max_groups_per_class=None)
[cpazmal] loading from cache (max_groups_per_class=None)
[04:50:17] [load] fold=None seed=45 T=29 aggregate_days=None window_size=12 samples_per_step=64 n_train=105 (cap=105) n_test=175 (cap=175) classes_train=[0, 1, 2, 3, 4, 5, 6]
[04:50:17]   [cpazmal] gamma=0.001 method=sta seed=45 data loaded in 4.58s rss=6569MB (n_train=105 n_test=175)
[04:50:17] [load] fold=None seed=44 T=29 aggregate_days=None window_size=12 samples_per_step=64 n_train=105 (cap=105) n_test=175 (cap=175) classes_train=[0, 1, 2, 3, 4, 5, 6]
[04:50:17]   [cpazmal] gamma=0.001 method=sta seed=44 data loaded in 4.63s rss=6569MB (n_train=105 n_test=175)
[06:18:49]   [cpazmal] gamma=0.001 seed=45 finished sta in 5311.6s (f1=0.733)
[06:18:49]   [cpazmal] gamma=0.001 seed=44 finished sta in 5311.6s (f1=0.805)
[Parallel(n_jobs=2)]: Done   4 out of   4 | elapsed: 173.6min finished
[06:19:14] [full_baseline/cpazmal] gamma=0.001 method=sta batch done in 10414.2s peak_rss=15701MB (avg/job=7850MB)
[06:19:14] [full_baseline/cpazmal] eucl_params@g=0.001=0.371±0.033  eucl_params_nodiv@g=0.001=0.371±0.033  eucl_raw@g=0.001=0.625±0.031  eucl_raw_nodiv@g=0.001=0.625±0.031  sta@g=0.001=0.772±0.040  wasps@g=0.001=0.686±0.023  wasps_nodiv@g=0.001=0.685±0.022  eucl_params@g=0.01=0.371±0.029  eucl_params_nodiv@g=0.01=0.368±0.030  eucl_raw@g=0.01=0.625±0.031  eucl_raw_nodiv@g=0.01=0.625±0.031  sta@g=0.01=0.726±0.058  wasps@g=0.01=0.701±0.025  wasps_nodiv@g=0.01=0.658±0.024  eucl_params@g=1=0.408±0.031  eucl_params_nodiv@g=1=0.332±0.046  eucl_raw@g=1=0.636±0.026  eucl_raw_nodiv@g=1=0.540±0.031  sta@g=1=0.576±0.047  wasps@g=1=0.716±0.030  wasps_nodiv@g=1=0.499±0.046  eucl_params@g=100=0.397±0.027  eucl_params_nodiv@g=100=0.302±0.058  eucl_raw@g=100=0.730±0.027  eucl_raw_nodiv@g=100=0.484±0.084  sta@g=100=0.558±0.044  wasps@g=100=0.710±0.032  wasps_nodiv@g=100=0.483±0.052
[06:19:14] ===== full_baseline done =====
----- 06:19:14 dataset=cpazmal gamma=1.0e-3 done -----
----- 06:19:14 dataset=cpazmal gamma=1.0e-1 starting -----
[06:19:16] ===== full_baseline config=configs/full_baseline.yaml seed=42 n_jobs=4 sta_n_jobs=2 dataset=cpazmal gamma=0.1 force=False debug=True verbose=True =====
[06:19:16] methods=['wasps', 'wasps_nodiv', 'eucl_params', 'eucl_params_nodiv', 'eucl_raw', 'eucl_raw_nodiv', 'sta'] n_seeds=4 estimator=log_cumulant
[06:19:16] [full_baseline/cpazmal] gamma=0.1 computing methods=['wasps', 'wasps_nodiv', 'eucl_params', 'eucl_params_nodiv', 'eucl_raw', 'eucl_raw_nodiv', 'sta']
[06:19:16] [full_baseline/cpazmal] gamma=0.1 method=wasps starting batch (4 seeds, n_jobs=4)
[Parallel(n_jobs=4)]: Using backend LokyBackend with 4 concurrent workers.
[cpazmal] loading from cache (max_groups_per_class=None)
[cpazmal] loading from cache (max_groups_per_class=None)
[cpazmal] loading from cache (max_groups_per_class=None)
[cpazmal] loading from cache (max_groups_per_class=None)
[06:19:23] [load] fold=None seed=42 T=29 aggregate_days=None window_size=12 samples_per_step=64 n_train=105 (cap=105) n_test=175 (cap=175) classes_train=[0, 1, 2, 3, 4, 5, 6]
[06:19:23]   [cpazmal] gamma=0.1 method=wasps seed=42 data loaded in 5.10s rss=428MB (n_train=105 n_test=175)
[06:19:23] [load] fold=None seed=43 T=29 aggregate_days=None window_size=12 samples_per_step=64 n_train=105 (cap=105) n_test=175 (cap=175) classes_train=[0, 1, 2, 3, 4, 5, 6]
[06:19:23]   [cpazmal] gamma=0.1 method=wasps seed=43 data loaded in 5.11s rss=428MB (n_train=105 n_test=175)
[06:19:23] [load] fold=None seed=45 T=29 aggregate_days=None window_size=12 samples_per_step=64 n_train=105 (cap=105) n_test=175 (cap=175) classes_train=[0, 1, 2, 3, 4, 5, 6]
[06:19:23]   [cpazmal] gamma=0.1 method=wasps seed=45 data loaded in 5.16s rss=427MB (n_train=105 n_test=175)
[06:19:23] [load] fold=None seed=44 T=29 aggregate_days=None window_size=12 samples_per_step=64 n_train=105 (cap=105) n_test=175 (cap=175) classes_train=[0, 1, 2, 3, 4, 5, 6]
[06:19:23]   [cpazmal] gamma=0.1 method=wasps seed=44 data loaded in 5.16s rss=427MB (n_train=105 n_test=175)
[06:19:25]   [cpazmal] gamma=0.1 seed=42 finished wasps in 1.9s (f1=0.684)
[Parallel(n_jobs=4)]: Done   1 tasks      | elapsed:    8.9s
[06:19:25]   [cpazmal] gamma=0.1 seed=43 finished wasps in 1.9s (f1=0.764)
[Parallel(n_jobs=4)]: Done   2 out of   4 | elapsed:    8.9s remaining:    8.9s
[06:19:25]   [cpazmal] gamma=0.1 seed=45 finished wasps in 1.9s (f1=0.762)
[06:19:25]   [cpazmal] gamma=0.1 seed=44 finished wasps in 1.9s (f1=0.750)
[Parallel(n_jobs=4)]: Done   4 out of   4 | elapsed:    8.9s finished
[06:19:26] [full_baseline/cpazmal] gamma=0.1 method=wasps batch done in 9.0s peak_rss=7420MB (avg/job=1855MB)
[06:19:26] [full_baseline/cpazmal] gamma=0.1 method=wasps_nodiv starting batch (4 seeds, n_jobs=4)
[Parallel(n_jobs=4)]: Using backend LokyBackend with 4 concurrent workers.
[cpazmal] loading from cache (max_groups_per_class=None)
[cpazmal] loading from cache (max_groups_per_class=None)
[cpazmal] loading from cache (max_groups_per_class=None)
[cpazmal] loading from cache (max_groups_per_class=None)
[06:19:32] [load] fold=None seed=43 T=29 aggregate_days=None window_size=12 samples_per_step=64 n_train=105 (cap=105) n_test=175 (cap=175) classes_train=[0, 1, 2, 3, 4, 5, 6]
[06:19:32]   [cpazmal] gamma=0.1 method=wasps_nodiv seed=43 data loaded in 4.90s rss=426MB (n_train=105 n_test=175)
[06:19:33] [load] fold=None seed=42 T=29 aggregate_days=None window_size=12 samples_per_step=64 n_train=105 (cap=105) n_test=175 (cap=175) classes_train=[0, 1, 2, 3, 4, 5, 6]
[06:19:33]   [cpazmal] gamma=0.1 method=wasps_nodiv seed=42 data loaded in 5.03s rss=425MB (n_train=105 n_test=175)
[06:19:33] [load] fold=None seed=45 T=29 aggregate_days=None window_size=12 samples_per_step=64 n_train=105 (cap=105) n_test=175 (cap=175) classes_train=[0, 1, 2, 3, 4, 5, 6]
[06:19:33]   [cpazmal] gamma=0.1 method=wasps_nodiv seed=45 data loaded in 5.06s rss=428MB (n_train=105 n_test=175)
[06:19:33] [load] fold=None seed=44 T=29 aggregate_days=None window_size=12 samples_per_step=64 n_train=105 (cap=105) n_test=175 (cap=175) classes_train=[0, 1, 2, 3, 4, 5, 6]
[06:19:33]   [cpazmal] gamma=0.1 method=wasps_nodiv seed=44 data loaded in 5.13s rss=427MB (n_train=105 n_test=175)
[06:19:34]   [cpazmal] gamma=0.1 seed=43 finished wasps_nodiv in 1.3s (f1=0.595)
[Parallel(n_jobs=4)]: Done   1 tasks      | elapsed:    8.0s
[06:19:34]   [cpazmal] gamma=0.1 seed=45 finished wasps_nodiv in 1.3s (f1=0.588)
[Parallel(n_jobs=4)]: Done   2 out of   4 | elapsed:    8.2s remaining:    8.2s
[06:19:34]   [cpazmal] gamma=0.1 seed=42 finished wasps_nodiv in 1.3s (f1=0.450)
[06:19:34]   [cpazmal] gamma=0.1 seed=44 finished wasps_nodiv in 1.3s (f1=0.571)
[Parallel(n_jobs=4)]: Done   4 out of   4 | elapsed:    8.3s finished
[06:19:35] [full_baseline/cpazmal] gamma=0.1 method=wasps_nodiv batch done in 8.3s peak_rss=7417MB (avg/job=1854MB)
[06:19:35] [full_baseline/cpazmal] gamma=0.1 method=eucl_params starting batch (4 seeds, n_jobs=4)
[Parallel(n_jobs=4)]: Using backend LokyBackend with 4 concurrent workers.
[cpazmal] loading from cache (max_groups_per_class=None)
[cpazmal] loading from cache (max_groups_per_class=None)
[cpazmal] loading from cache (max_groups_per_class=None)
[cpazmal] loading from cache (max_groups_per_class=None)
[06:19:41] [load] fold=None seed=44 T=29 aggregate_days=None window_size=12 samples_per_step=64 n_train=105 (cap=105) n_test=175 (cap=175) classes_train=[0, 1, 2, 3, 4, 5, 6]
[06:19:41]   [cpazmal] gamma=0.1 method=eucl_params seed=44 data loaded in 4.95s rss=424MB (n_train=105 n_test=175)
[06:19:41] [load] fold=None seed=45 T=29 aggregate_days=None window_size=12 samples_per_step=64 n_train=105 (cap=105) n_test=175 (cap=175) classes_train=[0, 1, 2, 3, 4, 5, 6]
[06:19:41]   [cpazmal] gamma=0.1 method=eucl_params seed=45 data loaded in 5.06s rss=429MB (n_train=105 n_test=175)
[06:19:41] [load] fold=None seed=42 T=29 aggregate_days=None window_size=12 samples_per_step=64 n_train=105 (cap=105) n_test=175 (cap=175) classes_train=[0, 1, 2, 3, 4, 5, 6]
[06:19:41]   [cpazmal] gamma=0.1 method=eucl_params seed=42 data loaded in 5.07s rss=425MB (n_train=105 n_test=175)
[06:19:42] [load] fold=None seed=43 T=29 aggregate_days=None window_size=12 samples_per_step=64 n_train=105 (cap=105) n_test=175 (cap=175) classes_train=[0, 1, 2, 3, 4, 5, 6]
[06:19:42]   [cpazmal] gamma=0.1 method=eucl_params seed=43 data loaded in 5.16s rss=425MB (n_train=105 n_test=175)
[06:19:43]   [cpazmal] gamma=0.1 seed=44 finished eucl_params in 1.5s (f1=0.401)
[Parallel(n_jobs=4)]: Done   1 tasks      | elapsed:    8.3s
[06:19:43]   [cpazmal] gamma=0.1 seed=45 finished eucl_params in 1.5s (f1=0.444)
[Parallel(n_jobs=4)]: Done   2 out of   4 | elapsed:    8.4s remaining:    8.4s
[06:19:43]   [cpazmal] gamma=0.1 seed=42 finished eucl_params in 1.5s (f1=0.388)
[06:19:43]   [cpazmal] gamma=0.1 seed=43 finished eucl_params in 1.5s (f1=0.386)
[Parallel(n_jobs=4)]: Done   4 out of   4 | elapsed:    8.6s finished
[06:19:44] [full_baseline/cpazmal] gamma=0.1 method=eucl_params batch done in 8.6s peak_rss=7414MB (avg/job=1853MB)
[06:19:44] [full_baseline/cpazmal] gamma=0.1 method=eucl_params_nodiv starting batch (4 seeds, n_jobs=4)
[Parallel(n_jobs=4)]: Using backend LokyBackend with 4 concurrent workers.
[cpazmal] loading from cache (max_groups_per_class=None)
[cpazmal] loading from cache (max_groups_per_class=None)
[cpazmal] loading from cache (max_groups_per_class=None)
[cpazmal] loading from cache (max_groups_per_class=None)
[06:19:51] [load] fold=None seed=42 T=29 aggregate_days=None window_size=12 samples_per_step=64 n_train=105 (cap=105) n_test=175 (cap=175) classes_train=[0, 1, 2, 3, 4, 5, 6]
[06:19:51]   [cpazmal] gamma=0.1 method=eucl_params_nodiv seed=42 data loaded in 5.01s rss=428MB (n_train=105 n_test=175)
[06:19:51] [load] fold=None seed=43 T=29 aggregate_days=None window_size=12 samples_per_step=64 n_train=105 (cap=105) n_test=175 (cap=175) classes_train=[0, 1, 2, 3, 4, 5, 6]
[06:19:51]   [cpazmal] gamma=0.1 method=eucl_params_nodiv seed=43 data loaded in 5.01s rss=428MB (n_train=105 n_test=175)
[06:19:51] [load] fold=None seed=45 T=29 aggregate_days=None window_size=12 samples_per_step=64 n_train=105 (cap=105) n_test=175 (cap=175) classes_train=[0, 1, 2, 3, 4, 5, 6]
[06:19:51]   [cpazmal] gamma=0.1 method=eucl_params_nodiv seed=45 data loaded in 5.02s rss=428MB (n_train=105 n_test=175)
[06:19:51] [load] fold=None seed=44 T=29 aggregate_days=None window_size=12 samples_per_step=64 n_train=105 (cap=105) n_test=175 (cap=175) classes_train=[0, 1, 2, 3, 4, 5, 6]
[06:19:51]   [cpazmal] gamma=0.1 method=eucl_params_nodiv seed=44 data loaded in 5.11s rss=428MB (n_train=105 n_test=175)
[06:19:52]   [cpazmal] gamma=0.1 seed=45 finished eucl_params_nodiv in 1.1s (f1=0.383)
[Parallel(n_jobs=4)]: Done   1 tasks      | elapsed:    8.0s
[06:19:52]   [cpazmal] gamma=0.1 seed=43 finished eucl_params_nodiv in 1.2s (f1=0.393)
[Parallel(n_jobs=4)]: Done   2 out of   4 | elapsed:    8.0s remaining:    8.0s
[06:19:52]   [cpazmal] gamma=0.1 seed=42 finished eucl_params_nodiv in 1.2s (f1=0.413)
[06:19:52]   [cpazmal] gamma=0.1 seed=44 finished eucl_params_nodiv in 1.2s (f1=0.356)
[Parallel(n_jobs=4)]: Done   4 out of   4 | elapsed:    8.2s finished
[06:19:52] [full_baseline/cpazmal] gamma=0.1 method=eucl_params_nodiv batch done in 8.2s peak_rss=7423MB (avg/job=1856MB)
[06:19:53] [full_baseline/cpazmal] gamma=0.1 method=eucl_raw starting batch (4 seeds, n_jobs=4)
[Parallel(n_jobs=4)]: Using backend LokyBackend with 4 concurrent workers.
[cpazmal] loading from cache (max_groups_per_class=None)
[cpazmal] loading from cache (max_groups_per_class=None)
[cpazmal] loading from cache (max_groups_per_class=None)
[cpazmal] loading from cache (max_groups_per_class=None)
[06:19:59] [load] fold=None seed=43 T=29 aggregate_days=None window_size=12 samples_per_step=64 n_train=105 (cap=105) n_test=175 (cap=175) classes_train=[0, 1, 2, 3, 4, 5, 6]
[06:19:59]   [cpazmal] gamma=0.1 method=eucl_raw seed=43 data loaded in 4.96s rss=428MB (n_train=105 n_test=175)
[06:19:59] [load] fold=None seed=44 T=29 aggregate_days=None window_size=12 samples_per_step=64 n_train=105 (cap=105) n_test=175 (cap=175) classes_train=[0, 1, 2, 3, 4, 5, 6]
[06:19:59]   [cpazmal] gamma=0.1 method=eucl_raw seed=44 data loaded in 4.99s rss=429MB (n_train=105 n_test=175)
[06:19:59] [load] fold=None seed=45 T=29 aggregate_days=None window_size=12 samples_per_step=64 n_train=105 (cap=105) n_test=175 (cap=175) classes_train=[0, 1, 2, 3, 4, 5, 6]
[06:19:59]   [cpazmal] gamma=0.1 method=eucl_raw seed=45 data loaded in 5.05s rss=428MB (n_train=105 n_test=175)
[06:19:59] [load] fold=None seed=42 T=29 aggregate_days=None window_size=12 samples_per_step=64 n_train=105 (cap=105) n_test=175 (cap=175) classes_train=[0, 1, 2, 3, 4, 5, 6]
[06:19:59]   [cpazmal] gamma=0.1 method=eucl_raw seed=42 data loaded in 5.09s rss=428MB (n_train=105 n_test=175)
[06:20:00]   [cpazmal] gamma=0.1 seed=43 finished eucl_raw in 1.2s (f1=0.626)
[Parallel(n_jobs=4)]: Done   1 tasks      | elapsed:    8.0s
[06:20:01]   [cpazmal] gamma=0.1 seed=44 finished eucl_raw in 1.2s (f1=0.667)
[Parallel(n_jobs=4)]: Done   2 out of   4 | elapsed:    8.0s remaining:    8.0s
[06:20:01]   [cpazmal] gamma=0.1 seed=45 finished eucl_raw in 1.2s (f1=0.590)
[06:20:01]   [cpazmal] gamma=0.1 seed=42 finished eucl_raw in 1.2s (f1=0.609)
[Parallel(n_jobs=4)]: Done   4 out of   4 | elapsed:    8.1s finished
[06:20:01] [full_baseline/cpazmal] gamma=0.1 method=eucl_raw batch done in 8.1s peak_rss=7423MB (avg/job=1856MB)
[06:20:01] [full_baseline/cpazmal] gamma=0.1 method=eucl_raw_nodiv starting batch (4 seeds, n_jobs=4)
[Parallel(n_jobs=4)]: Using backend LokyBackend with 4 concurrent workers.
[cpazmal] loading from cache (max_groups_per_class=None)
[cpazmal] loading from cache (max_groups_per_class=None)
[cpazmal] loading from cache (max_groups_per_class=None)
[cpazmal] loading from cache (max_groups_per_class=None)
[06:20:08] [load] fold=None seed=44 T=29 aggregate_days=None window_size=12 samples_per_step=64 n_train=105 (cap=105) n_test=175 (cap=175) classes_train=[0, 1, 2, 3, 4, 5, 6]
[06:20:08]   [cpazmal] gamma=0.1 method=eucl_raw_nodiv seed=44 data loaded in 4.97s rss=428MB (n_train=105 n_test=175)
[06:20:08] [load] fold=None seed=43 T=29 aggregate_days=None window_size=12 samples_per_step=64 n_train=105 (cap=105) n_test=175 (cap=175) classes_train=[0, 1, 2, 3, 4, 5, 6]
[06:20:08]   [cpazmal] gamma=0.1 method=eucl_raw_nodiv seed=43 data loaded in 5.07s rss=429MB (n_train=105 n_test=175)
[06:20:08] [load] fold=None seed=45 T=29 aggregate_days=None window_size=12 samples_per_step=64 n_train=105 (cap=105) n_test=175 (cap=175) classes_train=[0, 1, 2, 3, 4, 5, 6]
[06:20:08]   [cpazmal] gamma=0.1 method=eucl_raw_nodiv seed=45 data loaded in 5.19s rss=428MB (n_train=105 n_test=175)
[06:20:08] [load] fold=None seed=42 T=29 aggregate_days=None window_size=12 samples_per_step=64 n_train=105 (cap=105) n_test=175 (cap=175) classes_train=[0, 1, 2, 3, 4, 5, 6]
[06:20:08]   [cpazmal] gamma=0.1 method=eucl_raw_nodiv seed=42 data loaded in 5.24s rss=428MB (n_train=105 n_test=175)
[06:20:09]   [cpazmal] gamma=0.1 seed=44 finished eucl_raw_nodiv in 0.7s (f1=0.667)
[Parallel(n_jobs=4)]: Done   1 tasks      | elapsed:    7.5s
[06:20:09]   [cpazmal] gamma=0.1 seed=43 finished eucl_raw_nodiv in 0.7s (f1=0.626)
[Parallel(n_jobs=4)]: Done   2 out of   4 | elapsed:    7.6s remaining:    7.6s
[06:20:09]   [cpazmal] gamma=0.1 seed=42 finished eucl_raw_nodiv in 0.7s (f1=0.609)
[06:20:09]   [cpazmal] gamma=0.1 seed=45 finished eucl_raw_nodiv in 0.7s (f1=0.590)
[Parallel(n_jobs=4)]: Done   4 out of   4 | elapsed:    7.7s finished
[06:20:10] [full_baseline/cpazmal] gamma=0.1 method=eucl_raw_nodiv batch done in 7.7s peak_rss=7423MB (avg/job=1856MB)
[06:20:10] [full_baseline/cpazmal] gamma=0.1 method=sta starting batch (4 seeds, n_jobs=2)
[Parallel(n_jobs=2)]: Using backend LokyBackend with 2 concurrent workers.
[cpazmal] loading from cache (max_groups_per_class=None)
[cpazmal] loading from cache (max_groups_per_class=None)
[06:20:16] [load] fold=None seed=42 T=29 aggregate_days=None window_size=12 samples_per_step=64 n_train=105 (cap=105) n_test=175 (cap=175) classes_train=[0, 1, 2, 3, 4, 5, 6]
[06:20:16]   [cpazmal] gamma=0.1 method=sta seed=42 data loaded in 4.61s rss=424MB (n_train=105 n_test=175)
[06:20:16] [load] fold=None seed=43 T=29 aggregate_days=None window_size=12 samples_per_step=64 n_train=105 (cap=105) n_test=175 (cap=175) classes_train=[0, 1, 2, 3, 4, 5, 6]
[06:20:16]   [cpazmal] gamma=0.1 method=sta seed=43 data loaded in 4.77s rss=425MB (n_train=105 n_test=175)
[07:44:56]   [cpazmal] gamma=0.1 seed=43 finished sta in 5079.6s (f1=0.676)
[Parallel(n_jobs=2)]: Done   1 tasks      | elapsed: 84.8min
[07:44:57]   [cpazmal] gamma=0.1 seed=42 finished sta in 5080.5s (f1=0.626)
[Parallel(n_jobs=2)]: Done   2 out of   4 | elapsed: 84.8min remaining: 84.8min
[cpazmal] loading from cache (max_groups_per_class=None)
[cpazmal] loading from cache (max_groups_per_class=None)
[07:45:02] [load] fold=None seed=44 T=29 aggregate_days=None window_size=12 samples_per_step=64 n_train=105 (cap=105) n_test=175 (cap=175) classes_train=[0, 1, 2, 3, 4, 5, 6]
[07:45:02]   [cpazmal] gamma=0.1 method=sta seed=44 data loaded in 4.63s rss=6571MB (n_train=105 n_test=175)
[07:45:02] [load] fold=None seed=45 T=29 aggregate_days=None window_size=12 samples_per_step=64 n_train=105 (cap=105) n_test=175 (cap=175) classes_train=[0, 1, 2, 3, 4, 5, 6]
[07:45:02]   [cpazmal] gamma=0.1 method=sta seed=45 data loaded in 4.53s rss=6576MB (n_train=105 n_test=175)
[09:13:28]   [cpazmal] gamma=0.1 seed=44 finished sta in 5306.1s (f1=0.730)
[09:13:28]   [cpazmal] gamma=0.1 seed=45 finished sta in 5306.0s (f1=0.578)
[Parallel(n_jobs=2)]: Done   4 out of   4 | elapsed: 173.3min finished
[09:13:54] [full_baseline/cpazmal] gamma=0.1 method=sta batch done in 10398.7s peak_rss=15810MB (avg/job=7905MB)
[09:13:54] [full_baseline/cpazmal] eucl_params@g=0.001=0.371±0.033  eucl_params_nodiv@g=0.001=0.371±0.033  eucl_raw@g=0.001=0.625±0.031  eucl_raw_nodiv@g=0.001=0.625±0.031  sta@g=0.001=0.772±0.040  wasps@g=0.001=0.686±0.023  wasps_nodiv@g=0.001=0.685±0.022  eucl_params@g=0.01=0.371±0.029  eucl_params_nodiv@g=0.01=0.368±0.030  eucl_raw@g=0.01=0.625±0.031  eucl_raw_nodiv@g=0.01=0.625±0.031  sta@g=0.01=0.726±0.058  wasps@g=0.01=0.701±0.025  wasps_nodiv@g=0.01=0.658±0.024  eucl_params@g=0.1=0.405±0.023  eucl_params_nodiv@g=0.1=0.386±0.021  eucl_raw@g=0.1=0.623±0.028  eucl_raw_nodiv@g=0.1=0.623±0.028  sta@g=0.1=0.652±0.057  wasps@g=0.1=0.740±0.033  wasps_nodiv@g=0.1=0.551±0.059  eucl_params@g=1=0.408±0.031  eucl_params_nodiv@g=1=0.332±0.046  eucl_raw@g=1=0.636±0.026  eucl_raw_nodiv@g=1=0.540±0.031  sta@g=1=0.576±0.047  wasps@g=1=0.716±0.030  wasps_nodiv@g=1=0.499±0.046  eucl_params@g=100=0.397±0.027  eucl_params_nodiv@g=100=0.302±0.058  eucl_raw@g=100=0.730±0.027  eucl_raw_nodiv@g=100=0.484±0.084  sta@g=100=0.558±0.044  wasps@g=100=0.710±0.032  wasps_nodiv@g=100=0.483±0.052
[09:13:54] ===== full_baseline done =====
----- 09:13:54 dataset=cpazmal gamma=1.0e-1 done -----
----- 09:13:54 dataset=cpazmal gamma=1.0e+1 starting -----
[09:13:56] ===== full_baseline config=configs/full_baseline.yaml seed=42 n_jobs=4 sta_n_jobs=2 dataset=cpazmal gamma=10.0 force=False debug=True verbose=True =====
[09:13:56] methods=['wasps', 'wasps_nodiv', 'eucl_params', 'eucl_params_nodiv', 'eucl_raw', 'eucl_raw_nodiv', 'sta'] n_seeds=4 estimator=log_cumulant
[09:13:56] [full_baseline/cpazmal] gamma=10.0 computing methods=['wasps', 'wasps_nodiv', 'eucl_params', 'eucl_params_nodiv', 'eucl_raw', 'eucl_raw_nodiv', 'sta']
[09:13:56] [full_baseline/cpazmal] gamma=10.0 method=wasps starting batch (4 seeds, n_jobs=4)
[Parallel(n_jobs=4)]: Using backend LokyBackend with 4 concurrent workers.
[cpazmal] loading from cache (max_groups_per_class=None)
[cpazmal] loading from cache (max_groups_per_class=None)
[cpazmal] loading from cache (max_groups_per_class=None)
[cpazmal] loading from cache (max_groups_per_class=None)
[09:14:03] [load] fold=None seed=45 T=29 aggregate_days=None window_size=12 samples_per_step=64 n_train=105 (cap=105) n_test=175 (cap=175) classes_train=[0, 1, 2, 3, 4, 5, 6]
[09:14:03]   [cpazmal] gamma=10.0 method=wasps seed=45 data loaded in 4.98s rss=428MB (n_train=105 n_test=175)
[09:14:03] [load] fold=None seed=42 T=29 aggregate_days=None window_size=12 samples_per_step=64 n_train=105 (cap=105) n_test=175 (cap=175) classes_train=[0, 1, 2, 3, 4, 5, 6]
[09:14:03]   [cpazmal] gamma=10.0 method=wasps seed=42 data loaded in 5.09s rss=428MB (n_train=105 n_test=175)
[09:14:03] [load] fold=None seed=44 T=29 aggregate_days=None window_size=12 samples_per_step=64 n_train=105 (cap=105) n_test=175 (cap=175) classes_train=[0, 1, 2, 3, 4, 5, 6]
[09:14:03] [load] fold=None seed=43 T=29 aggregate_days=None window_size=12 samples_per_step=64 n_train=105 (cap=105) n_test=175 (cap=175) classes_train=[0, 1, 2, 3, 4, 5, 6]
[09:14:03]   [cpazmal] gamma=10.0 method=wasps seed=44 data loaded in 5.10s rss=428MB (n_train=105 n_test=175)
[09:14:03]   [cpazmal] gamma=10.0 method=wasps seed=43 data loaded in 5.11s rss=427MB (n_train=105 n_test=175)
[09:14:04]   [cpazmal] gamma=10.0 seed=45 finished wasps in 1.9s (f1=0.717)
[Parallel(n_jobs=4)]: Done   1 tasks      | elapsed:    8.8s
[09:14:05]   [cpazmal] gamma=10.0 seed=44 finished wasps in 1.8s (f1=0.710)
[Parallel(n_jobs=4)]: Done   2 out of   4 | elapsed:    8.8s remaining:    8.8s
[09:14:05]   [cpazmal] gamma=10.0 seed=43 finished wasps in 1.9s (f1=0.755)
[09:14:05]   [cpazmal] gamma=10.0 seed=42 finished wasps in 1.9s (f1=0.668)
[Parallel(n_jobs=4)]: Done   4 out of   4 | elapsed:    8.9s finished
[09:14:05] [full_baseline/cpazmal] gamma=10.0 method=wasps batch done in 8.9s peak_rss=7422MB (avg/job=1856MB)
[09:14:05] [full_baseline/cpazmal] gamma=10.0 method=wasps_nodiv starting batch (4 seeds, n_jobs=4)
[Parallel(n_jobs=4)]: Using backend LokyBackend with 4 concurrent workers.
[cpazmal] loading from cache (max_groups_per_class=None)
[cpazmal] loading from cache (max_groups_per_class=None)
[cpazmal] loading from cache (max_groups_per_class=None)
[cpazmal] loading from cache (max_groups_per_class=None)
[09:14:12] [load] fold=None seed=43 T=29 aggregate_days=None window_size=12 samples_per_step=64 n_train=105 (cap=105) n_test=175 (cap=175) classes_train=[0, 1, 2, 3, 4, 5, 6]
[09:14:12]   [cpazmal] gamma=10.0 method=wasps_nodiv seed=43 data loaded in 5.00s rss=425MB (n_train=105 n_test=175)
[09:14:12] [load] fold=None seed=45 T=29 aggregate_days=None window_size=12 samples_per_step=64 n_train=105 (cap=105) n_test=175 (cap=175) classes_train=[0, 1, 2, 3, 4, 5, 6]
[09:14:12]   [cpazmal] gamma=10.0 method=wasps_nodiv seed=45 data loaded in 4.99s rss=428MB (n_train=105 n_test=175)
[09:14:12] [load] fold=None seed=44 T=29 aggregate_days=None window_size=12 samples_per_step=64 n_train=105 (cap=105) n_test=175 (cap=175) classes_train=[0, 1, 2, 3, 4, 5, 6]
[09:14:12]   [cpazmal] gamma=10.0 method=wasps_nodiv seed=44 data loaded in 5.00s rss=428MB (n_train=105 n_test=175)
[09:14:12] [load] fold=None seed=42 T=29 aggregate_days=None window_size=12 samples_per_step=64 n_train=105 (cap=105) n_test=175 (cap=175) classes_train=[0, 1, 2, 3, 4, 5, 6]
[09:14:12]   [cpazmal] gamma=10.0 method=wasps_nodiv seed=42 data loaded in 5.02s rss=426MB (n_train=105 n_test=175)
[09:14:13]   [cpazmal] gamma=10.0 seed=44 finished wasps_nodiv in 1.3s (f1=0.479)
[Parallel(n_jobs=4)]: Done   1 tasks      | elapsed:    8.2s
[09:14:13]   [cpazmal] gamma=10.0 seed=45 finished wasps_nodiv in 1.3s (f1=0.525)
[Parallel(n_jobs=4)]: Done   2 out of   4 | elapsed:    8.2s remaining:    8.2s
[09:14:13]   [cpazmal] gamma=10.0 seed=43 finished wasps_nodiv in 1.4s (f1=0.517)
[09:14:13]   [cpazmal] gamma=10.0 seed=42 finished wasps_nodiv in 1.3s (f1=0.408)
[Parallel(n_jobs=4)]: Done   4 out of   4 | elapsed:    8.2s finished
[09:14:14] [full_baseline/cpazmal] gamma=10.0 method=wasps_nodiv batch done in 8.2s peak_rss=7417MB (avg/job=1854MB)
[09:14:14] [full_baseline/cpazmal] gamma=10.0 method=eucl_params starting batch (4 seeds, n_jobs=4)
[Parallel(n_jobs=4)]: Using backend LokyBackend with 4 concurrent workers.
[cpazmal] loading from cache (max_groups_per_class=None)
[cpazmal] loading from cache (max_groups_per_class=None)
[cpazmal] loading from cache (max_groups_per_class=None)
[cpazmal] loading from cache (max_groups_per_class=None)
[09:14:21] [load] fold=None seed=42 T=29 aggregate_days=None window_size=12 samples_per_step=64 n_train=105 (cap=105) n_test=175 (cap=175) classes_train=[0, 1, 2, 3, 4, 5, 6]
[09:14:21]   [cpazmal] gamma=10.0 method=eucl_params seed=42 data loaded in 4.94s rss=425MB (n_train=105 n_test=175)
[09:14:21] [load] fold=None seed=43 T=29 aggregate_days=None window_size=12 samples_per_step=64 n_train=105 (cap=105) n_test=175 (cap=175) classes_train=[0, 1, 2, 3, 4, 5, 6]
[09:14:21]   [cpazmal] gamma=10.0 method=eucl_params seed=43 data loaded in 5.09s rss=426MB (n_train=105 n_test=175)
[09:14:21] [load] fold=None seed=44 T=29 aggregate_days=None window_size=12 samples_per_step=64 n_train=105 (cap=105) n_test=175 (cap=175) classes_train=[0, 1, 2, 3, 4, 5, 6]
[09:14:21]   [cpazmal] gamma=10.0 method=eucl_params seed=44 data loaded in 5.10s rss=426MB (n_train=105 n_test=175)
[09:14:21] [load] fold=None seed=45 T=29 aggregate_days=None window_size=12 samples_per_step=64 n_train=105 (cap=105) n_test=175 (cap=175) classes_train=[0, 1, 2, 3, 4, 5, 6]
[09:14:21]   [cpazmal] gamma=10.0 method=eucl_params seed=45 data loaded in 5.13s rss=428MB (n_train=105 n_test=175)
[09:14:22]   [cpazmal] gamma=10.0 seed=42 finished eucl_params in 1.5s (f1=0.361)
[Parallel(n_jobs=4)]: Done   1 tasks      | elapsed:    8.3s
[09:14:22]   [cpazmal] gamma=10.0 seed=44 finished eucl_params in 1.5s (f1=0.404)
[Parallel(n_jobs=4)]: Done   2 out of   4 | elapsed:    8.4s remaining:    8.4s
[09:14:22]   [cpazmal] gamma=10.0 seed=43 finished eucl_params in 1.5s (f1=0.414)
[09:14:23]   [cpazmal] gamma=10.0 seed=45 finished eucl_params in 1.5s (f1=0.428)
[Parallel(n_jobs=4)]: Done   4 out of   4 | elapsed:    8.5s finished
[09:14:23] [full_baseline/cpazmal] gamma=10.0 method=eucl_params batch done in 8.5s peak_rss=7415MB (avg/job=1854MB)
[09:14:23] [full_baseline/cpazmal] gamma=10.0 method=eucl_params_nodiv starting batch (4 seeds, n_jobs=4)
[Parallel(n_jobs=4)]: Using backend LokyBackend with 4 concurrent workers.
[cpazmal] loading from cache (max_groups_per_class=None)
[cpazmal] loading from cache (max_groups_per_class=None)
[cpazmal] loading from cache (max_groups_per_class=None)
[cpazmal] loading from cache (max_groups_per_class=None)
[09:14:30] [load] fold=None seed=43 T=29 aggregate_days=None window_size=12 samples_per_step=64 n_train=105 (cap=105) n_test=175 (cap=175) classes_train=[0, 1, 2, 3, 4, 5, 6]
[09:14:30]   [cpazmal] gamma=10.0 method=eucl_params_nodiv seed=43 data loaded in 4.98s rss=427MB (n_train=105 n_test=175)
[09:14:30] [load] fold=None seed=42 T=29 aggregate_days=None window_size=12 samples_per_step=64 n_train=105 (cap=105) n_test=175 (cap=175) classes_train=[0, 1, 2, 3, 4, 5, 6]
[09:14:30]   [cpazmal] gamma=10.0 method=eucl_params_nodiv seed=42 data loaded in 4.98s rss=428MB (n_train=105 n_test=175)
[09:14:30] [load] fold=None seed=44 T=29 aggregate_days=None window_size=12 samples_per_step=64 n_train=105 (cap=105) n_test=175 (cap=175) classes_train=[0, 1, 2, 3, 4, 5, 6]
[09:14:30]   [cpazmal] gamma=10.0 method=eucl_params_nodiv seed=44 data loaded in 5.02s rss=427MB (n_train=105 n_test=175)
[09:14:30] [load] fold=None seed=45 T=29 aggregate_days=None window_size=12 samples_per_step=64 n_train=105 (cap=105) n_test=175 (cap=175) classes_train=[0, 1, 2, 3, 4, 5, 6]
[09:14:30]   [cpazmal] gamma=10.0 method=eucl_params_nodiv seed=45 data loaded in 5.04s rss=428MB (n_train=105 n_test=175)
[09:14:31]   [cpazmal] gamma=10.0 seed=42 finished eucl_params_nodiv in 1.1s (f1=0.322)
[Parallel(n_jobs=4)]: Done   1 tasks      | elapsed:    8.0s
[09:14:31]   [cpazmal] gamma=10.0 seed=43 finished eucl_params_nodiv in 1.2s (f1=0.334)
[Parallel(n_jobs=4)]: Done   2 out of   4 | elapsed:    8.0s remaining:    8.0s
[09:14:31]   [cpazmal] gamma=10.0 seed=44 finished eucl_params_nodiv in 1.2s (f1=0.212)
[09:14:31]   [cpazmal] gamma=10.0 seed=45 finished eucl_params_nodiv in 1.2s (f1=0.357)
[Parallel(n_jobs=4)]: Done   4 out of   4 | elapsed:    8.1s finished
[09:14:32] [full_baseline/cpazmal] gamma=10.0 method=eucl_params_nodiv batch done in 8.1s peak_rss=7421MB (avg/job=1855MB)
[09:14:32] [full_baseline/cpazmal] gamma=10.0 method=eucl_raw starting batch (4 seeds, n_jobs=4)
[Parallel(n_jobs=4)]: Using backend LokyBackend with 4 concurrent workers.
[cpazmal] loading from cache (max_groups_per_class=None)
[cpazmal] loading from cache (max_groups_per_class=None)
[cpazmal] loading from cache (max_groups_per_class=None)
[cpazmal] loading from cache (max_groups_per_class=None)
[09:14:39] [load] fold=None seed=42 T=29 aggregate_days=None window_size=12 samples_per_step=64 n_train=105 (cap=105) n_test=175 (cap=175) classes_train=[0, 1, 2, 3, 4, 5, 6]
[09:14:39]   [cpazmal] gamma=10.0 method=eucl_raw seed=42 data loaded in 4.96s rss=428MB (n_train=105 n_test=175)
[09:14:39] [load] fold=None seed=43 T=29 aggregate_days=None window_size=12 samples_per_step=64 n_train=105 (cap=105) n_test=175 (cap=175) classes_train=[0, 1, 2, 3, 4, 5, 6]
[09:14:39]   [cpazmal] gamma=10.0 method=eucl_raw seed=43 data loaded in 5.07s rss=428MB (n_train=105 n_test=175)
[09:14:39] [load] fold=None seed=44 T=29 aggregate_days=None window_size=12 samples_per_step=64 n_train=105 (cap=105) n_test=175 (cap=175) classes_train=[0, 1, 2, 3, 4, 5, 6]
[09:14:39]   [cpazmal] gamma=10.0 method=eucl_raw seed=44 data loaded in 5.07s rss=428MB (n_train=105 n_test=175)
[09:14:39] [load] fold=None seed=45 T=29 aggregate_days=None window_size=12 samples_per_step=64 n_train=105 (cap=105) n_test=175 (cap=175) classes_train=[0, 1, 2, 3, 4, 5, 6]
[09:14:39]   [cpazmal] gamma=10.0 method=eucl_raw seed=45 data loaded in 5.18s rss=428MB (n_train=105 n_test=175)
[09:14:40]   [cpazmal] gamma=10.0 seed=42 finished eucl_raw in 1.1s (f1=0.728)
[Parallel(n_jobs=4)]: Done   1 tasks      | elapsed:    7.9s
[09:14:40]   [cpazmal] gamma=10.0 seed=43 finished eucl_raw in 1.2s (f1=0.731)
[Parallel(n_jobs=4)]: Done   2 out of   4 | elapsed:    8.1s remaining:    8.1s
[09:14:40]   [cpazmal] gamma=10.0 seed=44 finished eucl_raw in 1.2s (f1=0.742)
[09:14:40]   [cpazmal] gamma=10.0 seed=45 finished eucl_raw in 1.2s (f1=0.673)
[Parallel(n_jobs=4)]: Done   4 out of   4 | elapsed:    8.2s finished
[09:14:41] [full_baseline/cpazmal] gamma=10.0 method=eucl_raw batch done in 8.2s peak_rss=7421MB (avg/job=1855MB)
[09:14:41] [full_baseline/cpazmal] gamma=10.0 method=eucl_raw_nodiv starting batch (4 seeds, n_jobs=4)
[Parallel(n_jobs=4)]: Using backend LokyBackend with 4 concurrent workers.
[cpazmal] loading from cache (max_groups_per_class=None)
[cpazmal] loading from cache (max_groups_per_class=None)
[cpazmal] loading from cache (max_groups_per_class=None)
[cpazmal] loading from cache (max_groups_per_class=None)
[09:14:47] [load] fold=None seed=44 T=29 aggregate_days=None window_size=12 samples_per_step=64 n_train=105 (cap=105) n_test=175 (cap=175) classes_train=[0, 1, 2, 3, 4, 5, 6]
[09:14:47]   [cpazmal] gamma=10.0 method=eucl_raw_nodiv seed=44 data loaded in 5.00s rss=428MB (n_train=105 n_test=175)
[09:14:47] [load] fold=None seed=42 T=29 aggregate_days=None window_size=12 samples_per_step=64 n_train=105 (cap=105) n_test=175 (cap=175) classes_train=[0, 1, 2, 3, 4, 5, 6]
[09:14:47]   [cpazmal] gamma=10.0 method=eucl_raw_nodiv seed=42 data loaded in 5.03s rss=428MB (n_train=105 n_test=175)
[09:14:47] [load] fold=None seed=43 T=29 aggregate_days=None window_size=12 samples_per_step=64 n_train=105 (cap=105) n_test=175 (cap=175) classes_train=[0, 1, 2, 3, 4, 5, 6]
[09:14:47]   [cpazmal] gamma=10.0 method=eucl_raw_nodiv seed=43 data loaded in 5.04s rss=428MB (n_train=105 n_test=175)
[09:14:48] [load] fold=None seed=45 T=29 aggregate_days=None window_size=12 samples_per_step=64 n_train=105 (cap=105) n_test=175 (cap=175) classes_train=[0, 1, 2, 3, 4, 5, 6]
[09:14:48]   [cpazmal] gamma=10.0 method=eucl_raw_nodiv seed=45 data loaded in 5.07s rss=428MB (n_train=105 n_test=175)
[09:14:48]   [cpazmal] gamma=10.0 seed=42 finished eucl_raw_nodiv in 0.6s (f1=0.451)
[Parallel(n_jobs=4)]: Done   1 tasks      | elapsed:    7.5s
[09:14:48]   [cpazmal] gamma=10.0 seed=44 finished eucl_raw_nodiv in 0.7s (f1=0.605)
[Parallel(n_jobs=4)]: Done   2 out of   4 | elapsed:    7.5s remaining:    7.5s
[09:14:48]   [cpazmal] gamma=10.0 seed=43 finished eucl_raw_nodiv in 0.7s (f1=0.576)
[09:14:48]   [cpazmal] gamma=10.0 seed=45 finished eucl_raw_nodiv in 0.7s (f1=0.450)
[Parallel(n_jobs=4)]: Done   4 out of   4 | elapsed:    7.6s finished
[09:14:49] [full_baseline/cpazmal] gamma=10.0 method=eucl_raw_nodiv batch done in 7.6s peak_rss=7424MB (avg/job=1856MB)
[09:14:49] [full_baseline/cpazmal] gamma=10.0 method=sta starting batch (4 seeds, n_jobs=2)
[Parallel(n_jobs=2)]: Using backend LokyBackend with 2 concurrent workers.
[cpazmal] loading from cache (max_groups_per_class=None)
[cpazmal] loading from cache (max_groups_per_class=None)
[09:14:55] [load] fold=None seed=43 T=29 aggregate_days=None window_size=12 samples_per_step=64 n_train=105 (cap=105) n_test=175 (cap=175) classes_train=[0, 1, 2, 3, 4, 5, 6]
[09:14:55] [load] fold=None seed=42 T=29 aggregate_days=None window_size=12 samples_per_step=64 n_train=105 (cap=105) n_test=175 (cap=175) classes_train=[0, 1, 2, 3, 4, 5, 6]
[09:14:55]   [cpazmal] gamma=10.0 method=sta seed=43 data loaded in 4.63s rss=429MB (n_train=105 n_test=175)
[09:14:55]   [cpazmal] gamma=10.0 method=sta seed=42 data loaded in 4.62s rss=428MB (n_train=105 n_test=175)
[10:39:45]   [cpazmal] gamma=10.0 seed=42 finished sta in 5089.5s (f1=0.537)
[Parallel(n_jobs=2)]: Done   1 tasks      | elapsed: 84.9min
[cpazmal] loading from cache (max_groups_per_class=None)
[10:39:47]   [cpazmal] gamma=10.0 seed=43 finished sta in 5092.1s (f1=0.582)
[Parallel(n_jobs=2)]: Done   2 out of   4 | elapsed: 85.0min remaining: 85.0min
[cpazmal] loading from cache (max_groups_per_class=None)
[10:39:51] [load] fold=None seed=44 T=29 aggregate_days=None window_size=12 samples_per_step=64 n_train=105 (cap=105) n_test=175 (cap=175) classes_train=[0, 1, 2, 3, 4, 5, 6]
[10:39:51]   [cpazmal] gamma=10.0 method=sta seed=44 data loaded in 4.53s rss=6567MB (n_train=105 n_test=175)
[10:39:53] [load] fold=None seed=45 T=29 aggregate_days=None window_size=12 samples_per_step=64 n_train=105 (cap=105) n_test=175 (cap=175) classes_train=[0, 1, 2, 3, 4, 5, 6]
[10:39:53]   [cpazmal] gamma=10.0 method=sta seed=45 data loaded in 4.55s rss=6571MB (n_train=105 n_test=175)
[12:08:20]   [cpazmal] gamma=10.0 seed=44 finished sta in 5309.3s (f1=0.618)
[12:08:23]   [cpazmal] gamma=10.0 seed=45 finished sta in 5309.4s (f1=0.506)
[Parallel(n_jobs=2)]: Done   4 out of   4 | elapsed: 173.6min finished
[12:08:48] [full_baseline/cpazmal] gamma=10.0 method=sta batch done in 10413.7s peak_rss=15888MB (avg/job=7944MB)
[12:08:48] [full_baseline/cpazmal] eucl_params@g=0.001=0.371±0.033  eucl_params_nodiv@g=0.001=0.371±0.033  eucl_raw@g=0.001=0.625±0.031  eucl_raw_nodiv@g=0.001=0.625±0.031  sta@g=0.001=0.772±0.040  wasps@g=0.001=0.686±0.023  wasps_nodiv@g=0.001=0.685±0.022  eucl_params@g=0.01=0.371±0.029  eucl_params_nodiv@g=0.01=0.368±0.030  eucl_raw@g=0.01=0.625±0.031  eucl_raw_nodiv@g=0.01=0.625±0.031  sta@g=0.01=0.726±0.058  wasps@g=0.01=0.701±0.025  wasps_nodiv@g=0.01=0.658±0.024  eucl_params@g=0.1=0.405±0.023  eucl_params_nodiv@g=0.1=0.386±0.021  eucl_raw@g=0.1=0.623±0.028  eucl_raw_nodiv@g=0.1=0.623±0.028  sta@g=0.1=0.652±0.057  wasps@g=0.1=0.740±0.033  wasps_nodiv@g=0.1=0.551±0.059  eucl_params@g=1=0.408±0.031  eucl_params_nodiv@g=1=0.332±0.046  eucl_raw@g=1=0.636±0.026  eucl_raw_nodiv@g=1=0.540±0.031  sta@g=1=0.576±0.047  wasps@g=1=0.716±0.030  wasps_nodiv@g=1=0.499±0.046  eucl_params@g=10=0.402±0.025  eucl_params_nodiv@g=10=0.306±0.056  eucl_raw@g=10=0.719±0.027  eucl_raw_nodiv@g=10=0.521±0.071  sta@g=10=0.561±0.042  wasps@g=10=0.713±0.031  wasps_nodiv@g=10=0.482±0.047  eucl_params@g=100=0.397±0.027  eucl_params_nodiv@g=100=0.302±0.058  eucl_raw@g=100=0.730±0.027  eucl_raw_nodiv@g=100=0.484±0.084  sta@g=100=0.558±0.044  wasps@g=100=0.710±0.032  wasps_nodiv@g=100=0.483±0.052
[12:08:48] ===== full_baseline done =====
----- 12:08:48 dataset=cpazmal gamma=1.0e+1 done -----
----- 12:08:48 dataset=cpazmal gamma=1.0e+4 starting -----
[12:08:50] ===== full_baseline config=configs/full_baseline.yaml seed=42 n_jobs=4 sta_n_jobs=2 dataset=cpazmal gamma=10000.0 force=False debug=True verbose=True =====
[12:08:50] methods=['wasps', 'wasps_nodiv', 'eucl_params', 'eucl_params_nodiv', 'eucl_raw', 'eucl_raw_nodiv', 'sta'] n_seeds=4 estimator=log_cumulant
[12:08:50] [full_baseline/cpazmal] gamma=10000.0 computing methods=['wasps', 'wasps_nodiv', 'eucl_params', 'eucl_params_nodiv', 'eucl_raw', 'eucl_raw_nodiv', 'sta']
[12:08:50] [full_baseline/cpazmal] gamma=10000.0 method=wasps starting batch (4 seeds, n_jobs=4)
[Parallel(n_jobs=4)]: Using backend LokyBackend with 4 concurrent workers.
[cpazmal] loading from cache (max_groups_per_class=None)
[cpazmal] loading from cache (max_groups_per_class=None)
[cpazmal] loading from cache (max_groups_per_class=None)
[cpazmal] loading from cache (max_groups_per_class=None)
[12:08:57] [load] fold=None seed=42 T=29 aggregate_days=None window_size=12 samples_per_step=64 n_train=105 (cap=105) n_test=175 (cap=175) classes_train=[0, 1, 2, 3, 4, 5, 6]
[12:08:57]   [cpazmal] gamma=10000.0 method=wasps seed=42 data loaded in 4.97s rss=428MB (n_train=105 n_test=175)
[12:08:57] [load] fold=None seed=44 T=29 aggregate_days=None window_size=12 samples_per_step=64 n_train=105 (cap=105) n_test=175 (cap=175) classes_train=[0, 1, 2, 3, 4, 5, 6]
[12:08:57]   [cpazmal] gamma=10000.0 method=wasps seed=44 data loaded in 4.97s rss=428MB (n_train=105 n_test=175)
[12:08:57] [load] fold=None seed=45 T=29 aggregate_days=None window_size=12 samples_per_step=64 n_train=105 (cap=105) n_test=175 (cap=175) classes_train=[0, 1, 2, 3, 4, 5, 6]
[12:08:57]   [cpazmal] gamma=10000.0 method=wasps seed=45 data loaded in 4.97s rss=429MB (n_train=105 n_test=175)
[12:08:57] [load] fold=None seed=43 T=29 aggregate_days=None window_size=12 samples_per_step=64 n_train=105 (cap=105) n_test=175 (cap=175) classes_train=[0, 1, 2, 3, 4, 5, 6]
[12:08:57]   [cpazmal] gamma=10000.0 method=wasps seed=43 data loaded in 5.01s rss=428MB (n_train=105 n_test=175)
[12:08:59]   [cpazmal] gamma=10000.0 seed=42 finished wasps in 1.9s (f1=0.665)
[Parallel(n_jobs=4)]: Done   1 tasks      | elapsed:    8.7s
[12:08:59]   [cpazmal] gamma=10000.0 seed=44 finished wasps in 1.9s (f1=0.625)
[Parallel(n_jobs=4)]: Done   2 out of   4 | elapsed:    8.7s remaining:    8.7s
[12:08:59]   [cpazmal] gamma=10000.0 seed=45 finished wasps in 1.9s (f1=0.669)
[12:08:59]   [cpazmal] gamma=10000.0 seed=43 finished wasps in 1.9s (f1=0.683)
[Parallel(n_jobs=4)]: Done   4 out of   4 | elapsed:    8.8s finished
[12:08:59] [full_baseline/cpazmal] gamma=10000.0 method=wasps batch done in 8.8s peak_rss=7423MB (avg/job=1856MB)
[12:08:59] [full_baseline/cpazmal] gamma=10000.0 method=wasps_nodiv starting batch (4 seeds, n_jobs=4)
[Parallel(n_jobs=4)]: Using backend LokyBackend with 4 concurrent workers.
[cpazmal] loading from cache (max_groups_per_class=None)
[cpazmal] loading from cache (max_groups_per_class=None)
[cpazmal] loading from cache (max_groups_per_class=None)
[cpazmal] loading from cache (max_groups_per_class=None)
[12:09:06] [load] fold=None seed=45 T=29 aggregate_days=None window_size=12 samples_per_step=64 n_train=105 (cap=105) n_test=175 (cap=175) classes_train=[0, 1, 2, 3, 4, 5, 6]
[12:09:06]   [cpazmal] gamma=10000.0 method=wasps_nodiv seed=45 data loaded in 4.93s rss=428MB (n_train=105 n_test=175)
[12:09:06] [load] fold=None seed=43 T=29 aggregate_days=None window_size=12 samples_per_step=64 n_train=105 (cap=105) n_test=175 (cap=175) classes_train=[0, 1, 2, 3, 4, 5, 6]
[12:09:06]   [cpazmal] gamma=10000.0 method=wasps_nodiv seed=43 data loaded in 5.00s rss=429MB (n_train=105 n_test=175)
[12:09:06] [load] fold=None seed=44 T=29 aggregate_days=None window_size=12 samples_per_step=64 n_train=105 (cap=105) n_test=175 (cap=175) classes_train=[0, 1, 2, 3, 4, 5, 6]
[12:09:06]   [cpazmal] gamma=10000.0 method=wasps_nodiv seed=44 data loaded in 5.05s rss=428MB (n_train=105 n_test=175)
[12:09:06] [load] fold=None seed=42 T=29 aggregate_days=None window_size=12 samples_per_step=64 n_train=105 (cap=105) n_test=175 (cap=175) classes_train=[0, 1, 2, 3, 4, 5, 6]
[12:09:06]   [cpazmal] gamma=10000.0 method=wasps_nodiv seed=42 data loaded in 5.09s rss=429MB (n_train=105 n_test=175)
[12:09:07]   [cpazmal] gamma=10000.0 seed=45 finished wasps_nodiv in 1.3s (f1=0.477)
[Parallel(n_jobs=4)]: Done   1 tasks      | elapsed:    8.1s
[12:09:08]   [cpazmal] gamma=10000.0 seed=43 finished wasps_nodiv in 1.3s (f1=0.476)
[Parallel(n_jobs=4)]: Done   2 out of   4 | elapsed:    8.2s remaining:    8.2s
[12:09:08]   [cpazmal] gamma=10000.0 seed=44 finished wasps_nodiv in 1.3s (f1=0.449)
[12:09:08]   [cpazmal] gamma=10000.0 seed=42 finished wasps_nodiv in 1.4s (f1=0.436)
[Parallel(n_jobs=4)]: Done   4 out of   4 | elapsed:    8.3s finished
[12:09:08] [full_baseline/cpazmal] gamma=10000.0 method=wasps_nodiv batch done in 8.3s peak_rss=7423MB (avg/job=1856MB)
[12:09:08] [full_baseline/cpazmal] gamma=10000.0 method=eucl_params starting batch (4 seeds, n_jobs=4)
[Parallel(n_jobs=4)]: Using backend LokyBackend with 4 concurrent workers.
[cpazmal] loading from cache (max_groups_per_class=None)
[cpazmal] loading from cache (max_groups_per_class=None)
[cpazmal] loading from cache (max_groups_per_class=None)
[cpazmal] loading from cache (max_groups_per_class=None)
[12:09:15] [load] fold=None seed=43 T=29 aggregate_days=None window_size=12 samples_per_step=64 n_train=105 (cap=105) n_test=175 (cap=175) classes_train=[0, 1, 2, 3, 4, 5, 6]
[12:09:15]   [cpazmal] gamma=10000.0 method=eucl_params seed=43 data loaded in 4.98s rss=428MB (n_train=105 n_test=175)
[12:09:15] [load] fold=None seed=42 T=29 aggregate_days=None window_size=12 samples_per_step=64 n_train=105 (cap=105) n_test=175 (cap=175) classes_train=[0, 1, 2, 3, 4, 5, 6]
[12:09:15] [load] fold=None seed=44 T=29 aggregate_days=None window_size=12 samples_per_step=64 n_train=105 (cap=105) n_test=175 (cap=175) classes_train=[0, 1, 2, 3, 4, 5, 6]
[12:09:15]   [cpazmal] gamma=10000.0 method=eucl_params seed=42 data loaded in 5.00s rss=428MB (n_train=105 n_test=175)
[12:09:15]   [cpazmal] gamma=10000.0 method=eucl_params seed=44 data loaded in 4.99s rss=428MB (n_train=105 n_test=175)
[12:09:15] [load] fold=None seed=45 T=29 aggregate_days=None window_size=12 samples_per_step=64 n_train=105 (cap=105) n_test=175 (cap=175) classes_train=[0, 1, 2, 3, 4, 5, 6]
[12:09:15]   [cpazmal] gamma=10000.0 method=eucl_params seed=45 data loaded in 5.04s rss=429MB (n_train=105 n_test=175)
[12:09:17]   [cpazmal] gamma=10000.0 seed=43 finished eucl_params in 1.5s (f1=0.447)
[Parallel(n_jobs=4)]: Done   1 tasks      | elapsed:    8.3s
[12:09:17]   [cpazmal] gamma=10000.0 seed=44 finished eucl_params in 1.5s (f1=0.390)
[Parallel(n_jobs=4)]: Done   2 out of   4 | elapsed:    8.3s remaining:    8.3s
[12:09:17]   [cpazmal] gamma=10000.0 seed=42 finished eucl_params in 1.6s (f1=0.378)
[12:09:17]   [cpazmal] gamma=10000.0 seed=45 finished eucl_params in 1.5s (f1=0.416)
[Parallel(n_jobs=4)]: Done   4 out of   4 | elapsed:    8.5s finished
[12:09:17] [full_baseline/cpazmal] gamma=10000.0 method=eucl_params batch done in 8.5s peak_rss=7424MB (avg/job=1856MB)
[12:09:17] [full_baseline/cpazmal] gamma=10000.0 method=eucl_params_nodiv starting batch (4 seeds, n_jobs=4)
[Parallel(n_jobs=4)]: Using backend LokyBackend with 4 concurrent workers.
[cpazmal] loading from cache (max_groups_per_class=None)
[cpazmal] loading from cache (max_groups_per_class=None)
[cpazmal] loading from cache (max_groups_per_class=None)
[cpazmal] loading from cache (max_groups_per_class=None)
[12:09:24] [load] fold=None seed=43 T=29 aggregate_days=None window_size=12 samples_per_step=64 n_train=105 (cap=105) n_test=175 (cap=175) classes_train=[0, 1, 2, 3, 4, 5, 6]
[12:09:24]   [cpazmal] gamma=10000.0 method=eucl_params_nodiv seed=43 data loaded in 4.94s rss=428MB (n_train=105 n_test=175)
[12:09:24] [load] fold=None seed=44 T=29 aggregate_days=None window_size=12 samples_per_step=64 n_train=105 (cap=105) n_test=175 (cap=175) classes_train=[0, 1, 2, 3, 4, 5, 6]
[12:09:24]   [cpazmal] gamma=10000.0 method=eucl_params_nodiv seed=44 data loaded in 4.95s rss=428MB (n_train=105 n_test=175)
[12:09:24] [load] fold=None seed=42 T=29 aggregate_days=None window_size=12 samples_per_step=64 n_train=105 (cap=105) n_test=175 (cap=175) classes_train=[0, 1, 2, 3, 4, 5, 6]
[12:09:24]   [cpazmal] gamma=10000.0 method=eucl_params_nodiv seed=42 data loaded in 5.04s rss=428MB (n_train=105 n_test=175)
[12:09:24] [load] fold=None seed=45 T=29 aggregate_days=None window_size=12 samples_per_step=64 n_train=105 (cap=105) n_test=175 (cap=175) classes_train=[0, 1, 2, 3, 4, 5, 6]
[12:09:24]   [cpazmal] gamma=10000.0 method=eucl_params_nodiv seed=45 data loaded in 5.08s rss=428MB (n_train=105 n_test=175)
[12:09:25]   [cpazmal] gamma=10000.0 seed=43 finished eucl_params_nodiv in 1.2s (f1=0.309)
[Parallel(n_jobs=4)]: Done   1 tasks      | elapsed:    7.9s
[12:09:25]   [cpazmal] gamma=10000.0 seed=44 finished eucl_params_nodiv in 1.2s (f1=0.201)
[Parallel(n_jobs=4)]: Done   2 out of   4 | elapsed:    8.0s remaining:    8.0s
[12:09:25]   [cpazmal] gamma=10000.0 seed=42 finished eucl_params_nodiv in 1.2s (f1=0.310)
[12:09:25]   [cpazmal] gamma=10000.0 seed=45 finished eucl_params_nodiv in 1.2s (f1=0.357)
[Parallel(n_jobs=4)]: Done   4 out of   4 | elapsed:    8.1s finished
[12:09:26] [full_baseline/cpazmal] gamma=10000.0 method=eucl_params_nodiv batch done in 8.1s peak_rss=7422MB (avg/job=1855MB)
[12:09:26] [full_baseline/cpazmal] gamma=10000.0 method=eucl_raw starting batch (4 seeds, n_jobs=4)
[Parallel(n_jobs=4)]: Using backend LokyBackend with 4 concurrent workers.
[cpazmal] loading from cache (max_groups_per_class=None)
[cpazmal] loading from cache (max_groups_per_class=None)
[cpazmal] loading from cache (max_groups_per_class=None)
[cpazmal] loading from cache (max_groups_per_class=None)
[12:09:33] [load] fold=None seed=44 T=29 aggregate_days=None window_size=12 samples_per_step=64 n_train=105 (cap=105) n_test=175 (cap=175) classes_train=[0, 1, 2, 3, 4, 5, 6]
[12:09:33]   [cpazmal] gamma=10000.0 method=eucl_raw seed=44 data loaded in 4.95s rss=428MB (n_train=105 n_test=175)
[12:09:33] [load] fold=None seed=43 T=29 aggregate_days=None window_size=12 samples_per_step=64 n_train=105 (cap=105) n_test=175 (cap=175) classes_train=[0, 1, 2, 3, 4, 5, 6]
[12:09:33]   [cpazmal] gamma=10000.0 method=eucl_raw seed=43 data loaded in 5.03s rss=428MB (n_train=105 n_test=175)
[12:09:33] [load] fold=None seed=45 T=29 aggregate_days=None window_size=12 samples_per_step=64 n_train=105 (cap=105) n_test=175 (cap=175) classes_train=[0, 1, 2, 3, 4, 5, 6]
[12:09:33]   [cpazmal] gamma=10000.0 method=eucl_raw seed=45 data loaded in 5.08s rss=428MB (n_train=105 n_test=175)
[12:09:33] [load] fold=None seed=42 T=29 aggregate_days=None window_size=12 samples_per_step=64 n_train=105 (cap=105) n_test=175 (cap=175) classes_train=[0, 1, 2, 3, 4, 5, 6]
[12:09:33]   [cpazmal] gamma=10000.0 method=eucl_raw seed=42 data loaded in 5.08s rss=427MB (n_train=105 n_test=175)
[12:09:34]   [cpazmal] gamma=10000.0 seed=44 finished eucl_raw in 1.2s (f1=0.725)
[Parallel(n_jobs=4)]: Done   1 tasks      | elapsed:    8.0s
[12:09:34]   [cpazmal] gamma=10000.0 seed=43 finished eucl_raw in 1.2s (f1=0.756)
[Parallel(n_jobs=4)]: Done   2 out of   4 | elapsed:    8.0s remaining:    8.0s
[12:09:34]   [cpazmal] gamma=10000.0 seed=45 finished eucl_raw in 1.2s (f1=0.678)
[12:09:34]   [cpazmal] gamma=10000.0 seed=42 finished eucl_raw in 1.2s (f1=0.760)
[Parallel(n_jobs=4)]: Done   4 out of   4 | elapsed:    8.1s finished
[12:09:35] [full_baseline/cpazmal] gamma=10000.0 method=eucl_raw batch done in 8.1s peak_rss=7423MB (avg/job=1856MB)
[12:09:35] [full_baseline/cpazmal] gamma=10000.0 method=eucl_raw_nodiv starting batch (4 seeds, n_jobs=4)
[Parallel(n_jobs=4)]: Using backend LokyBackend with 4 concurrent workers.
[cpazmal] loading from cache (max_groups_per_class=None)
[cpazmal] loading from cache (max_groups_per_class=None)
[cpazmal] loading from cache (max_groups_per_class=None)
[cpazmal] loading from cache (max_groups_per_class=None)
[12:09:42] [load] fold=None seed=43 T=29 aggregate_days=None window_size=12 samples_per_step=64 n_train=105 (cap=105) n_test=175 (cap=175) classes_train=[0, 1, 2, 3, 4, 5, 6]
[12:09:42]   [cpazmal] gamma=10000.0 method=eucl_raw_nodiv seed=43 data loaded in 4.98s rss=428MB (n_train=105 n_test=175)
[12:09:42] [load] fold=None seed=44 T=29 aggregate_days=None window_size=12 samples_per_step=64 n_train=105 (cap=105) n_test=175 (cap=175) classes_train=[0, 1, 2, 3, 4, 5, 6]
[12:09:42]   [cpazmal] gamma=10000.0 method=eucl_raw_nodiv seed=44 data loaded in 5.00s rss=428MB (n_train=105 n_test=175)
[12:09:42] [load] fold=None seed=45 T=29 aggregate_days=None window_size=12 samples_per_step=64 n_train=105 (cap=105) n_test=175 (cap=175) classes_train=[0, 1, 2, 3, 4, 5, 6]
[12:09:42]   [cpazmal] gamma=10000.0 method=eucl_raw_nodiv seed=45 data loaded in 4.99s rss=429MB (n_train=105 n_test=175)
[12:09:42] [load] fold=None seed=42 T=29 aggregate_days=None window_size=12 samples_per_step=64 n_train=105 (cap=105) n_test=175 (cap=175) classes_train=[0, 1, 2, 3, 4, 5, 6]
[12:09:42]   [cpazmal] gamma=10000.0 method=eucl_raw_nodiv seed=42 data loaded in 5.04s rss=428MB (n_train=105 n_test=175)
[12:09:42]   [cpazmal] gamma=10000.0 seed=44 finished eucl_raw_nodiv in 0.6s (f1=0.571)
[Parallel(n_jobs=4)]: Done   1 tasks      | elapsed:    7.5s
[12:09:42]   [cpazmal] gamma=10000.0 seed=43 finished eucl_raw_nodiv in 0.7s (f1=0.534)
[Parallel(n_jobs=4)]: Done   2 out of   4 | elapsed:    7.5s remaining:    7.5s
[12:09:42]   [cpazmal] gamma=10000.0 seed=45 finished eucl_raw_nodiv in 0.7s (f1=0.365)
[12:09:42]   [cpazmal] gamma=10000.0 seed=42 finished eucl_raw_nodiv in 0.7s (f1=0.409)
[Parallel(n_jobs=4)]: Done   4 out of   4 | elapsed:    7.6s finished
[12:09:43] [full_baseline/cpazmal] gamma=10000.0 method=eucl_raw_nodiv batch done in 7.6s peak_rss=7422MB (avg/job=1855MB)
[12:09:43] [full_baseline/cpazmal] gamma=10000.0 method=sta starting batch (4 seeds, n_jobs=2)
[Parallel(n_jobs=2)]: Using backend LokyBackend with 2 concurrent workers.
[cpazmal] loading from cache (max_groups_per_class=None)
[cpazmal] loading from cache (max_groups_per_class=None)
[12:09:49] [load] fold=None seed=43 T=29 aggregate_days=None window_size=12 samples_per_step=64 n_train=105 (cap=105) n_test=175 (cap=175) classes_train=[0, 1, 2, 3, 4, 5, 6]
[12:09:49]   [cpazmal] gamma=10000.0 method=sta seed=43 data loaded in 4.63s rss=424MB (n_train=105 n_test=175)
[12:09:49] [load] fold=None seed=42 T=29 aggregate_days=None window_size=12 samples_per_step=64 n_train=105 (cap=105) n_test=175 (cap=175) classes_train=[0, 1, 2, 3, 4, 5, 6]
[12:09:49]   [cpazmal] gamma=10000.0 method=sta seed=42 data loaded in 4.64s rss=424MB (n_train=105 n_test=175)
[13:34:39]   [cpazmal] gamma=10000.0 seed=43 finished sta in 5090.0s (f1=0.572)
[Parallel(n_jobs=2)]: Done   1 tasks      | elapsed: 84.9min
[cpazmal] loading from cache (max_groups_per_class=None)
[13:34:42]   [cpazmal] gamma=10000.0 seed=42 finished sta in 5092.8s (f1=0.491)
[Parallel(n_jobs=2)]: Done   2 out of   4 | elapsed: 85.0min remaining: 85.0min
[cpazmal] loading from cache (max_groups_per_class=None)
[13:34:45] [load] fold=None seed=44 T=29 aggregate_days=None window_size=12 samples_per_step=64 n_train=105 (cap=105) n_test=175 (cap=175) classes_train=[0, 1, 2, 3, 4, 5, 6]
[13:34:45]   [cpazmal] gamma=10000.0 method=sta seed=44 data loaded in 4.56s rss=6570MB (n_train=105 n_test=175)
[13:34:48] [load] fold=None seed=45 T=29 aggregate_days=None window_size=12 samples_per_step=64 n_train=105 (cap=105) n_test=175 (cap=175) classes_train=[0, 1, 2, 3, 4, 5, 6]
[13:34:48]   [cpazmal] gamma=10000.0 method=sta seed=45 data loaded in 4.54s rss=6565MB (n_train=105 n_test=175)
[15:03:20]   [cpazmal] gamma=10000.0 seed=44 finished sta in 5315.1s (f1=0.593)
[15:03:23]   [cpazmal] gamma=10000.0 seed=45 finished sta in 5314.9s (f1=0.522)
[Parallel(n_jobs=2)]: Done   4 out of   4 | elapsed: 173.7min finished
[15:03:48] [full_baseline/cpazmal] gamma=10000.0 method=sta batch done in 10419.8s peak_rss=15510MB (avg/job=7755MB)
[15:03:48] [full_baseline/cpazmal] eucl_params@g=0.001=0.371±0.033  eucl_params_nodiv@g=0.001=0.371±0.033  eucl_raw@g=0.001=0.625±0.031  eucl_raw_nodiv@g=0.001=0.625±0.031  sta@g=0.001=0.772±0.040  wasps@g=0.001=0.686±0.023  wasps_nodiv@g=0.001=0.685±0.022  eucl_params@g=0.01=0.371±0.029  eucl_params_nodiv@g=0.01=0.368±0.030  eucl_raw@g=0.01=0.625±0.031  eucl_raw_nodiv@g=0.01=0.625±0.031  sta@g=0.01=0.726±0.058  wasps@g=0.01=0.701±0.025  wasps_nodiv@g=0.01=0.658±0.024  eucl_params@g=0.1=0.405±0.023  eucl_params_nodiv@g=0.1=0.386±0.021  eucl_raw@g=0.1=0.623±0.028  eucl_raw_nodiv@g=0.1=0.623±0.028  sta@g=0.1=0.652±0.057  wasps@g=0.1=0.740±0.033  wasps_nodiv@g=0.1=0.551±0.059  eucl_params@g=1=0.408±0.031  eucl_params_nodiv@g=1=0.332±0.046  eucl_raw@g=1=0.636±0.026  eucl_raw_nodiv@g=1=0.540±0.031  sta@g=1=0.576±0.047  wasps@g=1=0.716±0.030  wasps_nodiv@g=1=0.499±0.046  eucl_params@g=10=0.402±0.025  eucl_params_nodiv@g=10=0.306±0.056  eucl_raw@g=10=0.719±0.027  eucl_raw_nodiv@g=10=0.521±0.071  sta@g=10=0.561±0.042  wasps@g=10=0.713±0.031  wasps_nodiv@g=10=0.482±0.047  eucl_params@g=100=0.397±0.027  eucl_params_nodiv@g=100=0.302±0.058  eucl_raw@g=100=0.730±0.027  eucl_raw_nodiv@g=100=0.484±0.084  sta@g=100=0.558±0.044  wasps@g=100=0.710±0.032  wasps_nodiv@g=100=0.483±0.052  eucl_params@g=10000=0.408±0.027  eucl_params_nodiv@g=10000=0.294±0.057  eucl_raw@g=10000=0.730±0.033  eucl_raw_nodiv@g=10000=0.470±0.085  sta@g=10000=0.544±0.040  wasps@g=10000=0.661±0.022  wasps_nodiv@g=10000=0.459±0.017
[15:03:48] ===== full_baseline done =====
----- 15:03:48 dataset=cpazmal gamma=1.0e+4 done -----
===== 2026-07-11 15:03:48 full_baseline_cpazmal_extra done =====
