[19:00:23] ===== analyze_wasps_vs_euclraw n_jobs=2 seed=42 tests=['baseline', 'test1_exponential_intensity', 'test2_wasps_fixed_k2', 'test3_window32_logcumulant', 'test4_window32_mle', 'test5_baseline_mle'] n_seeds=10 gamma_grid=[0.0001, 0.01, 0.1, 1.0, 10.0, 100.0, 10000.0] =====
[19:00:23] [analyze] ===== baseline ===== dataset_overrides={} clf_overrides={}
[19:00:36] [load] fold=None seed=42 T=29 aggregate_days=None window_size=9 samples_per_step=48 n_train=105 (cap=105) n_test=175 (cap=175) classes_train=[0, 1, 2, 3, 4, 5, 6]
[19:00:36] [load] fold=None seed=42 T=29 aggregate_days=None window_size=9 samples_per_step=48 n_train=105 (cap=105) n_test=175 (cap=175) classes_train=[0, 1, 2, 3, 4, 5, 6]
[19:00:52] [load] fold=None seed=43 T=29 aggregate_days=None window_size=9 samples_per_step=48 n_train=105 (cap=105) n_test=175 (cap=175) classes_train=[0, 1, 2, 3, 4, 5, 6]
[19:00:54] [load] fold=None seed=43 T=29 aggregate_days=None window_size=9 samples_per_step=48 n_train=105 (cap=105) n_test=175 (cap=175) classes_train=[0, 1, 2, 3, 4, 5, 6]
[19:01:03] [load] fold=None seed=44 T=29 aggregate_days=None window_size=9 samples_per_step=48 n_train=105 (cap=105) n_test=175 (cap=175) classes_train=[0, 1, 2, 3, 4, 5, 6]
[19:01:05] [load] fold=None seed=44 T=29 aggregate_days=None window_size=9 samples_per_step=48 n_train=105 (cap=105) n_test=175 (cap=175) classes_train=[0, 1, 2, 3, 4, 5, 6]
[19:01:13] [load] fold=None seed=45 T=29 aggregate_days=None window_size=9 samples_per_step=48 n_train=105 (cap=105) n_test=175 (cap=175) classes_train=[0, 1, 2, 3, 4, 5, 6]
[19:01:14] [load] fold=None seed=45 T=29 aggregate_days=None window_size=9 samples_per_step=48 n_train=105 (cap=105) n_test=175 (cap=175) classes_train=[0, 1, 2, 3, 4, 5, 6]
[19:01:22] [load] fold=None seed=46 T=29 aggregate_days=None window_size=9 samples_per_step=48 n_train=105 (cap=105) n_test=175 (cap=175) classes_train=[0, 1, 2, 3, 4, 5, 6]
[19:01:24] [load] fold=None seed=46 T=29 aggregate_days=None window_size=9 samples_per_step=48 n_train=105 (cap=105) n_test=175 (cap=175) classes_train=[0, 1, 2, 3, 4, 5, 6]
[19:01:31] [load] fold=None seed=47 T=29 aggregate_days=None window_size=9 samples_per_step=48 n_train=105 (cap=105) n_test=175 (cap=175) classes_train=[0, 1, 2, 3, 4, 5, 6]
[19:01:34] [load] fold=None seed=47 T=29 aggregate_days=None window_size=9 samples_per_step=48 n_train=105 (cap=105) n_test=175 (cap=175) classes_train=[0, 1, 2, 3, 4, 5, 6]
[19:01:40] [load] fold=None seed=48 T=29 aggregate_days=None window_size=9 samples_per_step=48 n_train=105 (cap=105) n_test=175 (cap=175) classes_train=[0, 1, 2, 3, 4, 5, 6]
[19:01:43] [load] fold=None seed=48 T=29 aggregate_days=None window_size=9 samples_per_step=48 n_train=105 (cap=105) n_test=175 (cap=175) classes_train=[0, 1, 2, 3, 4, 5, 6]
[19:01:50] [load] fold=None seed=49 T=29 aggregate_days=None window_size=9 samples_per_step=48 n_train=105 (cap=105) n_test=175 (cap=175) classes_train=[0, 1, 2, 3, 4, 5, 6]
[19:01:52] [load] fold=None seed=49 T=29 aggregate_days=None window_size=9 samples_per_step=48 n_train=105 (cap=105) n_test=175 (cap=175) classes_train=[0, 1, 2, 3, 4, 5, 6]
[19:02:01] [load] fold=None seed=50 T=29 aggregate_days=None window_size=9 samples_per_step=48 n_train=105 (cap=105) n_test=175 (cap=175) classes_train=[0, 1, 2, 3, 4, 5, 6]
[19:02:02] [load] fold=None seed=50 T=29 aggregate_days=None window_size=9 samples_per_step=48 n_train=105 (cap=105) n_test=175 (cap=175) classes_train=[0, 1, 2, 3, 4, 5, 6]
[19:02:11] [load] fold=None seed=51 T=29 aggregate_days=None window_size=9 samples_per_step=48 n_train=105 (cap=105) n_test=175 (cap=175) classes_train=[0, 1, 2, 3, 4, 5, 6]
[19:02:13] [load] fold=None seed=51 T=29 aggregate_days=None window_size=9 samples_per_step=48 n_train=105 (cap=105) n_test=175 (cap=175) classes_train=[0, 1, 2, 3, 4, 5, 6]
[19:02:21] [load] fold=None seed=42 T=29 aggregate_days=None window_size=9 samples_per_step=48 n_train=105 (cap=105) n_test=175 (cap=175) classes_train=[0, 1, 2, 3, 4, 5, 6]
[19:02:24] [load] fold=None seed=42 T=29 aggregate_days=None window_size=9 samples_per_step=48 n_train=105 (cap=105) n_test=175 (cap=175) classes_train=[0, 1, 2, 3, 4, 5, 6]
[19:02:30] [load] fold=None seed=43 T=29 aggregate_days=None window_size=9 samples_per_step=48 n_train=105 (cap=105) n_test=175 (cap=175) classes_train=[0, 1, 2, 3, 4, 5, 6]
[19:02:33] [load] fold=None seed=43 T=29 aggregate_days=None window_size=9 samples_per_step=48 n_train=105 (cap=105) n_test=175 (cap=175) classes_train=[0, 1, 2, 3, 4, 5, 6]
[19:02:39] [load] fold=None seed=44 T=29 aggregate_days=None window_size=9 samples_per_step=48 n_train=105 (cap=105) n_test=175 (cap=175) classes_train=[0, 1, 2, 3, 4, 5, 6]
[19:02:42] [load] fold=None seed=44 T=29 aggregate_days=None window_size=9 samples_per_step=48 n_train=105 (cap=105) n_test=175 (cap=175) classes_train=[0, 1, 2, 3, 4, 5, 6]
[19:02:48] [load] fold=None seed=45 T=29 aggregate_days=None window_size=9 samples_per_step=48 n_train=105 (cap=105) n_test=175 (cap=175) classes_train=[0, 1, 2, 3, 4, 5, 6]
[19:02:51] [load] fold=None seed=45 T=29 aggregate_days=None window_size=9 samples_per_step=48 n_train=105 (cap=105) n_test=175 (cap=175) classes_train=[0, 1, 2, 3, 4, 5, 6]
[19:02:57] [load] fold=None seed=46 T=29 aggregate_days=None window_size=9 samples_per_step=48 n_train=105 (cap=105) n_test=175 (cap=175) classes_train=[0, 1, 2, 3, 4, 5, 6]
[19:03:01] [load] fold=None seed=46 T=29 aggregate_days=None window_size=9 samples_per_step=48 n_train=105 (cap=105) n_test=175 (cap=175) classes_train=[0, 1, 2, 3, 4, 5, 6]
[19:03:06] [load] fold=None seed=47 T=29 aggregate_days=None window_size=9 samples_per_step=48 n_train=105 (cap=105) n_test=175 (cap=175) classes_train=[0, 1, 2, 3, 4, 5, 6]
[19:03:10] [load] fold=None seed=47 T=29 aggregate_days=None window_size=9 samples_per_step=48 n_train=105 (cap=105) n_test=175 (cap=175) classes_train=[0, 1, 2, 3, 4, 5, 6]
[19:03:15] [load] fold=None seed=48 T=29 aggregate_days=None window_size=9 samples_per_step=48 n_train=105 (cap=105) n_test=175 (cap=175) classes_train=[0, 1, 2, 3, 4, 5, 6]
[19:03:19] [load] fold=None seed=48 T=29 aggregate_days=None window_size=9 samples_per_step=48 n_train=105 (cap=105) n_test=175 (cap=175) classes_train=[0, 1, 2, 3, 4, 5, 6]
[19:03:23] [load] fold=None seed=49 T=29 aggregate_days=None window_size=9 samples_per_step=48 n_train=105 (cap=105) n_test=175 (cap=175) classes_train=[0, 1, 2, 3, 4, 5, 6]
[19:03:27] [load] fold=None seed=49 T=29 aggregate_days=None window_size=9 samples_per_step=48 n_train=105 (cap=105) n_test=175 (cap=175) classes_train=[0, 1, 2, 3, 4, 5, 6]
[19:03:32] [load] fold=None seed=50 T=29 aggregate_days=None window_size=9 samples_per_step=48 n_train=105 (cap=105) n_test=175 (cap=175) classes_train=[0, 1, 2, 3, 4, 5, 6]
[19:03:36] [load] fold=None seed=50 T=29 aggregate_days=None window_size=9 samples_per_step=48 n_train=105 (cap=105) n_test=175 (cap=175) classes_train=[0, 1, 2, 3, 4, 5, 6]
[19:03:41] [load] fold=None seed=51 T=29 aggregate_days=None window_size=9 samples_per_step=48 n_train=105 (cap=105) n_test=175 (cap=175) classes_train=[0, 1, 2, 3, 4, 5, 6]
[19:03:45] [load] fold=None seed=51 T=29 aggregate_days=None window_size=9 samples_per_step=48 n_train=105 (cap=105) n_test=175 (cap=175) classes_train=[0, 1, 2, 3, 4, 5, 6]
[19:03:51] [load] fold=None seed=42 T=29 aggregate_days=None window_size=9 samples_per_step=48 n_train=105 (cap=105) n_test=175 (cap=175) classes_train=[0, 1, 2, 3, 4, 5, 6]
[19:03:53] [load] fold=None seed=42 T=29 aggregate_days=None window_size=9 samples_per_step=48 n_train=105 (cap=105) n_test=175 (cap=175) classes_train=[0, 1, 2, 3, 4, 5, 6]
[19:04:00] [load] fold=None seed=43 T=29 aggregate_days=None window_size=9 samples_per_step=48 n_train=105 (cap=105) n_test=175 (cap=175) classes_train=[0, 1, 2, 3, 4, 5, 6]
[19:04:02] [load] fold=None seed=43 T=29 aggregate_days=None window_size=9 samples_per_step=48 n_train=105 (cap=105) n_test=175 (cap=175) classes_train=[0, 1, 2, 3, 4, 5, 6]
[19:04:09] [load] fold=None seed=44 T=29 aggregate_days=None window_size=9 samples_per_step=48 n_train=105 (cap=105) n_test=175 (cap=175) classes_train=[0, 1, 2, 3, 4, 5, 6]
[19:04:11] [load] fold=None seed=44 T=29 aggregate_days=None window_size=9 samples_per_step=48 n_train=105 (cap=105) n_test=175 (cap=175) classes_train=[0, 1, 2, 3, 4, 5, 6]
[19:04:18] [load] fold=None seed=45 T=29 aggregate_days=None window_size=9 samples_per_step=48 n_train=105 (cap=105) n_test=175 (cap=175) classes_train=[0, 1, 2, 3, 4, 5, 6]
[19:04:21] [load] fold=None seed=45 T=29 aggregate_days=None window_size=9 samples_per_step=48 n_train=105 (cap=105) n_test=175 (cap=175) classes_train=[0, 1, 2, 3, 4, 5, 6]
[19:04:27] [load] fold=None seed=46 T=29 aggregate_days=None window_size=9 samples_per_step=48 n_train=105 (cap=105) n_test=175 (cap=175) classes_train=[0, 1, 2, 3, 4, 5, 6]
[19:04:29] [load] fold=None seed=46 T=29 aggregate_days=None window_size=9 samples_per_step=48 n_train=105 (cap=105) n_test=175 (cap=175) classes_train=[0, 1, 2, 3, 4, 5, 6]
[19:04:36] [load] fold=None seed=47 T=29 aggregate_days=None window_size=9 samples_per_step=48 n_train=105 (cap=105) n_test=175 (cap=175) classes_train=[0, 1, 2, 3, 4, 5, 6]
[19:04:38] [load] fold=None seed=47 T=29 aggregate_days=None window_size=9 samples_per_step=48 n_train=105 (cap=105) n_test=175 (cap=175) classes_train=[0, 1, 2, 3, 4, 5, 6]
[19:04:46] [load] fold=None seed=48 T=29 aggregate_days=None window_size=9 samples_per_step=48 n_train=105 (cap=105) n_test=175 (cap=175) classes_train=[0, 1, 2, 3, 4, 5, 6]
[19:04:48] [load] fold=None seed=48 T=29 aggregate_days=None window_size=9 samples_per_step=48 n_train=105 (cap=105) n_test=175 (cap=175) classes_train=[0, 1, 2, 3, 4, 5, 6]
[19:04:55] [load] fold=None seed=49 T=29 aggregate_days=None window_size=9 samples_per_step=48 n_train=105 (cap=105) n_test=175 (cap=175) classes_train=[0, 1, 2, 3, 4, 5, 6]
[19:04:57] [load] fold=None seed=49 T=29 aggregate_days=None window_size=9 samples_per_step=48 n_train=105 (cap=105) n_test=175 (cap=175) classes_train=[0, 1, 2, 3, 4, 5, 6]
[19:05:04] [load] fold=None seed=50 T=29 aggregate_days=None window_size=9 samples_per_step=48 n_train=105 (cap=105) n_test=175 (cap=175) classes_train=[0, 1, 2, 3, 4, 5, 6]
[19:05:06] [load] fold=None seed=50 T=29 aggregate_days=None window_size=9 samples_per_step=48 n_train=105 (cap=105) n_test=175 (cap=175) classes_train=[0, 1, 2, 3, 4, 5, 6]
[19:05:13] [load] fold=None seed=51 T=29 aggregate_days=None window_size=9 samples_per_step=48 n_train=105 (cap=105) n_test=175 (cap=175) classes_train=[0, 1, 2, 3, 4, 5, 6]
[19:05:15] [load] fold=None seed=51 T=29 aggregate_days=None window_size=9 samples_per_step=48 n_train=105 (cap=105) n_test=175 (cap=175) classes_train=[0, 1, 2, 3, 4, 5, 6]
[19:05:21] [load] fold=None seed=42 T=29 aggregate_days=None window_size=9 samples_per_step=48 n_train=105 (cap=105) n_test=175 (cap=175) classes_train=[0, 1, 2, 3, 4, 5, 6]
[19:05:29] [load] fold=None seed=43 T=29 aggregate_days=None window_size=9 samples_per_step=48 n_train=105 (cap=105) n_test=175 (cap=175) classes_train=[0, 1, 2, 3, 4, 5, 6]
[19:05:37] [load] fold=None seed=44 T=29 aggregate_days=None window_size=9 samples_per_step=48 n_train=105 (cap=105) n_test=175 (cap=175) classes_train=[0, 1, 2, 3, 4, 5, 6]
[19:05:45] [load] fold=None seed=45 T=29 aggregate_days=None window_size=9 samples_per_step=48 n_train=105 (cap=105) n_test=175 (cap=175) classes_train=[0, 1, 2, 3, 4, 5, 6]
[19:05:52] [load] fold=None seed=46 T=29 aggregate_days=None window_size=9 samples_per_step=48 n_train=105 (cap=105) n_test=175 (cap=175) classes_train=[0, 1, 2, 3, 4, 5, 6]
[19:05:59] [load] fold=None seed=47 T=29 aggregate_days=None window_size=9 samples_per_step=48 n_train=105 (cap=105) n_test=175 (cap=175) classes_train=[0, 1, 2, 3, 4, 5, 6]
[19:06:07] [load] fold=None seed=48 T=29 aggregate_days=None window_size=9 samples_per_step=48 n_train=105 (cap=105) n_test=175 (cap=175) classes_train=[0, 1, 2, 3, 4, 5, 6]
[19:06:15] [load] fold=None seed=49 T=29 aggregate_days=None window_size=9 samples_per_step=48 n_train=105 (cap=105) n_test=175 (cap=175) classes_train=[0, 1, 2, 3, 4, 5, 6]
[19:06:23] [load] fold=None seed=50 T=29 aggregate_days=None window_size=9 samples_per_step=48 n_train=105 (cap=105) n_test=175 (cap=175) classes_train=[0, 1, 2, 3, 4, 5, 6]
[19:06:33] [load] fold=None seed=51 T=29 aggregate_days=None window_size=9 samples_per_step=48 n_train=105 (cap=105) n_test=175 (cap=175) classes_train=[0, 1, 2, 3, 4, 5, 6]
[19:06:34] [grid_knn] wasps: best k=1 gamma=0.01 f1=0.628 (10/10 runs)
[19:06:43] [load] fold=None seed=42 T=29 aggregate_days=None window_size=9 samples_per_step=48 n_train=105 (cap=105) n_test=175 (cap=175) classes_train=[0, 1, 2, 3, 4, 5, 6]
[19:06:45] [load] fold=None seed=42 T=29 aggregate_days=None window_size=9 samples_per_step=48 n_train=105 (cap=105) n_test=175 (cap=175) classes_train=[0, 1, 2, 3, 4, 5, 6]
[19:06:51] [load] fold=None seed=43 T=29 aggregate_days=None window_size=9 samples_per_step=48 n_train=105 (cap=105) n_test=175 (cap=175) classes_train=[0, 1, 2, 3, 4, 5, 6]
[19:06:58] [load] fold=None seed=43 T=29 aggregate_days=None window_size=9 samples_per_step=48 n_train=105 (cap=105) n_test=175 (cap=175) classes_train=[0, 1, 2, 3, 4, 5, 6]
[19:07:00] [load] fold=None seed=44 T=29 aggregate_days=None window_size=9 samples_per_step=48 n_train=105 (cap=105) n_test=175 (cap=175) classes_train=[0, 1, 2, 3, 4, 5, 6]
[19:07:06] [load] fold=None seed=44 T=29 aggregate_days=None window_size=9 samples_per_step=48 n_train=105 (cap=105) n_test=175 (cap=175) classes_train=[0, 1, 2, 3, 4, 5, 6]
[19:07:08] [load] fold=None seed=45 T=29 aggregate_days=None window_size=9 samples_per_step=48 n_train=105 (cap=105) n_test=175 (cap=175) classes_train=[0, 1, 2, 3, 4, 5, 6]
[19:07:17] [load] fold=None seed=45 T=29 aggregate_days=None window_size=9 samples_per_step=48 n_train=105 (cap=105) n_test=175 (cap=175) classes_train=[0, 1, 2, 3, 4, 5, 6]
[19:07:22] [load] fold=None seed=46 T=29 aggregate_days=None window_size=9 samples_per_step=48 n_train=105 (cap=105) n_test=175 (cap=175) classes_train=[0, 1, 2, 3, 4, 5, 6]
[19:07:27] [load] fold=None seed=46 T=29 aggregate_days=None window_size=9 samples_per_step=48 n_train=105 (cap=105) n_test=175 (cap=175) classes_train=[0, 1, 2, 3, 4, 5, 6]
[19:07:30] [load] fold=None seed=47 T=29 aggregate_days=None window_size=9 samples_per_step=48 n_train=105 (cap=105) n_test=175 (cap=175) classes_train=[0, 1, 2, 3, 4, 5, 6]
[19:07:37] [load] fold=None seed=47 T=29 aggregate_days=None window_size=9 samples_per_step=48 n_train=105 (cap=105) n_test=175 (cap=175) classes_train=[0, 1, 2, 3, 4, 5, 6]
[19:07:39] [load] fold=None seed=48 T=29 aggregate_days=None window_size=9 samples_per_step=48 n_train=105 (cap=105) n_test=175 (cap=175) classes_train=[0, 1, 2, 3, 4, 5, 6]
[19:07:46] [load] fold=None seed=48 T=29 aggregate_days=None window_size=9 samples_per_step=48 n_train=105 (cap=105) n_test=175 (cap=175) classes_train=[0, 1, 2, 3, 4, 5, 6]
[19:07:48] [load] fold=None seed=49 T=29 aggregate_days=None window_size=9 samples_per_step=48 n_train=105 (cap=105) n_test=175 (cap=175) classes_train=[0, 1, 2, 3, 4, 5, 6]
[19:07:55] [load] fold=None seed=49 T=29 aggregate_days=None window_size=9 samples_per_step=48 n_train=105 (cap=105) n_test=175 (cap=175) classes_train=[0, 1, 2, 3, 4, 5, 6]
[19:07:57] [load] fold=None seed=50 T=29 aggregate_days=None window_size=9 samples_per_step=48 n_train=105 (cap=105) n_test=175 (cap=175) classes_train=[0, 1, 2, 3, 4, 5, 6]
[19:08:03] [load] fold=None seed=50 T=29 aggregate_days=None window_size=9 samples_per_step=48 n_train=105 (cap=105) n_test=175 (cap=175) classes_train=[0, 1, 2, 3, 4, 5, 6]
[19:08:06] [load] fold=None seed=51 T=29 aggregate_days=None window_size=9 samples_per_step=48 n_train=105 (cap=105) n_test=175 (cap=175) classes_train=[0, 1, 2, 3, 4, 5, 6]
[19:08:12] [load] fold=None seed=51 T=29 aggregate_days=None window_size=9 samples_per_step=48 n_train=105 (cap=105) n_test=175 (cap=175) classes_train=[0, 1, 2, 3, 4, 5, 6]
[19:08:19] [load] fold=None seed=42 T=29 aggregate_days=None window_size=9 samples_per_step=48 n_train=105 (cap=105) n_test=175 (cap=175) classes_train=[0, 1, 2, 3, 4, 5, 6]
[19:08:22] [load] fold=None seed=42 T=29 aggregate_days=None window_size=9 samples_per_step=48 n_train=105 (cap=105) n_test=175 (cap=175) classes_train=[0, 1, 2, 3, 4, 5, 6]
[19:08:28] [load] fold=None seed=43 T=29 aggregate_days=None window_size=9 samples_per_step=48 n_train=105 (cap=105) n_test=175 (cap=175) classes_train=[0, 1, 2, 3, 4, 5, 6]
[19:08:31] [load] fold=None seed=43 T=29 aggregate_days=None window_size=9 samples_per_step=48 n_train=105 (cap=105) n_test=175 (cap=175) classes_train=[0, 1, 2, 3, 4, 5, 6]
[19:08:37] [load] fold=None seed=44 T=29 aggregate_days=None window_size=9 samples_per_step=48 n_train=105 (cap=105) n_test=175 (cap=175) classes_train=[0, 1, 2, 3, 4, 5, 6]
[19:08:40] [load] fold=None seed=44 T=29 aggregate_days=None window_size=9 samples_per_step=48 n_train=105 (cap=105) n_test=175 (cap=175) classes_train=[0, 1, 2, 3, 4, 5, 6]
[19:08:49] [load] fold=None seed=45 T=29 aggregate_days=None window_size=9 samples_per_step=48 n_train=105 (cap=105) n_test=175 (cap=175) classes_train=[0, 1, 2, 3, 4, 5, 6]
[19:08:52] [load] fold=None seed=45 T=29 aggregate_days=None window_size=9 samples_per_step=48 n_train=105 (cap=105) n_test=175 (cap=175) classes_train=[0, 1, 2, 3, 4, 5, 6]
[19:08:57] [load] fold=None seed=46 T=29 aggregate_days=None window_size=9 samples_per_step=48 n_train=105 (cap=105) n_test=175 (cap=175) classes_train=[0, 1, 2, 3, 4, 5, 6]
[19:09:01] [load] fold=None seed=46 T=29 aggregate_days=None window_size=9 samples_per_step=48 n_train=105 (cap=105) n_test=175 (cap=175) classes_train=[0, 1, 2, 3, 4, 5, 6]
[19:09:06] [load] fold=None seed=47 T=29 aggregate_days=None window_size=9 samples_per_step=48 n_train=105 (cap=105) n_test=175 (cap=175) classes_train=[0, 1, 2, 3, 4, 5, 6]
[19:09:10] [load] fold=None seed=47 T=29 aggregate_days=None window_size=9 samples_per_step=48 n_train=105 (cap=105) n_test=175 (cap=175) classes_train=[0, 1, 2, 3, 4, 5, 6]
[19:09:14] [load] fold=None seed=48 T=29 aggregate_days=None window_size=9 samples_per_step=48 n_train=105 (cap=105) n_test=175 (cap=175) classes_train=[0, 1, 2, 3, 4, 5, 6]
[19:09:19] [load] fold=None seed=48 T=29 aggregate_days=None window_size=9 samples_per_step=48 n_train=105 (cap=105) n_test=175 (cap=175) classes_train=[0, 1, 2, 3, 4, 5, 6]
[19:09:24] [load] fold=None seed=49 T=29 aggregate_days=None window_size=9 samples_per_step=48 n_train=105 (cap=105) n_test=175 (cap=175) classes_train=[0, 1, 2, 3, 4, 5, 6]
[19:09:27] [load] fold=None seed=49 T=29 aggregate_days=None window_size=9 samples_per_step=48 n_train=105 (cap=105) n_test=175 (cap=175) classes_train=[0, 1, 2, 3, 4, 5, 6]
[19:09:36] [load] fold=None seed=50 T=29 aggregate_days=None window_size=9 samples_per_step=48 n_train=105 (cap=105) n_test=175 (cap=175) classes_train=[0, 1, 2, 3, 4, 5, 6]
[19:09:36] [load] fold=None seed=50 T=29 aggregate_days=None window_size=9 samples_per_step=48 n_train=105 (cap=105) n_test=175 (cap=175) classes_train=[0, 1, 2, 3, 4, 5, 6]
[19:09:45] [load] fold=None seed=51 T=29 aggregate_days=None window_size=9 samples_per_step=48 n_train=105 (cap=105) n_test=175 (cap=175) classes_train=[0, 1, 2, 3, 4, 5, 6]
[19:09:46] [load] fold=None seed=51 T=29 aggregate_days=None window_size=9 samples_per_step=48 n_train=105 (cap=105) n_test=175 (cap=175) classes_train=[0, 1, 2, 3, 4, 5, 6]
[19:09:57] [load] fold=None seed=42 T=29 aggregate_days=None window_size=9 samples_per_step=48 n_train=105 (cap=105) n_test=175 (cap=175) classes_train=[0, 1, 2, 3, 4, 5, 6]
[19:09:58] [load] fold=None seed=42 T=29 aggregate_days=None window_size=9 samples_per_step=48 n_train=105 (cap=105) n_test=175 (cap=175) classes_train=[0, 1, 2, 3, 4, 5, 6]
[19:10:06] [load] fold=None seed=43 T=29 aggregate_days=None window_size=9 samples_per_step=48 n_train=105 (cap=105) n_test=175 (cap=175) classes_train=[0, 1, 2, 3, 4, 5, 6]
[19:10:09] [load] fold=None seed=43 T=29 aggregate_days=None window_size=9 samples_per_step=48 n_train=105 (cap=105) n_test=175 (cap=175) classes_train=[0, 1, 2, 3, 4, 5, 6]
[19:10:14] [load] fold=None seed=44 T=29 aggregate_days=None window_size=9 samples_per_step=48 n_train=105 (cap=105) n_test=175 (cap=175) classes_train=[0, 1, 2, 3, 4, 5, 6]
[19:10:20] [load] fold=None seed=44 T=29 aggregate_days=None window_size=9 samples_per_step=48 n_train=105 (cap=105) n_test=175 (cap=175) classes_train=[0, 1, 2, 3, 4, 5, 6]
[19:10:23] [load] fold=None seed=45 T=29 aggregate_days=None window_size=9 samples_per_step=48 n_train=105 (cap=105) n_test=175 (cap=175) classes_train=[0, 1, 2, 3, 4, 5, 6]
[19:10:28] [load] fold=None seed=45 T=29 aggregate_days=None window_size=9 samples_per_step=48 n_train=105 (cap=105) n_test=175 (cap=175) classes_train=[0, 1, 2, 3, 4, 5, 6]
[19:10:31] [load] fold=None seed=46 T=29 aggregate_days=None window_size=9 samples_per_step=48 n_train=105 (cap=105) n_test=175 (cap=175) classes_train=[0, 1, 2, 3, 4, 5, 6]
[19:10:37] [load] fold=None seed=46 T=29 aggregate_days=None window_size=9 samples_per_step=48 n_train=105 (cap=105) n_test=175 (cap=175) classes_train=[0, 1, 2, 3, 4, 5, 6]
[19:10:40] [load] fold=None seed=47 T=29 aggregate_days=None window_size=9 samples_per_step=48 n_train=105 (cap=105) n_test=175 (cap=175) classes_train=[0, 1, 2, 3, 4, 5, 6]
[19:10:45] [load] fold=None seed=47 T=29 aggregate_days=None window_size=9 samples_per_step=48 n_train=105 (cap=105) n_test=175 (cap=175) classes_train=[0, 1, 2, 3, 4, 5, 6]
[19:10:52] [load] fold=None seed=48 T=29 aggregate_days=None window_size=9 samples_per_step=48 n_train=105 (cap=105) n_test=175 (cap=175) classes_train=[0, 1, 2, 3, 4, 5, 6]
[19:10:54] [load] fold=None seed=48 T=29 aggregate_days=None window_size=9 samples_per_step=48 n_train=105 (cap=105) n_test=175 (cap=175) classes_train=[0, 1, 2, 3, 4, 5, 6]
[19:11:01] [load] fold=None seed=49 T=29 aggregate_days=None window_size=9 samples_per_step=48 n_train=105 (cap=105) n_test=175 (cap=175) classes_train=[0, 1, 2, 3, 4, 5, 6]
[19:11:03] [load] fold=None seed=49 T=29 aggregate_days=None window_size=9 samples_per_step=48 n_train=105 (cap=105) n_test=175 (cap=175) classes_train=[0, 1, 2, 3, 4, 5, 6]
[19:11:10] [load] fold=None seed=50 T=29 aggregate_days=None window_size=9 samples_per_step=48 n_train=105 (cap=105) n_test=175 (cap=175) classes_train=[0, 1, 2, 3, 4, 5, 6]
[19:11:11] [load] fold=None seed=50 T=29 aggregate_days=None window_size=9 samples_per_step=48 n_train=105 (cap=105) n_test=175 (cap=175) classes_train=[0, 1, 2, 3, 4, 5, 6]
[19:11:20] [load] fold=None seed=51 T=29 aggregate_days=None window_size=9 samples_per_step=48 n_train=105 (cap=105) n_test=175 (cap=175) classes_train=[0, 1, 2, 3, 4, 5, 6]
[19:11:21] [load] fold=None seed=51 T=29 aggregate_days=None window_size=9 samples_per_step=48 n_train=105 (cap=105) n_test=175 (cap=175) classes_train=[0, 1, 2, 3, 4, 5, 6]
[19:11:28] [load] fold=None seed=42 T=29 aggregate_days=None window_size=9 samples_per_step=48 n_train=105 (cap=105) n_test=175 (cap=175) classes_train=[0, 1, 2, 3, 4, 5, 6]
[19:11:36] [load] fold=None seed=43 T=29 aggregate_days=None window_size=9 samples_per_step=48 n_train=105 (cap=105) n_test=175 (cap=175) classes_train=[0, 1, 2, 3, 4, 5, 6]
[19:11:44] [load] fold=None seed=44 T=29 aggregate_days=None window_size=9 samples_per_step=48 n_train=105 (cap=105) n_test=175 (cap=175) classes_train=[0, 1, 2, 3, 4, 5, 6]
[19:11:52] [load] fold=None seed=45 T=29 aggregate_days=None window_size=9 samples_per_step=48 n_train=105 (cap=105) n_test=175 (cap=175) classes_train=[0, 1, 2, 3, 4, 5, 6]
[19:12:00] [load] fold=None seed=46 T=29 aggregate_days=None window_size=9 samples_per_step=48 n_train=105 (cap=105) n_test=175 (cap=175) classes_train=[0, 1, 2, 3, 4, 5, 6]
[19:12:08] [load] fold=None seed=47 T=29 aggregate_days=None window_size=9 samples_per_step=48 n_train=105 (cap=105) n_test=175 (cap=175) classes_train=[0, 1, 2, 3, 4, 5, 6]
[19:12:16] [load] fold=None seed=48 T=29 aggregate_days=None window_size=9 samples_per_step=48 n_train=105 (cap=105) n_test=175 (cap=175) classes_train=[0, 1, 2, 3, 4, 5, 6]
[19:12:23] [load] fold=None seed=49 T=29 aggregate_days=None window_size=9 samples_per_step=48 n_train=105 (cap=105) n_test=175 (cap=175) classes_train=[0, 1, 2, 3, 4, 5, 6]
[19:12:31] [load] fold=None seed=50 T=29 aggregate_days=None window_size=9 samples_per_step=48 n_train=105 (cap=105) n_test=175 (cap=175) classes_train=[0, 1, 2, 3, 4, 5, 6]
[19:12:38] [load] fold=None seed=51 T=29 aggregate_days=None window_size=9 samples_per_step=48 n_train=105 (cap=105) n_test=175 (cap=175) classes_train=[0, 1, 2, 3, 4, 5, 6]
[19:12:39] [grid_knn] eucl_raw: best k=1 gamma=0.01 f1=0.628 (10/10 runs)
[19:12:39] [analyze] baseline/wasps: gamma=0.01 f1=0.628±0.043 (n=10/10)
[19:12:39] [analyze] baseline/eucl_raw: gamma=0.01 f1=0.628±0.070 (n=10/10)
[19:12:39] [analyze] ===== test1_exponential_intensity ===== dataset_overrides={'family': 'exponential', 'scale_type': 'intensity'} clf_overrides={}
[19:20:02] [load] fold=None seed=42 T=29 aggregate_days=None window_size=9 samples_per_step=48 n_train=105 (cap=105) n_test=175 (cap=175) classes_train=[0, 1, 2, 3, 4, 5, 6]
[19:20:02] [load] fold=None seed=42 T=29 aggregate_days=None window_size=9 samples_per_step=48 n_train=105 (cap=105) n_test=175 (cap=175) classes_train=[0, 1, 2, 3, 4, 5, 6]
[19:20:12] [load] fold=None seed=43 T=29 aggregate_days=None window_size=9 samples_per_step=48 n_train=105 (cap=105) n_test=175 (cap=175) classes_train=[0, 1, 2, 3, 4, 5, 6]
[19:20:12] [load] fold=None seed=43 T=29 aggregate_days=None window_size=9 samples_per_step=48 n_train=105 (cap=105) n_test=175 (cap=175) classes_train=[0, 1, 2, 3, 4, 5, 6]
[19:20:22] [load] fold=None seed=44 T=29 aggregate_days=None window_size=9 samples_per_step=48 n_train=105 (cap=105) n_test=175 (cap=175) classes_train=[0, 1, 2, 3, 4, 5, 6]
[19:20:23] [load] fold=None seed=44 T=29 aggregate_days=None window_size=9 samples_per_step=48 n_train=105 (cap=105) n_test=175 (cap=175) classes_train=[0, 1, 2, 3, 4, 5, 6]
[19:20:31] [load] fold=None seed=45 T=29 aggregate_days=None window_size=9 samples_per_step=48 n_train=105 (cap=105) n_test=175 (cap=175) classes_train=[0, 1, 2, 3, 4, 5, 6]
[19:20:33] [load] fold=None seed=45 T=29 aggregate_days=None window_size=9 samples_per_step=48 n_train=105 (cap=105) n_test=175 (cap=175) classes_train=[0, 1, 2, 3, 4, 5, 6]
[19:20:40] [load] fold=None seed=46 T=29 aggregate_days=None window_size=9 samples_per_step=48 n_train=105 (cap=105) n_test=175 (cap=175) classes_train=[0, 1, 2, 3, 4, 5, 6]
[19:20:45] [load] fold=None seed=46 T=29 aggregate_days=None window_size=9 samples_per_step=48 n_train=105 (cap=105) n_test=175 (cap=175) classes_train=[0, 1, 2, 3, 4, 5, 6]
[19:20:50] [load] fold=None seed=47 T=29 aggregate_days=None window_size=9 samples_per_step=48 n_train=105 (cap=105) n_test=175 (cap=175) classes_train=[0, 1, 2, 3, 4, 5, 6]
[19:20:56] [load] fold=None seed=47 T=29 aggregate_days=None window_size=9 samples_per_step=48 n_train=105 (cap=105) n_test=175 (cap=175) classes_train=[0, 1, 2, 3, 4, 5, 6]
[19:20:59] [load] fold=None seed=48 T=29 aggregate_days=None window_size=9 samples_per_step=48 n_train=105 (cap=105) n_test=175 (cap=175) classes_train=[0, 1, 2, 3, 4, 5, 6]
[19:21:05] [load] fold=None seed=48 T=29 aggregate_days=None window_size=9 samples_per_step=48 n_train=105 (cap=105) n_test=175 (cap=175) classes_train=[0, 1, 2, 3, 4, 5, 6]
[19:21:08] [load] fold=None seed=49 T=29 aggregate_days=None window_size=9 samples_per_step=48 n_train=105 (cap=105) n_test=175 (cap=175) classes_train=[0, 1, 2, 3, 4, 5, 6]
[19:21:14] [load] fold=None seed=49 T=29 aggregate_days=None window_size=9 samples_per_step=48 n_train=105 (cap=105) n_test=175 (cap=175) classes_train=[0, 1, 2, 3, 4, 5, 6]
[19:21:17] [load] fold=None seed=50 T=29 aggregate_days=None window_size=9 samples_per_step=48 n_train=105 (cap=105) n_test=175 (cap=175) classes_train=[0, 1, 2, 3, 4, 5, 6]
[19:21:24] [load] fold=None seed=50 T=29 aggregate_days=None window_size=9 samples_per_step=48 n_train=105 (cap=105) n_test=175 (cap=175) classes_train=[0, 1, 2, 3, 4, 5, 6]
[19:21:26] [load] fold=None seed=51 T=29 aggregate_days=None window_size=9 samples_per_step=48 n_train=105 (cap=105) n_test=175 (cap=175) classes_train=[0, 1, 2, 3, 4, 5, 6]
[19:21:32] [load] fold=None seed=51 T=29 aggregate_days=None window_size=9 samples_per_step=48 n_train=105 (cap=105) n_test=175 (cap=175) classes_train=[0, 1, 2, 3, 4, 5, 6]
[19:21:40] [load] fold=None seed=42 T=29 aggregate_days=None window_size=9 samples_per_step=48 n_train=105 (cap=105) n_test=175 (cap=175) classes_train=[0, 1, 2, 3, 4, 5, 6]
[19:21:45] [load] fold=None seed=42 T=29 aggregate_days=None window_size=9 samples_per_step=48 n_train=105 (cap=105) n_test=175 (cap=175) classes_train=[0, 1, 2, 3, 4, 5, 6]
[19:21:53] [load] fold=None seed=43 T=29 aggregate_days=None window_size=9 samples_per_step=48 n_train=105 (cap=105) n_test=175 (cap=175) classes_train=[0, 1, 2, 3, 4, 5, 6]
[19:22:00] [load] fold=None seed=43 T=29 aggregate_days=None window_size=9 samples_per_step=48 n_train=105 (cap=105) n_test=175 (cap=175) classes_train=[0, 1, 2, 3, 4, 5, 6]
[19:22:03] [load] fold=None seed=44 T=29 aggregate_days=None window_size=9 samples_per_step=48 n_train=105 (cap=105) n_test=175 (cap=175) classes_train=[0, 1, 2, 3, 4, 5, 6]
[19:22:09] [load] fold=None seed=44 T=29 aggregate_days=None window_size=9 samples_per_step=48 n_train=105 (cap=105) n_test=175 (cap=175) classes_train=[0, 1, 2, 3, 4, 5, 6]
[19:22:12] [load] fold=None seed=45 T=29 aggregate_days=None window_size=9 samples_per_step=48 n_train=105 (cap=105) n_test=175 (cap=175) classes_train=[0, 1, 2, 3, 4, 5, 6]
[19:22:18] [load] fold=None seed=45 T=29 aggregate_days=None window_size=9 samples_per_step=48 n_train=105 (cap=105) n_test=175 (cap=175) classes_train=[0, 1, 2, 3, 4, 5, 6]
[19:22:23] [load] fold=None seed=46 T=29 aggregate_days=None window_size=9 samples_per_step=48 n_train=105 (cap=105) n_test=175 (cap=175) classes_train=[0, 1, 2, 3, 4, 5, 6]
[19:22:26] [load] fold=None seed=46 T=29 aggregate_days=None window_size=9 samples_per_step=48 n_train=105 (cap=105) n_test=175 (cap=175) classes_train=[0, 1, 2, 3, 4, 5, 6]
[19:22:33] [load] fold=None seed=47 T=29 aggregate_days=None window_size=9 samples_per_step=48 n_train=105 (cap=105) n_test=175 (cap=175) classes_train=[0, 1, 2, 3, 4, 5, 6]
[19:22:36] [load] fold=None seed=47 T=29 aggregate_days=None window_size=9 samples_per_step=48 n_train=105 (cap=105) n_test=175 (cap=175) classes_train=[0, 1, 2, 3, 4, 5, 6]
[19:22:41] [load] fold=None seed=48 T=29 aggregate_days=None window_size=9 samples_per_step=48 n_train=105 (cap=105) n_test=175 (cap=175) classes_train=[0, 1, 2, 3, 4, 5, 6]
[19:22:45] [load] fold=None seed=48 T=29 aggregate_days=None window_size=9 samples_per_step=48 n_train=105 (cap=105) n_test=175 (cap=175) classes_train=[0, 1, 2, 3, 4, 5, 6]
[19:22:50] [load] fold=None seed=49 T=29 aggregate_days=None window_size=9 samples_per_step=48 n_train=105 (cap=105) n_test=175 (cap=175) classes_train=[0, 1, 2, 3, 4, 5, 6]
[19:22:54] [load] fold=None seed=49 T=29 aggregate_days=None window_size=9 samples_per_step=48 n_train=105 (cap=105) n_test=175 (cap=175) classes_train=[0, 1, 2, 3, 4, 5, 6]
[19:23:00] [load] fold=None seed=50 T=29 aggregate_days=None window_size=9 samples_per_step=48 n_train=105 (cap=105) n_test=175 (cap=175) classes_train=[0, 1, 2, 3, 4, 5, 6]
[19:23:04] [load] fold=None seed=50 T=29 aggregate_days=None window_size=9 samples_per_step=48 n_train=105 (cap=105) n_test=175 (cap=175) classes_train=[0, 1, 2, 3, 4, 5, 6]
[19:23:09] [load] fold=None seed=51 T=29 aggregate_days=None window_size=9 samples_per_step=48 n_train=105 (cap=105) n_test=175 (cap=175) classes_train=[0, 1, 2, 3, 4, 5, 6]
[19:23:13] [load] fold=None seed=51 T=29 aggregate_days=None window_size=9 samples_per_step=48 n_train=105 (cap=105) n_test=175 (cap=175) classes_train=[0, 1, 2, 3, 4, 5, 6]
[19:23:18] [load] fold=None seed=42 T=29 aggregate_days=None window_size=9 samples_per_step=48 n_train=105 (cap=105) n_test=175 (cap=175) classes_train=[0, 1, 2, 3, 4, 5, 6]
[19:23:27] [load] fold=None seed=43 T=29 aggregate_days=None window_size=9 samples_per_step=48 n_train=105 (cap=105) n_test=175 (cap=175) classes_train=[0, 1, 2, 3, 4, 5, 6]
[19:23:28] [load] fold=None seed=42 T=29 aggregate_days=None window_size=9 samples_per_step=48 n_train=105 (cap=105) n_test=175 (cap=175) classes_train=[0, 1, 2, 3, 4, 5, 6]
[19:23:39] [load] fold=None seed=43 T=29 aggregate_days=None window_size=9 samples_per_step=48 n_train=105 (cap=105) n_test=175 (cap=175) classes_train=[0, 1, 2, 3, 4, 5, 6]
[19:23:39] [load] fold=None seed=44 T=29 aggregate_days=None window_size=9 samples_per_step=48 n_train=105 (cap=105) n_test=175 (cap=175) classes_train=[0, 1, 2, 3, 4, 5, 6]
[19:23:49] [load] fold=None seed=44 T=29 aggregate_days=None window_size=9 samples_per_step=48 n_train=105 (cap=105) n_test=175 (cap=175) classes_train=[0, 1, 2, 3, 4, 5, 6]
[19:23:49] [load] fold=None seed=45 T=29 aggregate_days=None window_size=9 samples_per_step=48 n_train=105 (cap=105) n_test=175 (cap=175) classes_train=[0, 1, 2, 3, 4, 5, 6]
[19:23:59] [load] fold=None seed=45 T=29 aggregate_days=None window_size=9 samples_per_step=48 n_train=105 (cap=105) n_test=175 (cap=175) classes_train=[0, 1, 2, 3, 4, 5, 6]
[19:23:59] [load] fold=None seed=46 T=29 aggregate_days=None window_size=9 samples_per_step=48 n_train=105 (cap=105) n_test=175 (cap=175) classes_train=[0, 1, 2, 3, 4, 5, 6]
[19:24:08] [load] fold=None seed=46 T=29 aggregate_days=None window_size=9 samples_per_step=48 n_train=105 (cap=105) n_test=175 (cap=175) classes_train=[0, 1, 2, 3, 4, 5, 6]
[19:24:09] [load] fold=None seed=47 T=29 aggregate_days=None window_size=9 samples_per_step=48 n_train=105 (cap=105) n_test=175 (cap=175) classes_train=[0, 1, 2, 3, 4, 5, 6]
[19:24:18] [load] fold=None seed=47 T=29 aggregate_days=None window_size=9 samples_per_step=48 n_train=105 (cap=105) n_test=175 (cap=175) classes_train=[0, 1, 2, 3, 4, 5, 6]
[19:24:19] [load] fold=None seed=48 T=29 aggregate_days=None window_size=9 samples_per_step=48 n_train=105 (cap=105) n_test=175 (cap=175) classes_train=[0, 1, 2, 3, 4, 5, 6]
[19:24:27] [load] fold=None seed=48 T=29 aggregate_days=None window_size=9 samples_per_step=48 n_train=105 (cap=105) n_test=175 (cap=175) classes_train=[0, 1, 2, 3, 4, 5, 6]
[19:24:28] [load] fold=None seed=49 T=29 aggregate_days=None window_size=9 samples_per_step=48 n_train=105 (cap=105) n_test=175 (cap=175) classes_train=[0, 1, 2, 3, 4, 5, 6]
[19:24:36] [load] fold=None seed=49 T=29 aggregate_days=None window_size=9 samples_per_step=48 n_train=105 (cap=105) n_test=175 (cap=175) classes_train=[0, 1, 2, 3, 4, 5, 6]
[19:24:39] [load] fold=None seed=50 T=29 aggregate_days=None window_size=9 samples_per_step=48 n_train=105 (cap=105) n_test=175 (cap=175) classes_train=[0, 1, 2, 3, 4, 5, 6]
[19:24:45] [load] fold=None seed=50 T=29 aggregate_days=None window_size=9 samples_per_step=48 n_train=105 (cap=105) n_test=175 (cap=175) classes_train=[0, 1, 2, 3, 4, 5, 6]
[19:24:49] [load] fold=None seed=51 T=29 aggregate_days=None window_size=9 samples_per_step=48 n_train=105 (cap=105) n_test=175 (cap=175) classes_train=[0, 1, 2, 3, 4, 5, 6]
[19:24:56] [load] fold=None seed=51 T=29 aggregate_days=None window_size=9 samples_per_step=48 n_train=105 (cap=105) n_test=175 (cap=175) classes_train=[0, 1, 2, 3, 4, 5, 6]
[19:24:59] [load] fold=None seed=42 T=29 aggregate_days=None window_size=9 samples_per_step=48 n_train=105 (cap=105) n_test=175 (cap=175) classes_train=[0, 1, 2, 3, 4, 5, 6]
[19:25:08] [load] fold=None seed=43 T=29 aggregate_days=None window_size=9 samples_per_step=48 n_train=105 (cap=105) n_test=175 (cap=175) classes_train=[0, 1, 2, 3, 4, 5, 6]
[19:25:15] [load] fold=None seed=44 T=29 aggregate_days=None window_size=9 samples_per_step=48 n_train=105 (cap=105) n_test=175 (cap=175) classes_train=[0, 1, 2, 3, 4, 5, 6]
[19:25:23] [load] fold=None seed=45 T=29 aggregate_days=None window_size=9 samples_per_step=48 n_train=105 (cap=105) n_test=175 (cap=175) classes_train=[0, 1, 2, 3, 4, 5, 6]
[19:25:31] [load] fold=None seed=46 T=29 aggregate_days=None window_size=9 samples_per_step=48 n_train=105 (cap=105) n_test=175 (cap=175) classes_train=[0, 1, 2, 3, 4, 5, 6]
[19:25:40] [load] fold=None seed=47 T=29 aggregate_days=None window_size=9 samples_per_step=48 n_train=105 (cap=105) n_test=175 (cap=175) classes_train=[0, 1, 2, 3, 4, 5, 6]
[19:25:47] [load] fold=None seed=48 T=29 aggregate_days=None window_size=9 samples_per_step=48 n_train=105 (cap=105) n_test=175 (cap=175) classes_train=[0, 1, 2, 3, 4, 5, 6]
[19:25:56] [load] fold=None seed=49 T=29 aggregate_days=None window_size=9 samples_per_step=48 n_train=105 (cap=105) n_test=175 (cap=175) classes_train=[0, 1, 2, 3, 4, 5, 6]
[19:26:04] [load] fold=None seed=50 T=29 aggregate_days=None window_size=9 samples_per_step=48 n_train=105 (cap=105) n_test=175 (cap=175) classes_train=[0, 1, 2, 3, 4, 5, 6]
[19:26:12] [load] fold=None seed=51 T=29 aggregate_days=None window_size=9 samples_per_step=48 n_train=105 (cap=105) n_test=175 (cap=175) classes_train=[0, 1, 2, 3, 4, 5, 6]
[19:26:13] [grid_knn] wasps: best k=1 gamma=0.01 f1=0.684 (10/10 runs)
[19:26:21] [load] fold=None seed=42 T=29 aggregate_days=None window_size=9 samples_per_step=48 n_train=105 (cap=105) n_test=175 (cap=175) classes_train=[0, 1, 2, 3, 4, 5, 6]
[19:26:26] [load] fold=None seed=42 T=29 aggregate_days=None window_size=9 samples_per_step=48 n_train=105 (cap=105) n_test=175 (cap=175) classes_train=[0, 1, 2, 3, 4, 5, 6]
[19:26:32] [load] fold=None seed=43 T=29 aggregate_days=None window_size=9 samples_per_step=48 n_train=105 (cap=105) n_test=175 (cap=175) classes_train=[0, 1, 2, 3, 4, 5, 6]
[19:26:39] [load] fold=None seed=43 T=29 aggregate_days=None window_size=9 samples_per_step=48 n_train=105 (cap=105) n_test=175 (cap=175) classes_train=[0, 1, 2, 3, 4, 5, 6]
[19:26:48] [load] fold=None seed=44 T=29 aggregate_days=None window_size=9 samples_per_step=48 n_train=105 (cap=105) n_test=175 (cap=175) classes_train=[0, 1, 2, 3, 4, 5, 6]
[19:26:50] [load] fold=None seed=44 T=29 aggregate_days=None window_size=9 samples_per_step=48 n_train=105 (cap=105) n_test=175 (cap=175) classes_train=[0, 1, 2, 3, 4, 5, 6]
[19:27:00] [load] fold=None seed=45 T=29 aggregate_days=None window_size=9 samples_per_step=48 n_train=105 (cap=105) n_test=175 (cap=175) classes_train=[0, 1, 2, 3, 4, 5, 6]
[19:27:01] [load] fold=None seed=45 T=29 aggregate_days=None window_size=9 samples_per_step=48 n_train=105 (cap=105) n_test=175 (cap=175) classes_train=[0, 1, 2, 3, 4, 5, 6]
[19:27:11] [load] fold=None seed=46 T=29 aggregate_days=None window_size=9 samples_per_step=48 n_train=105 (cap=105) n_test=175 (cap=175) classes_train=[0, 1, 2, 3, 4, 5, 6]
[19:27:14] [load] fold=None seed=46 T=29 aggregate_days=None window_size=9 samples_per_step=48 n_train=105 (cap=105) n_test=175 (cap=175) classes_train=[0, 1, 2, 3, 4, 5, 6]
[19:27:21] [load] fold=None seed=47 T=29 aggregate_days=None window_size=9 samples_per_step=48 n_train=105 (cap=105) n_test=175 (cap=175) classes_train=[0, 1, 2, 3, 4, 5, 6]
[19:27:30] [load] fold=None seed=47 T=29 aggregate_days=None window_size=9 samples_per_step=48 n_train=105 (cap=105) n_test=175 (cap=175) classes_train=[0, 1, 2, 3, 4, 5, 6]
[19:27:33] [load] fold=None seed=48 T=29 aggregate_days=None window_size=9 samples_per_step=48 n_train=105 (cap=105) n_test=175 (cap=175) classes_train=[0, 1, 2, 3, 4, 5, 6]
[19:27:38] [load] fold=None seed=48 T=29 aggregate_days=None window_size=9 samples_per_step=48 n_train=105 (cap=105) n_test=175 (cap=175) classes_train=[0, 1, 2, 3, 4, 5, 6]
[19:27:44] [load] fold=None seed=49 T=29 aggregate_days=None window_size=9 samples_per_step=48 n_train=105 (cap=105) n_test=175 (cap=175) classes_train=[0, 1, 2, 3, 4, 5, 6]
[19:27:51] [load] fold=None seed=49 T=29 aggregate_days=None window_size=9 samples_per_step=48 n_train=105 (cap=105) n_test=175 (cap=175) classes_train=[0, 1, 2, 3, 4, 5, 6]
[19:28:01] [load] fold=None seed=50 T=29 aggregate_days=None window_size=9 samples_per_step=48 n_train=105 (cap=105) n_test=175 (cap=175) classes_train=[0, 1, 2, 3, 4, 5, 6]
[19:28:01] [load] fold=None seed=50 T=29 aggregate_days=None window_size=9 samples_per_step=48 n_train=105 (cap=105) n_test=175 (cap=175) classes_train=[0, 1, 2, 3, 4, 5, 6]
[19:28:10] [load] fold=None seed=51 T=29 aggregate_days=None window_size=9 samples_per_step=48 n_train=105 (cap=105) n_test=175 (cap=175) classes_train=[0, 1, 2, 3, 4, 5, 6]
[19:28:12] [load] fold=None seed=51 T=29 aggregate_days=None window_size=9 samples_per_step=48 n_train=105 (cap=105) n_test=175 (cap=175) classes_train=[0, 1, 2, 3, 4, 5, 6]
[19:28:19] [load] fold=None seed=42 T=29 aggregate_days=None window_size=9 samples_per_step=48 n_train=105 (cap=105) n_test=175 (cap=175) classes_train=[0, 1, 2, 3, 4, 5, 6]
[19:28:23] [load] fold=None seed=42 T=29 aggregate_days=None window_size=9 samples_per_step=48 n_train=105 (cap=105) n_test=175 (cap=175) classes_train=[0, 1, 2, 3, 4, 5, 6]
[19:28:27] [load] fold=None seed=43 T=29 aggregate_days=None window_size=9 samples_per_step=48 n_train=105 (cap=105) n_test=175 (cap=175) classes_train=[0, 1, 2, 3, 4, 5, 6]
[19:28:32] [load] fold=None seed=43 T=29 aggregate_days=None window_size=9 samples_per_step=48 n_train=105 (cap=105) n_test=175 (cap=175) classes_train=[0, 1, 2, 3, 4, 5, 6]
[19:28:36] [load] fold=None seed=44 T=29 aggregate_days=None window_size=9 samples_per_step=48 n_train=105 (cap=105) n_test=175 (cap=175) classes_train=[0, 1, 2, 3, 4, 5, 6]
[19:28:41] [load] fold=None seed=44 T=29 aggregate_days=None window_size=9 samples_per_step=48 n_train=105 (cap=105) n_test=175 (cap=175) classes_train=[0, 1, 2, 3, 4, 5, 6]
[19:28:48] [load] fold=None seed=45 T=29 aggregate_days=None window_size=9 samples_per_step=48 n_train=105 (cap=105) n_test=175 (cap=175) classes_train=[0, 1, 2, 3, 4, 5, 6]
[19:28:50] [load] fold=None seed=45 T=29 aggregate_days=None window_size=9 samples_per_step=48 n_train=105 (cap=105) n_test=175 (cap=175) classes_train=[0, 1, 2, 3, 4, 5, 6]
[19:28:57] [load] fold=None seed=46 T=29 aggregate_days=None window_size=9 samples_per_step=48 n_train=105 (cap=105) n_test=175 (cap=175) classes_train=[0, 1, 2, 3, 4, 5, 6]
[19:28:59] [load] fold=None seed=46 T=29 aggregate_days=None window_size=9 samples_per_step=48 n_train=105 (cap=105) n_test=175 (cap=175) classes_train=[0, 1, 2, 3, 4, 5, 6]
[19:29:07] [load] fold=None seed=47 T=29 aggregate_days=None window_size=9 samples_per_step=48 n_train=105 (cap=105) n_test=175 (cap=175) classes_train=[0, 1, 2, 3, 4, 5, 6]
[19:29:13] [load] fold=None seed=47 T=29 aggregate_days=None window_size=9 samples_per_step=48 n_train=105 (cap=105) n_test=175 (cap=175) classes_train=[0, 1, 2, 3, 4, 5, 6]
[19:29:18] [load] fold=None seed=48 T=29 aggregate_days=None window_size=9 samples_per_step=48 n_train=105 (cap=105) n_test=175 (cap=175) classes_train=[0, 1, 2, 3, 4, 5, 6]
[19:29:25] [load] fold=None seed=48 T=29 aggregate_days=None window_size=9 samples_per_step=48 n_train=105 (cap=105) n_test=175 (cap=175) classes_train=[0, 1, 2, 3, 4, 5, 6]
[19:29:30] [load] fold=None seed=49 T=29 aggregate_days=None window_size=9 samples_per_step=48 n_train=105 (cap=105) n_test=175 (cap=175) classes_train=[0, 1, 2, 3, 4, 5, 6]
[19:29:35] [load] fold=None seed=49 T=29 aggregate_days=None window_size=9 samples_per_step=48 n_train=105 (cap=105) n_test=175 (cap=175) classes_train=[0, 1, 2, 3, 4, 5, 6]
[19:29:40] [load] fold=None seed=50 T=29 aggregate_days=None window_size=9 samples_per_step=48 n_train=105 (cap=105) n_test=175 (cap=175) classes_train=[0, 1, 2, 3, 4, 5, 6]
[19:29:43] [load] fold=None seed=50 T=29 aggregate_days=None window_size=9 samples_per_step=48 n_train=105 (cap=105) n_test=175 (cap=175) classes_train=[0, 1, 2, 3, 4, 5, 6]
[19:29:48] [load] fold=None seed=51 T=29 aggregate_days=None window_size=9 samples_per_step=48 n_train=105 (cap=105) n_test=175 (cap=175) classes_train=[0, 1, 2, 3, 4, 5, 6]
[19:29:57] [load] fold=None seed=51 T=29 aggregate_days=None window_size=9 samples_per_step=48 n_train=105 (cap=105) n_test=175 (cap=175) classes_train=[0, 1, 2, 3, 4, 5, 6]
[19:29:57] [load] fold=None seed=42 T=29 aggregate_days=None window_size=9 samples_per_step=48 n_train=105 (cap=105) n_test=175 (cap=175) classes_train=[0, 1, 2, 3, 4, 5, 6]
[19:30:06] [load] fold=None seed=43 T=29 aggregate_days=None window_size=9 samples_per_step=48 n_train=105 (cap=105) n_test=175 (cap=175) classes_train=[0, 1, 2, 3, 4, 5, 6]
[19:30:08] [load] fold=None seed=42 T=29 aggregate_days=None window_size=9 samples_per_step=48 n_train=105 (cap=105) n_test=175 (cap=175) classes_train=[0, 1, 2, 3, 4, 5, 6]
[19:30:17] [load] fold=None seed=44 T=29 aggregate_days=None window_size=9 samples_per_step=48 n_train=105 (cap=105) n_test=175 (cap=175) classes_train=[0, 1, 2, 3, 4, 5, 6]
[19:30:20] [load] fold=None seed=43 T=29 aggregate_days=None window_size=9 samples_per_step=48 n_train=105 (cap=105) n_test=175 (cap=175) classes_train=[0, 1, 2, 3, 4, 5, 6]
[19:30:28] [load] fold=None seed=45 T=29 aggregate_days=None window_size=9 samples_per_step=48 n_train=105 (cap=105) n_test=175 (cap=175) classes_train=[0, 1, 2, 3, 4, 5, 6]
[19:30:29] [load] fold=None seed=44 T=29 aggregate_days=None window_size=9 samples_per_step=48 n_train=105 (cap=105) n_test=175 (cap=175) classes_train=[0, 1, 2, 3, 4, 5, 6]
[19:30:38] [load] fold=None seed=46 T=29 aggregate_days=None window_size=9 samples_per_step=48 n_train=105 (cap=105) n_test=175 (cap=175) classes_train=[0, 1, 2, 3, 4, 5, 6]
[19:30:39] [load] fold=None seed=45 T=29 aggregate_days=None window_size=9 samples_per_step=48 n_train=105 (cap=105) n_test=175 (cap=175) classes_train=[0, 1, 2, 3, 4, 5, 6]
[19:30:49] [load] fold=None seed=46 T=29 aggregate_days=None window_size=9 samples_per_step=48 n_train=105 (cap=105) n_test=175 (cap=175) classes_train=[0, 1, 2, 3, 4, 5, 6]
[19:30:51] [load] fold=None seed=47 T=29 aggregate_days=None window_size=9 samples_per_step=48 n_train=105 (cap=105) n_test=175 (cap=175) classes_train=[0, 1, 2, 3, 4, 5, 6]
[19:31:01] [load] fold=None seed=47 T=29 aggregate_days=None window_size=9 samples_per_step=48 n_train=105 (cap=105) n_test=175 (cap=175) classes_train=[0, 1, 2, 3, 4, 5, 6]
[19:31:04] [load] fold=None seed=48 T=29 aggregate_days=None window_size=9 samples_per_step=48 n_train=105 (cap=105) n_test=175 (cap=175) classes_train=[0, 1, 2, 3, 4, 5, 6]
[19:31:10] [load] fold=None seed=48 T=29 aggregate_days=None window_size=9 samples_per_step=48 n_train=105 (cap=105) n_test=175 (cap=175) classes_train=[0, 1, 2, 3, 4, 5, 6]
[19:31:13] [load] fold=None seed=49 T=29 aggregate_days=None window_size=9 samples_per_step=48 n_train=105 (cap=105) n_test=175 (cap=175) classes_train=[0, 1, 2, 3, 4, 5, 6]
[19:31:19] [load] fold=None seed=49 T=29 aggregate_days=None window_size=9 samples_per_step=48 n_train=105 (cap=105) n_test=175 (cap=175) classes_train=[0, 1, 2, 3, 4, 5, 6]
[19:31:22] [load] fold=None seed=50 T=29 aggregate_days=None window_size=9 samples_per_step=48 n_train=105 (cap=105) n_test=175 (cap=175) classes_train=[0, 1, 2, 3, 4, 5, 6]
[19:31:28] [load] fold=None seed=50 T=29 aggregate_days=None window_size=9 samples_per_step=48 n_train=105 (cap=105) n_test=175 (cap=175) classes_train=[0, 1, 2, 3, 4, 5, 6]
[19:31:32] [load] fold=None seed=51 T=29 aggregate_days=None window_size=9 samples_per_step=48 n_train=105 (cap=105) n_test=175 (cap=175) classes_train=[0, 1, 2, 3, 4, 5, 6]
[19:31:36] [load] fold=None seed=51 T=29 aggregate_days=None window_size=9 samples_per_step=48 n_train=105 (cap=105) n_test=175 (cap=175) classes_train=[0, 1, 2, 3, 4, 5, 6]
[19:31:43] [load] fold=None seed=42 T=29 aggregate_days=None window_size=9 samples_per_step=48 n_train=105 (cap=105) n_test=175 (cap=175) classes_train=[0, 1, 2, 3, 4, 5, 6]
[19:31:52] [load] fold=None seed=43 T=29 aggregate_days=None window_size=9 samples_per_step=48 n_train=105 (cap=105) n_test=175 (cap=175) classes_train=[0, 1, 2, 3, 4, 5, 6]
[19:32:00] [load] fold=None seed=44 T=29 aggregate_days=None window_size=9 samples_per_step=48 n_train=105 (cap=105) n_test=175 (cap=175) classes_train=[0, 1, 2, 3, 4, 5, 6]
[19:32:08] [load] fold=None seed=45 T=29 aggregate_days=None window_size=9 samples_per_step=48 n_train=105 (cap=105) n_test=175 (cap=175) classes_train=[0, 1, 2, 3, 4, 5, 6]
[19:32:16] [load] fold=None seed=46 T=29 aggregate_days=None window_size=9 samples_per_step=48 n_train=105 (cap=105) n_test=175 (cap=175) classes_train=[0, 1, 2, 3, 4, 5, 6]
[19:32:24] [load] fold=None seed=47 T=29 aggregate_days=None window_size=9 samples_per_step=48 n_train=105 (cap=105) n_test=175 (cap=175) classes_train=[0, 1, 2, 3, 4, 5, 6]
[19:32:31] [load] fold=None seed=48 T=29 aggregate_days=None window_size=9 samples_per_step=48 n_train=105 (cap=105) n_test=175 (cap=175) classes_train=[0, 1, 2, 3, 4, 5, 6]
[19:32:39] [load] fold=None seed=49 T=29 aggregate_days=None window_size=9 samples_per_step=48 n_train=105 (cap=105) n_test=175 (cap=175) classes_train=[0, 1, 2, 3, 4, 5, 6]
[19:32:47] [load] fold=None seed=50 T=29 aggregate_days=None window_size=9 samples_per_step=48 n_train=105 (cap=105) n_test=175 (cap=175) classes_train=[0, 1, 2, 3, 4, 5, 6]
[19:32:55] [load] fold=None seed=51 T=29 aggregate_days=None window_size=9 samples_per_step=48 n_train=105 (cap=105) n_test=175 (cap=175) classes_train=[0, 1, 2, 3, 4, 5, 6]
[19:32:55] [grid_knn] eucl_raw: best k=1 gamma=1 f1=0.472 (10/10 runs)
[19:32:55] [analyze] test1_exponential_intensity/wasps: gamma=0.01 f1=0.684±0.041 (n=10/10)
[19:32:55] [analyze] test1_exponential_intensity/eucl_raw: gamma=1 f1=0.472±0.067 (n=10/10)
[19:32:55] [analyze] ===== test2_wasps_fixed_k2 ===== dataset_overrides={} clf_overrides={'estimator': 'fixed_k2'}
[19:33:03] [load] fold=None seed=42 T=29 aggregate_days=None window_size=9 samples_per_step=48 n_train=105 (cap=105) n_test=175 (cap=175) classes_train=[0, 1, 2, 3, 4, 5, 6]
[19:33:07] [load] fold=None seed=42 T=29 aggregate_days=None window_size=9 samples_per_step=48 n_train=105 (cap=105) n_test=175 (cap=175) classes_train=[0, 1, 2, 3, 4, 5, 6]
[19:33:12] [load] fold=None seed=43 T=29 aggregate_days=None window_size=9 samples_per_step=48 n_train=105 (cap=105) n_test=175 (cap=175) classes_train=[0, 1, 2, 3, 4, 5, 6]
[19:33:16] [load] fold=None seed=43 T=29 aggregate_days=None window_size=9 samples_per_step=48 n_train=105 (cap=105) n_test=175 (cap=175) classes_train=[0, 1, 2, 3, 4, 5, 6]
[19:33:21] [load] fold=None seed=44 T=29 aggregate_days=None window_size=9 samples_per_step=48 n_train=105 (cap=105) n_test=175 (cap=175) classes_train=[0, 1, 2, 3, 4, 5, 6]
[19:33:27] [load] fold=None seed=44 T=29 aggregate_days=None window_size=9 samples_per_step=48 n_train=105 (cap=105) n_test=175 (cap=175) classes_train=[0, 1, 2, 3, 4, 5, 6]
[19:33:32] [load] fold=None seed=45 T=29 aggregate_days=None window_size=9 samples_per_step=48 n_train=105 (cap=105) n_test=175 (cap=175) classes_train=[0, 1, 2, 3, 4, 5, 6]
[19:33:37] [load] fold=None seed=45 T=29 aggregate_days=None window_size=9 samples_per_step=48 n_train=105 (cap=105) n_test=175 (cap=175) classes_train=[0, 1, 2, 3, 4, 5, 6]
[19:33:42] [load] fold=None seed=46 T=29 aggregate_days=None window_size=9 samples_per_step=48 n_train=105 (cap=105) n_test=175 (cap=175) classes_train=[0, 1, 2, 3, 4, 5, 6]
[19:33:50] [load] fold=None seed=46 T=29 aggregate_days=None window_size=9 samples_per_step=48 n_train=105 (cap=105) n_test=175 (cap=175) classes_train=[0, 1, 2, 3, 4, 5, 6]
[19:33:51] [load] fold=None seed=47 T=29 aggregate_days=None window_size=9 samples_per_step=48 n_train=105 (cap=105) n_test=175 (cap=175) classes_train=[0, 1, 2, 3, 4, 5, 6]
[19:34:00] [load] fold=None seed=47 T=29 aggregate_days=None window_size=9 samples_per_step=48 n_train=105 (cap=105) n_test=175 (cap=175) classes_train=[0, 1, 2, 3, 4, 5, 6]
[19:34:00] [load] fold=None seed=48 T=29 aggregate_days=None window_size=9 samples_per_step=48 n_train=105 (cap=105) n_test=175 (cap=175) classes_train=[0, 1, 2, 3, 4, 5, 6]
[19:34:09] [load] fold=None seed=49 T=29 aggregate_days=None window_size=9 samples_per_step=48 n_train=105 (cap=105) n_test=175 (cap=175) classes_train=[0, 1, 2, 3, 4, 5, 6]
[19:34:10] [load] fold=None seed=48 T=29 aggregate_days=None window_size=9 samples_per_step=48 n_train=105 (cap=105) n_test=175 (cap=175) classes_train=[0, 1, 2, 3, 4, 5, 6]
[19:34:19] [load] fold=None seed=49 T=29 aggregate_days=None window_size=9 samples_per_step=48 n_train=105 (cap=105) n_test=175 (cap=175) classes_train=[0, 1, 2, 3, 4, 5, 6]
[19:34:20] [load] fold=None seed=50 T=29 aggregate_days=None window_size=9 samples_per_step=48 n_train=105 (cap=105) n_test=175 (cap=175) classes_train=[0, 1, 2, 3, 4, 5, 6]
[19:34:27] [load] fold=None seed=50 T=29 aggregate_days=None window_size=9 samples_per_step=48 n_train=105 (cap=105) n_test=175 (cap=175) classes_train=[0, 1, 2, 3, 4, 5, 6]
[19:34:30] [load] fold=None seed=51 T=29 aggregate_days=None window_size=9 samples_per_step=48 n_train=105 (cap=105) n_test=175 (cap=175) classes_train=[0, 1, 2, 3, 4, 5, 6]
[19:34:36] [load] fold=None seed=51 T=29 aggregate_days=None window_size=9 samples_per_step=48 n_train=105 (cap=105) n_test=175 (cap=175) classes_train=[0, 1, 2, 3, 4, 5, 6]
[19:34:41] [load] fold=None seed=42 T=29 aggregate_days=None window_size=9 samples_per_step=48 n_train=105 (cap=105) n_test=175 (cap=175) classes_train=[0, 1, 2, 3, 4, 5, 6]
[19:34:44] [load] fold=None seed=42 T=29 aggregate_days=None window_size=9 samples_per_step=48 n_train=105 (cap=105) n_test=175 (cap=175) classes_train=[0, 1, 2, 3, 4, 5, 6]
[19:34:49] [load] fold=None seed=43 T=29 aggregate_days=None window_size=9 samples_per_step=48 n_train=105 (cap=105) n_test=175 (cap=175) classes_train=[0, 1, 2, 3, 4, 5, 6]
[19:34:52] [load] fold=None seed=43 T=29 aggregate_days=None window_size=9 samples_per_step=48 n_train=105 (cap=105) n_test=175 (cap=175) classes_train=[0, 1, 2, 3, 4, 5, 6]
[19:34:58] [load] fold=None seed=44 T=29 aggregate_days=None window_size=9 samples_per_step=48 n_train=105 (cap=105) n_test=175 (cap=175) classes_train=[0, 1, 2, 3, 4, 5, 6]
[19:35:00] [load] fold=None seed=44 T=29 aggregate_days=None window_size=9 samples_per_step=48 n_train=105 (cap=105) n_test=175 (cap=175) classes_train=[0, 1, 2, 3, 4, 5, 6]
[19:35:06] [load] fold=None seed=45 T=29 aggregate_days=None window_size=9 samples_per_step=48 n_train=105 (cap=105) n_test=175 (cap=175) classes_train=[0, 1, 2, 3, 4, 5, 6]
[19:35:08] [load] fold=None seed=45 T=29 aggregate_days=None window_size=9 samples_per_step=48 n_train=105 (cap=105) n_test=175 (cap=175) classes_train=[0, 1, 2, 3, 4, 5, 6]
[19:35:14] [load] fold=None seed=46 T=29 aggregate_days=None window_size=9 samples_per_step=48 n_train=105 (cap=105) n_test=175 (cap=175) classes_train=[0, 1, 2, 3, 4, 5, 6]
[19:35:17] [load] fold=None seed=46 T=29 aggregate_days=None window_size=9 samples_per_step=48 n_train=105 (cap=105) n_test=175 (cap=175) classes_train=[0, 1, 2, 3, 4, 5, 6]
[19:35:23] [load] fold=None seed=47 T=29 aggregate_days=None window_size=9 samples_per_step=48 n_train=105 (cap=105) n_test=175 (cap=175) classes_train=[0, 1, 2, 3, 4, 5, 6]
[19:35:25] [load] fold=None seed=47 T=29 aggregate_days=None window_size=9 samples_per_step=48 n_train=105 (cap=105) n_test=175 (cap=175) classes_train=[0, 1, 2, 3, 4, 5, 6]
[19:35:31] [load] fold=None seed=48 T=29 aggregate_days=None window_size=9 samples_per_step=48 n_train=105 (cap=105) n_test=175 (cap=175) classes_train=[0, 1, 2, 3, 4, 5, 6]
[19:35:33] [load] fold=None seed=48 T=29 aggregate_days=None window_size=9 samples_per_step=48 n_train=105 (cap=105) n_test=175 (cap=175) classes_train=[0, 1, 2, 3, 4, 5, 6]
[19:35:39] [load] fold=None seed=49 T=29 aggregate_days=None window_size=9 samples_per_step=48 n_train=105 (cap=105) n_test=175 (cap=175) classes_train=[0, 1, 2, 3, 4, 5, 6]
[19:35:41] [load] fold=None seed=49 T=29 aggregate_days=None window_size=9 samples_per_step=48 n_train=105 (cap=105) n_test=175 (cap=175) classes_train=[0, 1, 2, 3, 4, 5, 6]
[19:35:47] [load] fold=None seed=50 T=29 aggregate_days=None window_size=9 samples_per_step=48 n_train=105 (cap=105) n_test=175 (cap=175) classes_train=[0, 1, 2, 3, 4, 5, 6]
[19:35:50] [load] fold=None seed=50 T=29 aggregate_days=None window_size=9 samples_per_step=48 n_train=105 (cap=105) n_test=175 (cap=175) classes_train=[0, 1, 2, 3, 4, 5, 6]
[19:35:55] [load] fold=None seed=51 T=29 aggregate_days=None window_size=9 samples_per_step=48 n_train=105 (cap=105) n_test=175 (cap=175) classes_train=[0, 1, 2, 3, 4, 5, 6]
[19:35:58] [load] fold=None seed=51 T=29 aggregate_days=None window_size=9 samples_per_step=48 n_train=105 (cap=105) n_test=175 (cap=175) classes_train=[0, 1, 2, 3, 4, 5, 6]
[19:36:04] [load] fold=None seed=42 T=29 aggregate_days=None window_size=9 samples_per_step=48 n_train=105 (cap=105) n_test=175 (cap=175) classes_train=[0, 1, 2, 3, 4, 5, 6]
[19:36:06] [load] fold=None seed=42 T=29 aggregate_days=None window_size=9 samples_per_step=48 n_train=105 (cap=105) n_test=175 (cap=175) classes_train=[0, 1, 2, 3, 4, 5, 6]
[19:36:12] [load] fold=None seed=43 T=29 aggregate_days=None window_size=9 samples_per_step=48 n_train=105 (cap=105) n_test=175 (cap=175) classes_train=[0, 1, 2, 3, 4, 5, 6]
[19:36:15] [load] fold=None seed=43 T=29 aggregate_days=None window_size=9 samples_per_step=48 n_train=105 (cap=105) n_test=175 (cap=175) classes_train=[0, 1, 2, 3, 4, 5, 6]
[19:36:20] [load] fold=None seed=44 T=29 aggregate_days=None window_size=9 samples_per_step=48 n_train=105 (cap=105) n_test=175 (cap=175) classes_train=[0, 1, 2, 3, 4, 5, 6]
[19:36:24] [load] fold=None seed=44 T=29 aggregate_days=None window_size=9 samples_per_step=48 n_train=105 (cap=105) n_test=175 (cap=175) classes_train=[0, 1, 2, 3, 4, 5, 6]
[19:36:28] [load] fold=None seed=45 T=29 aggregate_days=None window_size=9 samples_per_step=48 n_train=105 (cap=105) n_test=175 (cap=175) classes_train=[0, 1, 2, 3, 4, 5, 6]
[19:36:33] [load] fold=None seed=45 T=29 aggregate_days=None window_size=9 samples_per_step=48 n_train=105 (cap=105) n_test=175 (cap=175) classes_train=[0, 1, 2, 3, 4, 5, 6]
[19:36:36] [load] fold=None seed=46 T=29 aggregate_days=None window_size=9 samples_per_step=48 n_train=105 (cap=105) n_test=175 (cap=175) classes_train=[0, 1, 2, 3, 4, 5, 6]
[19:36:41] [load] fold=None seed=46 T=29 aggregate_days=None window_size=9 samples_per_step=48 n_train=105 (cap=105) n_test=175 (cap=175) classes_train=[0, 1, 2, 3, 4, 5, 6]
[19:36:45] [load] fold=None seed=47 T=29 aggregate_days=None window_size=9 samples_per_step=48 n_train=105 (cap=105) n_test=175 (cap=175) classes_train=[0, 1, 2, 3, 4, 5, 6]
[19:36:49] [load] fold=None seed=47 T=29 aggregate_days=None window_size=9 samples_per_step=48 n_train=105 (cap=105) n_test=175 (cap=175) classes_train=[0, 1, 2, 3, 4, 5, 6]
[19:36:53] [load] fold=None seed=48 T=29 aggregate_days=None window_size=9 samples_per_step=48 n_train=105 (cap=105) n_test=175 (cap=175) classes_train=[0, 1, 2, 3, 4, 5, 6]
[19:36:57] [load] fold=None seed=48 T=29 aggregate_days=None window_size=9 samples_per_step=48 n_train=105 (cap=105) n_test=175 (cap=175) classes_train=[0, 1, 2, 3, 4, 5, 6]
[19:37:01] [load] fold=None seed=49 T=29 aggregate_days=None window_size=9 samples_per_step=48 n_train=105 (cap=105) n_test=175 (cap=175) classes_train=[0, 1, 2, 3, 4, 5, 6]
[19:37:05] [load] fold=None seed=49 T=29 aggregate_days=None window_size=9 samples_per_step=48 n_train=105 (cap=105) n_test=175 (cap=175) classes_train=[0, 1, 2, 3, 4, 5, 6]
[19:37:09] [load] fold=None seed=50 T=29 aggregate_days=None window_size=9 samples_per_step=48 n_train=105 (cap=105) n_test=175 (cap=175) classes_train=[0, 1, 2, 3, 4, 5, 6]
[19:37:13] [load] fold=None seed=50 T=29 aggregate_days=None window_size=9 samples_per_step=48 n_train=105 (cap=105) n_test=175 (cap=175) classes_train=[0, 1, 2, 3, 4, 5, 6]
[19:37:17] [load] fold=None seed=51 T=29 aggregate_days=None window_size=9 samples_per_step=48 n_train=105 (cap=105) n_test=175 (cap=175) classes_train=[0, 1, 2, 3, 4, 5, 6]
[19:37:21] [load] fold=None seed=51 T=29 aggregate_days=None window_size=9 samples_per_step=48 n_train=105 (cap=105) n_test=175 (cap=175) classes_train=[0, 1, 2, 3, 4, 5, 6]
[19:37:25] [load] fold=None seed=42 T=29 aggregate_days=None window_size=9 samples_per_step=48 n_train=105 (cap=105) n_test=175 (cap=175) classes_train=[0, 1, 2, 3, 4, 5, 6]
[19:37:32] [load] fold=None seed=43 T=29 aggregate_days=None window_size=9 samples_per_step=48 n_train=105 (cap=105) n_test=175 (cap=175) classes_train=[0, 1, 2, 3, 4, 5, 6]
[19:37:39] [load] fold=None seed=44 T=29 aggregate_days=None window_size=9 samples_per_step=48 n_train=105 (cap=105) n_test=175 (cap=175) classes_train=[0, 1, 2, 3, 4, 5, 6]
[19:37:47] [load] fold=None seed=45 T=29 aggregate_days=None window_size=9 samples_per_step=48 n_train=105 (cap=105) n_test=175 (cap=175) classes_train=[0, 1, 2, 3, 4, 5, 6]
[19:37:54] [load] fold=None seed=46 T=29 aggregate_days=None window_size=9 samples_per_step=48 n_train=105 (cap=105) n_test=175 (cap=175) classes_train=[0, 1, 2, 3, 4, 5, 6]
[19:38:02] [load] fold=None seed=47 T=29 aggregate_days=None window_size=9 samples_per_step=48 n_train=105 (cap=105) n_test=175 (cap=175) classes_train=[0, 1, 2, 3, 4, 5, 6]
[19:38:10] [load] fold=None seed=48 T=29 aggregate_days=None window_size=9 samples_per_step=48 n_train=105 (cap=105) n_test=175 (cap=175) classes_train=[0, 1, 2, 3, 4, 5, 6]
[19:38:17] [load] fold=None seed=49 T=29 aggregate_days=None window_size=9 samples_per_step=48 n_train=105 (cap=105) n_test=175 (cap=175) classes_train=[0, 1, 2, 3, 4, 5, 6]
[19:38:24] [load] fold=None seed=50 T=29 aggregate_days=None window_size=9 samples_per_step=48 n_train=105 (cap=105) n_test=175 (cap=175) classes_train=[0, 1, 2, 3, 4, 5, 6]
[19:38:31] [load] fold=None seed=51 T=29 aggregate_days=None window_size=9 samples_per_step=48 n_train=105 (cap=105) n_test=175 (cap=175) classes_train=[0, 1, 2, 3, 4, 5, 6]
[19:38:32] [grid_knn] wasps: best k=1 gamma=0.0001 f1=0.619 (10/10 runs)
[19:38:39] [load] fold=None seed=42 T=29 aggregate_days=None window_size=9 samples_per_step=48 n_train=105 (cap=105) n_test=175 (cap=175) classes_train=[0, 1, 2, 3, 4, 5, 6]
[19:38:39] [load] fold=None seed=42 T=29 aggregate_days=None window_size=9 samples_per_step=48 n_train=105 (cap=105) n_test=175 (cap=175) classes_train=[0, 1, 2, 3, 4, 5, 6]
[19:38:47] [load] fold=None seed=43 T=29 aggregate_days=None window_size=9 samples_per_step=48 n_train=105 (cap=105) n_test=175 (cap=175) classes_train=[0, 1, 2, 3, 4, 5, 6]
[19:38:48] [load] fold=None seed=43 T=29 aggregate_days=None window_size=9 samples_per_step=48 n_train=105 (cap=105) n_test=175 (cap=175) classes_train=[0, 1, 2, 3, 4, 5, 6]
[19:38:56] [load] fold=None seed=44 T=29 aggregate_days=None window_size=9 samples_per_step=48 n_train=105 (cap=105) n_test=175 (cap=175) classes_train=[0, 1, 2, 3, 4, 5, 6]
[19:38:56] [load] fold=None seed=44 T=29 aggregate_days=None window_size=9 samples_per_step=48 n_train=105 (cap=105) n_test=175 (cap=175) classes_train=[0, 1, 2, 3, 4, 5, 6]
[19:39:04] [load] fold=None seed=45 T=29 aggregate_days=None window_size=9 samples_per_step=48 n_train=105 (cap=105) n_test=175 (cap=175) classes_train=[0, 1, 2, 3, 4, 5, 6]
[19:39:04] [load] fold=None seed=45 T=29 aggregate_days=None window_size=9 samples_per_step=48 n_train=105 (cap=105) n_test=175 (cap=175) classes_train=[0, 1, 2, 3, 4, 5, 6]
[19:39:11] [load] fold=None seed=46 T=29 aggregate_days=None window_size=9 samples_per_step=48 n_train=105 (cap=105) n_test=175 (cap=175) classes_train=[0, 1, 2, 3, 4, 5, 6]
[19:39:15] [load] fold=None seed=46 T=29 aggregate_days=None window_size=9 samples_per_step=48 n_train=105 (cap=105) n_test=175 (cap=175) classes_train=[0, 1, 2, 3, 4, 5, 6]
[19:39:20] [load] fold=None seed=47 T=29 aggregate_days=None window_size=9 samples_per_step=48 n_train=105 (cap=105) n_test=175 (cap=175) classes_train=[0, 1, 2, 3, 4, 5, 6]
[19:39:29] [load] fold=None seed=47 T=29 aggregate_days=None window_size=9 samples_per_step=48 n_train=105 (cap=105) n_test=175 (cap=175) classes_train=[0, 1, 2, 3, 4, 5, 6]
[19:39:30] [load] fold=None seed=48 T=29 aggregate_days=None window_size=9 samples_per_step=48 n_train=105 (cap=105) n_test=175 (cap=175) classes_train=[0, 1, 2, 3, 4, 5, 6]
[19:39:39] [load] fold=None seed=48 T=29 aggregate_days=None window_size=9 samples_per_step=48 n_train=105 (cap=105) n_test=175 (cap=175) classes_train=[0, 1, 2, 3, 4, 5, 6]
[19:39:43] [load] fold=None seed=49 T=29 aggregate_days=None window_size=9 samples_per_step=48 n_train=105 (cap=105) n_test=175 (cap=175) classes_train=[0, 1, 2, 3, 4, 5, 6]
[19:39:51] [load] fold=None seed=49 T=29 aggregate_days=None window_size=9 samples_per_step=48 n_train=105 (cap=105) n_test=175 (cap=175) classes_train=[0, 1, 2, 3, 4, 5, 6]
[19:39:52] [load] fold=None seed=50 T=29 aggregate_days=None window_size=9 samples_per_step=48 n_train=105 (cap=105) n_test=175 (cap=175) classes_train=[0, 1, 2, 3, 4, 5, 6]
[19:40:00] [load] fold=None seed=51 T=29 aggregate_days=None window_size=9 samples_per_step=48 n_train=105 (cap=105) n_test=175 (cap=175) classes_train=[0, 1, 2, 3, 4, 5, 6]
[19:40:01] [load] fold=None seed=50 T=29 aggregate_days=None window_size=9 samples_per_step=48 n_train=105 (cap=105) n_test=175 (cap=175) classes_train=[0, 1, 2, 3, 4, 5, 6]
[19:40:08] [load] fold=None seed=42 T=29 aggregate_days=None window_size=9 samples_per_step=48 n_train=105 (cap=105) n_test=175 (cap=175) classes_train=[0, 1, 2, 3, 4, 5, 6]
[19:40:12] [load] fold=None seed=51 T=29 aggregate_days=None window_size=9 samples_per_step=48 n_train=105 (cap=105) n_test=175 (cap=175) classes_train=[0, 1, 2, 3, 4, 5, 6]
[19:40:17] [load] fold=None seed=43 T=29 aggregate_days=None window_size=9 samples_per_step=48 n_train=105 (cap=105) n_test=175 (cap=175) classes_train=[0, 1, 2, 3, 4, 5, 6]
[19:40:21] [load] fold=None seed=42 T=29 aggregate_days=None window_size=9 samples_per_step=48 n_train=105 (cap=105) n_test=175 (cap=175) classes_train=[0, 1, 2, 3, 4, 5, 6]
[19:40:25] [load] fold=None seed=44 T=29 aggregate_days=None window_size=9 samples_per_step=48 n_train=105 (cap=105) n_test=175 (cap=175) classes_train=[0, 1, 2, 3, 4, 5, 6]
[19:40:28] [load] fold=None seed=43 T=29 aggregate_days=None window_size=9 samples_per_step=48 n_train=105 (cap=105) n_test=175 (cap=175) classes_train=[0, 1, 2, 3, 4, 5, 6]
[19:40:36] [load] fold=None seed=45 T=29 aggregate_days=None window_size=9 samples_per_step=48 n_train=105 (cap=105) n_test=175 (cap=175) classes_train=[0, 1, 2, 3, 4, 5, 6]
[19:40:37] [load] fold=None seed=44 T=29 aggregate_days=None window_size=9 samples_per_step=48 n_train=105 (cap=105) n_test=175 (cap=175) classes_train=[0, 1, 2, 3, 4, 5, 6]
[19:40:45] [load] fold=None seed=46 T=29 aggregate_days=None window_size=9 samples_per_step=48 n_train=105 (cap=105) n_test=175 (cap=175) classes_train=[0, 1, 2, 3, 4, 5, 6]
[19:40:45] [load] fold=None seed=45 T=29 aggregate_days=None window_size=9 samples_per_step=48 n_train=105 (cap=105) n_test=175 (cap=175) classes_train=[0, 1, 2, 3, 4, 5, 6]
[19:40:53] [load] fold=None seed=47 T=29 aggregate_days=None window_size=9 samples_per_step=48 n_train=105 (cap=105) n_test=175 (cap=175) classes_train=[0, 1, 2, 3, 4, 5, 6]
[19:40:54] [load] fold=None seed=46 T=29 aggregate_days=None window_size=9 samples_per_step=48 n_train=105 (cap=105) n_test=175 (cap=175) classes_train=[0, 1, 2, 3, 4, 5, 6]
[19:41:02] [load] fold=None seed=47 T=29 aggregate_days=None window_size=9 samples_per_step=48 n_train=105 (cap=105) n_test=175 (cap=175) classes_train=[0, 1, 2, 3, 4, 5, 6]
[19:41:05] [load] fold=None seed=48 T=29 aggregate_days=None window_size=9 samples_per_step=48 n_train=105 (cap=105) n_test=175 (cap=175) classes_train=[0, 1, 2, 3, 4, 5, 6]
[19:41:10] [load] fold=None seed=48 T=29 aggregate_days=None window_size=9 samples_per_step=48 n_train=105 (cap=105) n_test=175 (cap=175) classes_train=[0, 1, 2, 3, 4, 5, 6]
[19:41:13] [load] fold=None seed=49 T=29 aggregate_days=None window_size=9 samples_per_step=48 n_train=105 (cap=105) n_test=175 (cap=175) classes_train=[0, 1, 2, 3, 4, 5, 6]
[19:41:19] [load] fold=None seed=49 T=29 aggregate_days=None window_size=9 samples_per_step=48 n_train=105 (cap=105) n_test=175 (cap=175) classes_train=[0, 1, 2, 3, 4, 5, 6]
[19:41:27] [load] fold=None seed=50 T=29 aggregate_days=None window_size=9 samples_per_step=48 n_train=105 (cap=105) n_test=175 (cap=175) classes_train=[0, 1, 2, 3, 4, 5, 6]
[19:41:28] [load] fold=None seed=50 T=29 aggregate_days=None window_size=9 samples_per_step=48 n_train=105 (cap=105) n_test=175 (cap=175) classes_train=[0, 1, 2, 3, 4, 5, 6]
[19:41:37] [load] fold=None seed=51 T=29 aggregate_days=None window_size=9 samples_per_step=48 n_train=105 (cap=105) n_test=175 (cap=175) classes_train=[0, 1, 2, 3, 4, 5, 6]
[19:41:39] [load] fold=None seed=51 T=29 aggregate_days=None window_size=9 samples_per_step=48 n_train=105 (cap=105) n_test=175 (cap=175) classes_train=[0, 1, 2, 3, 4, 5, 6]
[19:41:45] [load] fold=None seed=42 T=29 aggregate_days=None window_size=9 samples_per_step=48 n_train=105 (cap=105) n_test=175 (cap=175) classes_train=[0, 1, 2, 3, 4, 5, 6]
[19:41:47] [load] fold=None seed=42 T=29 aggregate_days=None window_size=9 samples_per_step=48 n_train=105 (cap=105) n_test=175 (cap=175) classes_train=[0, 1, 2, 3, 4, 5, 6]
[19:41:52] [load] fold=None seed=43 T=29 aggregate_days=None window_size=9 samples_per_step=48 n_train=105 (cap=105) n_test=175 (cap=175) classes_train=[0, 1, 2, 3, 4, 5, 6]
[19:41:56] [load] fold=None seed=43 T=29 aggregate_days=None window_size=9 samples_per_step=48 n_train=105 (cap=105) n_test=175 (cap=175) classes_train=[0, 1, 2, 3, 4, 5, 6]
[19:42:01] [load] fold=None seed=44 T=29 aggregate_days=None window_size=9 samples_per_step=48 n_train=105 (cap=105) n_test=175 (cap=175) classes_train=[0, 1, 2, 3, 4, 5, 6]
[19:42:05] [load] fold=None seed=44 T=29 aggregate_days=None window_size=9 samples_per_step=48 n_train=105 (cap=105) n_test=175 (cap=175) classes_train=[0, 1, 2, 3, 4, 5, 6]
[19:42:10] [load] fold=None seed=45 T=29 aggregate_days=None window_size=9 samples_per_step=48 n_train=105 (cap=105) n_test=175 (cap=175) classes_train=[0, 1, 2, 3, 4, 5, 6]
[19:42:13] [load] fold=None seed=45 T=29 aggregate_days=None window_size=9 samples_per_step=48 n_train=105 (cap=105) n_test=175 (cap=175) classes_train=[0, 1, 2, 3, 4, 5, 6]
[19:42:18] [load] fold=None seed=46 T=29 aggregate_days=None window_size=9 samples_per_step=48 n_train=105 (cap=105) n_test=175 (cap=175) classes_train=[0, 1, 2, 3, 4, 5, 6]
[19:42:21] [load] fold=None seed=46 T=29 aggregate_days=None window_size=9 samples_per_step=48 n_train=105 (cap=105) n_test=175 (cap=175) classes_train=[0, 1, 2, 3, 4, 5, 6]
[19:42:27] [load] fold=None seed=47 T=29 aggregate_days=None window_size=9 samples_per_step=48 n_train=105 (cap=105) n_test=175 (cap=175) classes_train=[0, 1, 2, 3, 4, 5, 6]
[19:42:31] [load] fold=None seed=47 T=29 aggregate_days=None window_size=9 samples_per_step=48 n_train=105 (cap=105) n_test=175 (cap=175) classes_train=[0, 1, 2, 3, 4, 5, 6]
[19:42:35] [load] fold=None seed=48 T=29 aggregate_days=None window_size=9 samples_per_step=48 n_train=105 (cap=105) n_test=175 (cap=175) classes_train=[0, 1, 2, 3, 4, 5, 6]
[19:42:40] [load] fold=None seed=48 T=29 aggregate_days=None window_size=9 samples_per_step=48 n_train=105 (cap=105) n_test=175 (cap=175) classes_train=[0, 1, 2, 3, 4, 5, 6]
[19:42:45] [load] fold=None seed=49 T=29 aggregate_days=None window_size=9 samples_per_step=48 n_train=105 (cap=105) n_test=175 (cap=175) classes_train=[0, 1, 2, 3, 4, 5, 6]
[19:42:49] [load] fold=None seed=49 T=29 aggregate_days=None window_size=9 samples_per_step=48 n_train=105 (cap=105) n_test=175 (cap=175) classes_train=[0, 1, 2, 3, 4, 5, 6]
[19:42:53] [load] fold=None seed=50 T=29 aggregate_days=None window_size=9 samples_per_step=48 n_train=105 (cap=105) n_test=175 (cap=175) classes_train=[0, 1, 2, 3, 4, 5, 6]
[19:42:57] [load] fold=None seed=50 T=29 aggregate_days=None window_size=9 samples_per_step=48 n_train=105 (cap=105) n_test=175 (cap=175) classes_train=[0, 1, 2, 3, 4, 5, 6]
[19:43:02] [load] fold=None seed=51 T=29 aggregate_days=None window_size=9 samples_per_step=48 n_train=105 (cap=105) n_test=175 (cap=175) classes_train=[0, 1, 2, 3, 4, 5, 6]
[19:43:08] [load] fold=None seed=51 T=29 aggregate_days=None window_size=9 samples_per_step=48 n_train=105 (cap=105) n_test=175 (cap=175) classes_train=[0, 1, 2, 3, 4, 5, 6]
[19:43:10] [load] fold=None seed=42 T=29 aggregate_days=None window_size=9 samples_per_step=48 n_train=105 (cap=105) n_test=175 (cap=175) classes_train=[0, 1, 2, 3, 4, 5, 6]
[19:43:17] [load] fold=None seed=43 T=29 aggregate_days=None window_size=9 samples_per_step=48 n_train=105 (cap=105) n_test=175 (cap=175) classes_train=[0, 1, 2, 3, 4, 5, 6]
[19:43:25] [load] fold=None seed=44 T=29 aggregate_days=None window_size=9 samples_per_step=48 n_train=105 (cap=105) n_test=175 (cap=175) classes_train=[0, 1, 2, 3, 4, 5, 6]
[19:43:33] [load] fold=None seed=45 T=29 aggregate_days=None window_size=9 samples_per_step=48 n_train=105 (cap=105) n_test=175 (cap=175) classes_train=[0, 1, 2, 3, 4, 5, 6]
[19:43:40] [load] fold=None seed=46 T=29 aggregate_days=None window_size=9 samples_per_step=48 n_train=105 (cap=105) n_test=175 (cap=175) classes_train=[0, 1, 2, 3, 4, 5, 6]
[19:43:47] [load] fold=None seed=47 T=29 aggregate_days=None window_size=9 samples_per_step=48 n_train=105 (cap=105) n_test=175 (cap=175) classes_train=[0, 1, 2, 3, 4, 5, 6]
[19:43:55] [load] fold=None seed=48 T=29 aggregate_days=None window_size=9 samples_per_step=48 n_train=105 (cap=105) n_test=175 (cap=175) classes_train=[0, 1, 2, 3, 4, 5, 6]
[19:44:02] [load] fold=None seed=49 T=29 aggregate_days=None window_size=9 samples_per_step=48 n_train=105 (cap=105) n_test=175 (cap=175) classes_train=[0, 1, 2, 3, 4, 5, 6]
[19:44:09] [load] fold=None seed=50 T=29 aggregate_days=None window_size=9 samples_per_step=48 n_train=105 (cap=105) n_test=175 (cap=175) classes_train=[0, 1, 2, 3, 4, 5, 6]
[19:44:17] [load] fold=None seed=51 T=29 aggregate_days=None window_size=9 samples_per_step=48 n_train=105 (cap=105) n_test=175 (cap=175) classes_train=[0, 1, 2, 3, 4, 5, 6]
[19:44:18] [grid_knn] eucl_raw: best k=1 gamma=0.01 f1=0.628 (10/10 runs)
[19:44:18] [analyze] test2_wasps_fixed_k2/wasps: gamma=0.0001 f1=0.619±0.029 (n=10/10)
[19:44:18] [analyze] test2_wasps_fixed_k2/eucl_raw: gamma=0.01 f1=0.628±0.070 (n=10/10)
[19:44:18] [analyze] ===== test3_window32_logcumulant ===== dataset_overrides={'window_size': 32} clf_overrides={'samples_per_step': 300}
[19:55:38] [load] fold=None seed=42 T=29 aggregate_days=None window_size=32 samples_per_step=300 n_train=105 (cap=105) n_test=175 (cap=175) classes_train=[0, 1, 2, 3, 4, 5, 6]
[19:55:38] [load] fold=None seed=42 T=29 aggregate_days=None window_size=32 samples_per_step=300 n_train=105 (cap=105) n_test=175 (cap=175) classes_train=[0, 1, 2, 3, 4, 5, 6]
[19:55:42] [load] fold=None seed=43 T=29 aggregate_days=None window_size=32 samples_per_step=300 n_train=105 (cap=105) n_test=175 (cap=175) classes_train=[0, 1, 2, 3, 4, 5, 6]
[19:55:43] [load] fold=None seed=43 T=29 aggregate_days=None window_size=32 samples_per_step=300 n_train=105 (cap=105) n_test=175 (cap=175) classes_train=[0, 1, 2, 3, 4, 5, 6]
[19:55:47] [load] fold=None seed=44 T=29 aggregate_days=None window_size=32 samples_per_step=300 n_train=105 (cap=105) n_test=175 (cap=175) classes_train=[0, 1, 2, 3, 4, 5, 6]
[19:55:48] [load] fold=None seed=44 T=29 aggregate_days=None window_size=32 samples_per_step=300 n_train=105 (cap=105) n_test=175 (cap=175) classes_train=[0, 1, 2, 3, 4, 5, 6]
[19:55:51] [load] fold=None seed=45 T=29 aggregate_days=None window_size=32 samples_per_step=300 n_train=105 (cap=105) n_test=175 (cap=175) classes_train=[0, 1, 2, 3, 4, 5, 6]
[19:55:53] [load] fold=None seed=45 T=29 aggregate_days=None window_size=32 samples_per_step=300 n_train=105 (cap=105) n_test=175 (cap=175) classes_train=[0, 1, 2, 3, 4, 5, 6]
[19:55:55] [load] fold=None seed=46 T=29 aggregate_days=None window_size=32 samples_per_step=300 n_train=105 (cap=105) n_test=175 (cap=175) classes_train=[0, 1, 2, 3, 4, 5, 6]
[19:55:57] [load] fold=None seed=46 T=29 aggregate_days=None window_size=32 samples_per_step=300 n_train=105 (cap=105) n_test=175 (cap=175) classes_train=[0, 1, 2, 3, 4, 5, 6]
[19:56:00] [load] fold=None seed=47 T=29 aggregate_days=None window_size=32 samples_per_step=300 n_train=105 (cap=105) n_test=175 (cap=175) classes_train=[0, 1, 2, 3, 4, 5, 6]
[19:56:02] [load] fold=None seed=47 T=29 aggregate_days=None window_size=32 samples_per_step=300 n_train=105 (cap=105) n_test=175 (cap=175) classes_train=[0, 1, 2, 3, 4, 5, 6]
[19:56:04] [load] fold=None seed=48 T=29 aggregate_days=None window_size=32 samples_per_step=300 n_train=105 (cap=105) n_test=175 (cap=175) classes_train=[0, 1, 2, 3, 4, 5, 6]
[19:56:07] [load] fold=None seed=48 T=29 aggregate_days=None window_size=32 samples_per_step=300 n_train=105 (cap=105) n_test=175 (cap=175) classes_train=[0, 1, 2, 3, 4, 5, 6]
[19:56:08] [load] fold=None seed=49 T=29 aggregate_days=None window_size=32 samples_per_step=300 n_train=105 (cap=105) n_test=175 (cap=175) classes_train=[0, 1, 2, 3, 4, 5, 6]
[19:56:11] [load] fold=None seed=49 T=29 aggregate_days=None window_size=32 samples_per_step=300 n_train=105 (cap=105) n_test=175 (cap=175) classes_train=[0, 1, 2, 3, 4, 5, 6]
[19:56:13] [load] fold=None seed=50 T=29 aggregate_days=None window_size=32 samples_per_step=300 n_train=105 (cap=105) n_test=175 (cap=175) classes_train=[0, 1, 2, 3, 4, 5, 6]
[19:56:15] [load] fold=None seed=50 T=29 aggregate_days=None window_size=32 samples_per_step=300 n_train=105 (cap=105) n_test=175 (cap=175) classes_train=[0, 1, 2, 3, 4, 5, 6]
[19:56:17] [load] fold=None seed=51 T=29 aggregate_days=None window_size=32 samples_per_step=300 n_train=105 (cap=105) n_test=175 (cap=175) classes_train=[0, 1, 2, 3, 4, 5, 6]
[19:56:20] [load] fold=None seed=51 T=29 aggregate_days=None window_size=32 samples_per_step=300 n_train=105 (cap=105) n_test=175 (cap=175) classes_train=[0, 1, 2, 3, 4, 5, 6]
[19:56:27] [load] fold=None seed=42 T=29 aggregate_days=None window_size=32 samples_per_step=300 n_train=105 (cap=105) n_test=175 (cap=175) classes_train=[0, 1, 2, 3, 4, 5, 6]
[19:56:29] [load] fold=None seed=42 T=29 aggregate_days=None window_size=32 samples_per_step=300 n_train=105 (cap=105) n_test=175 (cap=175) classes_train=[0, 1, 2, 3, 4, 5, 6]
[19:56:36] [load] fold=None seed=43 T=29 aggregate_days=None window_size=32 samples_per_step=300 n_train=105 (cap=105) n_test=175 (cap=175) classes_train=[0, 1, 2, 3, 4, 5, 6]
[19:56:38] [load] fold=None seed=43 T=29 aggregate_days=None window_size=32 samples_per_step=300 n_train=105 (cap=105) n_test=175 (cap=175) classes_train=[0, 1, 2, 3, 4, 5, 6]
[19:56:40] [load] fold=None seed=44 T=29 aggregate_days=None window_size=32 samples_per_step=300 n_train=105 (cap=105) n_test=175 (cap=175) classes_train=[0, 1, 2, 3, 4, 5, 6]
[19:56:42] [load] fold=None seed=44 T=29 aggregate_days=None window_size=32 samples_per_step=300 n_train=105 (cap=105) n_test=175 (cap=175) classes_train=[0, 1, 2, 3, 4, 5, 6]
[19:56:45] [load] fold=None seed=45 T=29 aggregate_days=None window_size=32 samples_per_step=300 n_train=105 (cap=105) n_test=175 (cap=175) classes_train=[0, 1, 2, 3, 4, 5, 6]
[19:56:47] [load] fold=None seed=45 T=29 aggregate_days=None window_size=32 samples_per_step=300 n_train=105 (cap=105) n_test=175 (cap=175) classes_train=[0, 1, 2, 3, 4, 5, 6]
[19:56:49] [load] fold=None seed=46 T=29 aggregate_days=None window_size=32 samples_per_step=300 n_train=105 (cap=105) n_test=175 (cap=175) classes_train=[0, 1, 2, 3, 4, 5, 6]
[19:56:51] [load] fold=None seed=46 T=29 aggregate_days=None window_size=32 samples_per_step=300 n_train=105 (cap=105) n_test=175 (cap=175) classes_train=[0, 1, 2, 3, 4, 5, 6]
[19:56:53] [load] fold=None seed=47 T=29 aggregate_days=None window_size=32 samples_per_step=300 n_train=105 (cap=105) n_test=175 (cap=175) classes_train=[0, 1, 2, 3, 4, 5, 6]
[19:56:56] [load] fold=None seed=47 T=29 aggregate_days=None window_size=32 samples_per_step=300 n_train=105 (cap=105) n_test=175 (cap=175) classes_train=[0, 1, 2, 3, 4, 5, 6]
[19:56:58] [load] fold=None seed=48 T=29 aggregate_days=None window_size=32 samples_per_step=300 n_train=105 (cap=105) n_test=175 (cap=175) classes_train=[0, 1, 2, 3, 4, 5, 6]
[19:57:00] [load] fold=None seed=48 T=29 aggregate_days=None window_size=32 samples_per_step=300 n_train=105 (cap=105) n_test=175 (cap=175) classes_train=[0, 1, 2, 3, 4, 5, 6]
[19:57:03] [load] fold=None seed=49 T=29 aggregate_days=None window_size=32 samples_per_step=300 n_train=105 (cap=105) n_test=175 (cap=175) classes_train=[0, 1, 2, 3, 4, 5, 6]
[19:57:05] [load] fold=None seed=49 T=29 aggregate_days=None window_size=32 samples_per_step=300 n_train=105 (cap=105) n_test=175 (cap=175) classes_train=[0, 1, 2, 3, 4, 5, 6]
[19:57:07] [load] fold=None seed=50 T=29 aggregate_days=None window_size=32 samples_per_step=300 n_train=105 (cap=105) n_test=175 (cap=175) classes_train=[0, 1, 2, 3, 4, 5, 6]
[19:57:09] [load] fold=None seed=50 T=29 aggregate_days=None window_size=32 samples_per_step=300 n_train=105 (cap=105) n_test=175 (cap=175) classes_train=[0, 1, 2, 3, 4, 5, 6]
[19:57:12] [load] fold=None seed=51 T=29 aggregate_days=None window_size=32 samples_per_step=300 n_train=105 (cap=105) n_test=175 (cap=175) classes_train=[0, 1, 2, 3, 4, 5, 6]
[19:57:13] [load] fold=None seed=51 T=29 aggregate_days=None window_size=32 samples_per_step=300 n_train=105 (cap=105) n_test=175 (cap=175) classes_train=[0, 1, 2, 3, 4, 5, 6]
[19:57:16] [load] fold=None seed=42 T=29 aggregate_days=None window_size=32 samples_per_step=300 n_train=105 (cap=105) n_test=175 (cap=175) classes_train=[0, 1, 2, 3, 4, 5, 6]
[19:57:18] [load] fold=None seed=42 T=29 aggregate_days=None window_size=32 samples_per_step=300 n_train=105 (cap=105) n_test=175 (cap=175) classes_train=[0, 1, 2, 3, 4, 5, 6]
[19:57:21] [load] fold=None seed=43 T=29 aggregate_days=None window_size=32 samples_per_step=300 n_train=105 (cap=105) n_test=175 (cap=175) classes_train=[0, 1, 2, 3, 4, 5, 6]
[19:57:22] [load] fold=None seed=43 T=29 aggregate_days=None window_size=32 samples_per_step=300 n_train=105 (cap=105) n_test=175 (cap=175) classes_train=[0, 1, 2, 3, 4, 5, 6]
[19:57:25] [load] fold=None seed=44 T=29 aggregate_days=None window_size=32 samples_per_step=300 n_train=105 (cap=105) n_test=175 (cap=175) classes_train=[0, 1, 2, 3, 4, 5, 6]
[19:57:27] [load] fold=None seed=44 T=29 aggregate_days=None window_size=32 samples_per_step=300 n_train=105 (cap=105) n_test=175 (cap=175) classes_train=[0, 1, 2, 3, 4, 5, 6]
[19:57:30] [load] fold=None seed=45 T=29 aggregate_days=None window_size=32 samples_per_step=300 n_train=105 (cap=105) n_test=175 (cap=175) classes_train=[0, 1, 2, 3, 4, 5, 6]
[19:57:31] [load] fold=None seed=45 T=29 aggregate_days=None window_size=32 samples_per_step=300 n_train=105 (cap=105) n_test=175 (cap=175) classes_train=[0, 1, 2, 3, 4, 5, 6]
[19:57:34] [load] fold=None seed=46 T=29 aggregate_days=None window_size=32 samples_per_step=300 n_train=105 (cap=105) n_test=175 (cap=175) classes_train=[0, 1, 2, 3, 4, 5, 6]
[19:57:36] [load] fold=None seed=46 T=29 aggregate_days=None window_size=32 samples_per_step=300 n_train=105 (cap=105) n_test=175 (cap=175) classes_train=[0, 1, 2, 3, 4, 5, 6]
[19:57:39] [load] fold=None seed=47 T=29 aggregate_days=None window_size=32 samples_per_step=300 n_train=105 (cap=105) n_test=175 (cap=175) classes_train=[0, 1, 2, 3, 4, 5, 6]
[19:57:41] [load] fold=None seed=47 T=29 aggregate_days=None window_size=32 samples_per_step=300 n_train=105 (cap=105) n_test=175 (cap=175) classes_train=[0, 1, 2, 3, 4, 5, 6]
[19:57:43] [load] fold=None seed=48 T=29 aggregate_days=None window_size=32 samples_per_step=300 n_train=105 (cap=105) n_test=175 (cap=175) classes_train=[0, 1, 2, 3, 4, 5, 6]
[19:57:45] [load] fold=None seed=48 T=29 aggregate_days=None window_size=32 samples_per_step=300 n_train=105 (cap=105) n_test=175 (cap=175) classes_train=[0, 1, 2, 3, 4, 5, 6]
[19:57:47] [load] fold=None seed=49 T=29 aggregate_days=None window_size=32 samples_per_step=300 n_train=105 (cap=105) n_test=175 (cap=175) classes_train=[0, 1, 2, 3, 4, 5, 6]
[19:57:49] [load] fold=None seed=49 T=29 aggregate_days=None window_size=32 samples_per_step=300 n_train=105 (cap=105) n_test=175 (cap=175) classes_train=[0, 1, 2, 3, 4, 5, 6]
[19:57:52] [load] fold=None seed=50 T=29 aggregate_days=None window_size=32 samples_per_step=300 n_train=105 (cap=105) n_test=175 (cap=175) classes_train=[0, 1, 2, 3, 4, 5, 6]
[19:57:54] [load] fold=None seed=50 T=29 aggregate_days=None window_size=32 samples_per_step=300 n_train=105 (cap=105) n_test=175 (cap=175) classes_train=[0, 1, 2, 3, 4, 5, 6]
[19:57:57] [load] fold=None seed=51 T=29 aggregate_days=None window_size=32 samples_per_step=300 n_train=105 (cap=105) n_test=175 (cap=175) classes_train=[0, 1, 2, 3, 4, 5, 6]
[19:57:58] [load] fold=None seed=51 T=29 aggregate_days=None window_size=32 samples_per_step=300 n_train=105 (cap=105) n_test=175 (cap=175) classes_train=[0, 1, 2, 3, 4, 5, 6]
[19:58:01] [load] fold=None seed=42 T=29 aggregate_days=None window_size=32 samples_per_step=300 n_train=105 (cap=105) n_test=175 (cap=175) classes_train=[0, 1, 2, 3, 4, 5, 6]
[19:58:05] [load] fold=None seed=43 T=29 aggregate_days=None window_size=32 samples_per_step=300 n_train=105 (cap=105) n_test=175 (cap=175) classes_train=[0, 1, 2, 3, 4, 5, 6]
[19:58:09] [load] fold=None seed=44 T=29 aggregate_days=None window_size=32 samples_per_step=300 n_train=105 (cap=105) n_test=175 (cap=175) classes_train=[0, 1, 2, 3, 4, 5, 6]
[19:58:13] [load] fold=None seed=45 T=29 aggregate_days=None window_size=32 samples_per_step=300 n_train=105 (cap=105) n_test=175 (cap=175) classes_train=[0, 1, 2, 3, 4, 5, 6]
[19:58:17] [load] fold=None seed=46 T=29 aggregate_days=None window_size=32 samples_per_step=300 n_train=105 (cap=105) n_test=175 (cap=175) classes_train=[0, 1, 2, 3, 4, 5, 6]
[19:58:21] [load] fold=None seed=47 T=29 aggregate_days=None window_size=32 samples_per_step=300 n_train=105 (cap=105) n_test=175 (cap=175) classes_train=[0, 1, 2, 3, 4, 5, 6]
[19:58:25] [load] fold=None seed=48 T=29 aggregate_days=None window_size=32 samples_per_step=300 n_train=105 (cap=105) n_test=175 (cap=175) classes_train=[0, 1, 2, 3, 4, 5, 6]
[19:58:28] [load] fold=None seed=49 T=29 aggregate_days=None window_size=32 samples_per_step=300 n_train=105 (cap=105) n_test=175 (cap=175) classes_train=[0, 1, 2, 3, 4, 5, 6]
[19:58:32] [load] fold=None seed=50 T=29 aggregate_days=None window_size=32 samples_per_step=300 n_train=105 (cap=105) n_test=175 (cap=175) classes_train=[0, 1, 2, 3, 4, 5, 6]
[19:58:36] [load] fold=None seed=51 T=29 aggregate_days=None window_size=32 samples_per_step=300 n_train=105 (cap=105) n_test=175 (cap=175) classes_train=[0, 1, 2, 3, 4, 5, 6]
[19:58:37] [grid_knn] wasps: best k=1 gamma=0.01 f1=0.810 (10/10 runs)
[19:58:40] [load] fold=None seed=42 T=29 aggregate_days=None window_size=32 samples_per_step=300 n_train=105 (cap=105) n_test=175 (cap=175) classes_train=[0, 1, 2, 3, 4, 5, 6]
[19:58:41] [load] fold=None seed=42 T=29 aggregate_days=None window_size=32 samples_per_step=300 n_train=105 (cap=105) n_test=175 (cap=175) classes_train=[0, 1, 2, 3, 4, 5, 6]
[19:58:45] [load] fold=None seed=43 T=29 aggregate_days=None window_size=32 samples_per_step=300 n_train=105 (cap=105) n_test=175 (cap=175) classes_train=[0, 1, 2, 3, 4, 5, 6]
[19:58:45] [load] fold=None seed=43 T=29 aggregate_days=None window_size=32 samples_per_step=300 n_train=105 (cap=105) n_test=175 (cap=175) classes_train=[0, 1, 2, 3, 4, 5, 6]
[19:58:50] [load] fold=None seed=44 T=29 aggregate_days=None window_size=32 samples_per_step=300 n_train=105 (cap=105) n_test=175 (cap=175) classes_train=[0, 1, 2, 3, 4, 5, 6]
[19:58:50] [load] fold=None seed=44 T=29 aggregate_days=None window_size=32 samples_per_step=300 n_train=105 (cap=105) n_test=175 (cap=175) classes_train=[0, 1, 2, 3, 4, 5, 6]
[19:58:54] [load] fold=None seed=45 T=29 aggregate_days=None window_size=32 samples_per_step=300 n_train=105 (cap=105) n_test=175 (cap=175) classes_train=[0, 1, 2, 3, 4, 5, 6]
[19:58:55] [load] fold=None seed=45 T=29 aggregate_days=None window_size=32 samples_per_step=300 n_train=105 (cap=105) n_test=175 (cap=175) classes_train=[0, 1, 2, 3, 4, 5, 6]
[19:58:58] [load] fold=None seed=46 T=29 aggregate_days=None window_size=32 samples_per_step=300 n_train=105 (cap=105) n_test=175 (cap=175) classes_train=[0, 1, 2, 3, 4, 5, 6]
[19:58:59] [load] fold=None seed=46 T=29 aggregate_days=None window_size=32 samples_per_step=300 n_train=105 (cap=105) n_test=175 (cap=175) classes_train=[0, 1, 2, 3, 4, 5, 6]
[19:59:03] [load] fold=None seed=47 T=29 aggregate_days=None window_size=32 samples_per_step=300 n_train=105 (cap=105) n_test=175 (cap=175) classes_train=[0, 1, 2, 3, 4, 5, 6]
[19:59:04] [load] fold=None seed=47 T=29 aggregate_days=None window_size=32 samples_per_step=300 n_train=105 (cap=105) n_test=175 (cap=175) classes_train=[0, 1, 2, 3, 4, 5, 6]
[19:59:07] [load] fold=None seed=48 T=29 aggregate_days=None window_size=32 samples_per_step=300 n_train=105 (cap=105) n_test=175 (cap=175) classes_train=[0, 1, 2, 3, 4, 5, 6]
[19:59:09] [load] fold=None seed=48 T=29 aggregate_days=None window_size=32 samples_per_step=300 n_train=105 (cap=105) n_test=175 (cap=175) classes_train=[0, 1, 2, 3, 4, 5, 6]
[19:59:11] [load] fold=None seed=49 T=29 aggregate_days=None window_size=32 samples_per_step=300 n_train=105 (cap=105) n_test=175 (cap=175) classes_train=[0, 1, 2, 3, 4, 5, 6]
[19:59:13] [load] fold=None seed=49 T=29 aggregate_days=None window_size=32 samples_per_step=300 n_train=105 (cap=105) n_test=175 (cap=175) classes_train=[0, 1, 2, 3, 4, 5, 6]
[19:59:17] [load] fold=None seed=50 T=29 aggregate_days=None window_size=32 samples_per_step=300 n_train=105 (cap=105) n_test=175 (cap=175) classes_train=[0, 1, 2, 3, 4, 5, 6]
[19:59:17] [load] fold=None seed=50 T=29 aggregate_days=None window_size=32 samples_per_step=300 n_train=105 (cap=105) n_test=175 (cap=175) classes_train=[0, 1, 2, 3, 4, 5, 6]
[19:59:21] [load] fold=None seed=51 T=29 aggregate_days=None window_size=32 samples_per_step=300 n_train=105 (cap=105) n_test=175 (cap=175) classes_train=[0, 1, 2, 3, 4, 5, 6]
[19:59:22] [load] fold=None seed=51 T=29 aggregate_days=None window_size=32 samples_per_step=300 n_train=105 (cap=105) n_test=175 (cap=175) classes_train=[0, 1, 2, 3, 4, 5, 6]
[19:59:26] [load] fold=None seed=42 T=29 aggregate_days=None window_size=32 samples_per_step=300 n_train=105 (cap=105) n_test=175 (cap=175) classes_train=[0, 1, 2, 3, 4, 5, 6]
[19:59:30] [load] fold=None seed=42 T=29 aggregate_days=None window_size=32 samples_per_step=300 n_train=105 (cap=105) n_test=175 (cap=175) classes_train=[0, 1, 2, 3, 4, 5, 6]
[19:59:30] [load] fold=None seed=43 T=29 aggregate_days=None window_size=32 samples_per_step=300 n_train=105 (cap=105) n_test=175 (cap=175) classes_train=[0, 1, 2, 3, 4, 5, 6]
[19:59:35] [load] fold=None seed=44 T=29 aggregate_days=None window_size=32 samples_per_step=300 n_train=105 (cap=105) n_test=175 (cap=175) classes_train=[0, 1, 2, 3, 4, 5, 6]
[19:59:39] [load] fold=None seed=45 T=29 aggregate_days=None window_size=32 samples_per_step=300 n_train=105 (cap=105) n_test=175 (cap=175) classes_train=[0, 1, 2, 3, 4, 5, 6]
[19:59:40] [load] fold=None seed=43 T=29 aggregate_days=None window_size=32 samples_per_step=300 n_train=105 (cap=105) n_test=175 (cap=175) classes_train=[0, 1, 2, 3, 4, 5, 6]
[19:59:44] [load] fold=None seed=46 T=29 aggregate_days=None window_size=32 samples_per_step=300 n_train=105 (cap=105) n_test=175 (cap=175) classes_train=[0, 1, 2, 3, 4, 5, 6]
[19:59:44] [load] fold=None seed=44 T=29 aggregate_days=None window_size=32 samples_per_step=300 n_train=105 (cap=105) n_test=175 (cap=175) classes_train=[0, 1, 2, 3, 4, 5, 6]
[19:59:49] [load] fold=None seed=47 T=29 aggregate_days=None window_size=32 samples_per_step=300 n_train=105 (cap=105) n_test=175 (cap=175) classes_train=[0, 1, 2, 3, 4, 5, 6]
[19:59:49] [load] fold=None seed=45 T=29 aggregate_days=None window_size=32 samples_per_step=300 n_train=105 (cap=105) n_test=175 (cap=175) classes_train=[0, 1, 2, 3, 4, 5, 6]
[19:59:54] [load] fold=None seed=46 T=29 aggregate_days=None window_size=32 samples_per_step=300 n_train=105 (cap=105) n_test=175 (cap=175) classes_train=[0, 1, 2, 3, 4, 5, 6]
[19:59:54] [load] fold=None seed=48 T=29 aggregate_days=None window_size=32 samples_per_step=300 n_train=105 (cap=105) n_test=175 (cap=175) classes_train=[0, 1, 2, 3, 4, 5, 6]
[19:59:58] [load] fold=None seed=47 T=29 aggregate_days=None window_size=32 samples_per_step=300 n_train=105 (cap=105) n_test=175 (cap=175) classes_train=[0, 1, 2, 3, 4, 5, 6]
[19:59:59] [load] fold=None seed=49 T=29 aggregate_days=None window_size=32 samples_per_step=300 n_train=105 (cap=105) n_test=175 (cap=175) classes_train=[0, 1, 2, 3, 4, 5, 6]
[20:00:03] [load] fold=None seed=48 T=29 aggregate_days=None window_size=32 samples_per_step=300 n_train=105 (cap=105) n_test=175 (cap=175) classes_train=[0, 1, 2, 3, 4, 5, 6]
[20:00:03] [load] fold=None seed=50 T=29 aggregate_days=None window_size=32 samples_per_step=300 n_train=105 (cap=105) n_test=175 (cap=175) classes_train=[0, 1, 2, 3, 4, 5, 6]
[20:00:07] [load] fold=None seed=49 T=29 aggregate_days=None window_size=32 samples_per_step=300 n_train=105 (cap=105) n_test=175 (cap=175) classes_train=[0, 1, 2, 3, 4, 5, 6]
[20:00:08] [load] fold=None seed=51 T=29 aggregate_days=None window_size=32 samples_per_step=300 n_train=105 (cap=105) n_test=175 (cap=175) classes_train=[0, 1, 2, 3, 4, 5, 6]
[20:00:12] [load] fold=None seed=50 T=29 aggregate_days=None window_size=32 samples_per_step=300 n_train=105 (cap=105) n_test=175 (cap=175) classes_train=[0, 1, 2, 3, 4, 5, 6]
[20:00:16] [load] fold=None seed=51 T=29 aggregate_days=None window_size=32 samples_per_step=300 n_train=105 (cap=105) n_test=175 (cap=175) classes_train=[0, 1, 2, 3, 4, 5, 6]
[20:00:16] [load] fold=None seed=42 T=29 aggregate_days=None window_size=32 samples_per_step=300 n_train=105 (cap=105) n_test=175 (cap=175) classes_train=[0, 1, 2, 3, 4, 5, 6]
[20:00:20] [load] fold=None seed=42 T=29 aggregate_days=None window_size=32 samples_per_step=300 n_train=105 (cap=105) n_test=175 (cap=175) classes_train=[0, 1, 2, 3, 4, 5, 6]
[20:00:24] [load] fold=None seed=43 T=29 aggregate_days=None window_size=32 samples_per_step=300 n_train=105 (cap=105) n_test=175 (cap=175) classes_train=[0, 1, 2, 3, 4, 5, 6]
[20:00:26] [load] fold=None seed=43 T=29 aggregate_days=None window_size=32 samples_per_step=300 n_train=105 (cap=105) n_test=175 (cap=175) classes_train=[0, 1, 2, 3, 4, 5, 6]
[20:00:28] [load] fold=None seed=44 T=29 aggregate_days=None window_size=32 samples_per_step=300 n_train=105 (cap=105) n_test=175 (cap=175) classes_train=[0, 1, 2, 3, 4, 5, 6]
[20:00:30] [load] fold=None seed=44 T=29 aggregate_days=None window_size=32 samples_per_step=300 n_train=105 (cap=105) n_test=175 (cap=175) classes_train=[0, 1, 2, 3, 4, 5, 6]
[20:00:33] [load] fold=None seed=45 T=29 aggregate_days=None window_size=32 samples_per_step=300 n_train=105 (cap=105) n_test=175 (cap=175) classes_train=[0, 1, 2, 3, 4, 5, 6]
[20:00:34] [load] fold=None seed=45 T=29 aggregate_days=None window_size=32 samples_per_step=300 n_train=105 (cap=105) n_test=175 (cap=175) classes_train=[0, 1, 2, 3, 4, 5, 6]
[20:00:37] [load] fold=None seed=46 T=29 aggregate_days=None window_size=32 samples_per_step=300 n_train=105 (cap=105) n_test=175 (cap=175) classes_train=[0, 1, 2, 3, 4, 5, 6]
[20:00:39] [load] fold=None seed=46 T=29 aggregate_days=None window_size=32 samples_per_step=300 n_train=105 (cap=105) n_test=175 (cap=175) classes_train=[0, 1, 2, 3, 4, 5, 6]
[20:00:43] [load] fold=None seed=47 T=29 aggregate_days=None window_size=32 samples_per_step=300 n_train=105 (cap=105) n_test=175 (cap=175) classes_train=[0, 1, 2, 3, 4, 5, 6]
[20:00:46] [load] fold=None seed=47 T=29 aggregate_days=None window_size=32 samples_per_step=300 n_train=105 (cap=105) n_test=175 (cap=175) classes_train=[0, 1, 2, 3, 4, 5, 6]
[20:00:50] [load] fold=None seed=48 T=29 aggregate_days=None window_size=32 samples_per_step=300 n_train=105 (cap=105) n_test=175 (cap=175) classes_train=[0, 1, 2, 3, 4, 5, 6]
[20:00:52] [load] fold=None seed=48 T=29 aggregate_days=None window_size=32 samples_per_step=300 n_train=105 (cap=105) n_test=175 (cap=175) classes_train=[0, 1, 2, 3, 4, 5, 6]
[20:00:56] [load] fold=None seed=49 T=29 aggregate_days=None window_size=32 samples_per_step=300 n_train=105 (cap=105) n_test=175 (cap=175) classes_train=[0, 1, 2, 3, 4, 5, 6]
[20:00:58] [load] fold=None seed=49 T=29 aggregate_days=None window_size=32 samples_per_step=300 n_train=105 (cap=105) n_test=175 (cap=175) classes_train=[0, 1, 2, 3, 4, 5, 6]
[20:01:00] [load] fold=None seed=50 T=29 aggregate_days=None window_size=32 samples_per_step=300 n_train=105 (cap=105) n_test=175 (cap=175) classes_train=[0, 1, 2, 3, 4, 5, 6]
[20:01:02] [load] fold=None seed=50 T=29 aggregate_days=None window_size=32 samples_per_step=300 n_train=105 (cap=105) n_test=175 (cap=175) classes_train=[0, 1, 2, 3, 4, 5, 6]
[20:01:05] [load] fold=None seed=51 T=29 aggregate_days=None window_size=32 samples_per_step=300 n_train=105 (cap=105) n_test=175 (cap=175) classes_train=[0, 1, 2, 3, 4, 5, 6]
[20:01:07] [load] fold=None seed=51 T=29 aggregate_days=None window_size=32 samples_per_step=300 n_train=105 (cap=105) n_test=175 (cap=175) classes_train=[0, 1, 2, 3, 4, 5, 6]
[20:01:09] [load] fold=None seed=42 T=29 aggregate_days=None window_size=32 samples_per_step=300 n_train=105 (cap=105) n_test=175 (cap=175) classes_train=[0, 1, 2, 3, 4, 5, 6]
[20:01:13] [load] fold=None seed=43 T=29 aggregate_days=None window_size=32 samples_per_step=300 n_train=105 (cap=105) n_test=175 (cap=175) classes_train=[0, 1, 2, 3, 4, 5, 6]
[20:01:17] [load] fold=None seed=44 T=29 aggregate_days=None window_size=32 samples_per_step=300 n_train=105 (cap=105) n_test=175 (cap=175) classes_train=[0, 1, 2, 3, 4, 5, 6]
[20:01:20] [load] fold=None seed=45 T=29 aggregate_days=None window_size=32 samples_per_step=300 n_train=105 (cap=105) n_test=175 (cap=175) classes_train=[0, 1, 2, 3, 4, 5, 6]
[20:01:24] [load] fold=None seed=46 T=29 aggregate_days=None window_size=32 samples_per_step=300 n_train=105 (cap=105) n_test=175 (cap=175) classes_train=[0, 1, 2, 3, 4, 5, 6]
[20:01:28] [load] fold=None seed=47 T=29 aggregate_days=None window_size=32 samples_per_step=300 n_train=105 (cap=105) n_test=175 (cap=175) classes_train=[0, 1, 2, 3, 4, 5, 6]
[20:01:32] [load] fold=None seed=48 T=29 aggregate_days=None window_size=32 samples_per_step=300 n_train=105 (cap=105) n_test=175 (cap=175) classes_train=[0, 1, 2, 3, 4, 5, 6]
[20:01:36] [load] fold=None seed=49 T=29 aggregate_days=None window_size=32 samples_per_step=300 n_train=105 (cap=105) n_test=175 (cap=175) classes_train=[0, 1, 2, 3, 4, 5, 6]
[20:01:40] [load] fold=None seed=50 T=29 aggregate_days=None window_size=32 samples_per_step=300 n_train=105 (cap=105) n_test=175 (cap=175) classes_train=[0, 1, 2, 3, 4, 5, 6]
[20:01:43] [load] fold=None seed=51 T=29 aggregate_days=None window_size=32 samples_per_step=300 n_train=105 (cap=105) n_test=175 (cap=175) classes_train=[0, 1, 2, 3, 4, 5, 6]
[20:01:44] [grid_knn] eucl_raw: best k=1 gamma=0.1 f1=0.684 (10/10 runs)
[20:01:44] [analyze] test3_window32_logcumulant/wasps: gamma=0.01 f1=0.810±0.018 (n=10/10)
[20:01:44] [analyze] test3_window32_logcumulant/eucl_raw: gamma=0.1 f1=0.684±0.086 (n=10/10)
[20:01:44] [analyze] ===== test4_window32_mle ===== dataset_overrides={'window_size': 32} clf_overrides={'samples_per_step': 300, 'estimator': 'mle'}
[20:01:48] [load] fold=None seed=42 T=29 aggregate_days=None window_size=32 samples_per_step=300 n_train=105 (cap=105) n_test=175 (cap=175) classes_train=[0, 1, 2, 3, 4, 5, 6]
[20:01:49] [load] fold=None seed=42 T=29 aggregate_days=None window_size=32 samples_per_step=300 n_train=105 (cap=105) n_test=175 (cap=175) classes_train=[0, 1, 2, 3, 4, 5, 6]
[20:02:21] [load] fold=None seed=43 T=29 aggregate_days=None window_size=32 samples_per_step=300 n_train=105 (cap=105) n_test=175 (cap=175) classes_train=[0, 1, 2, 3, 4, 5, 6]
[20:02:25] [load] fold=None seed=43 T=29 aggregate_days=None window_size=32 samples_per_step=300 n_train=105 (cap=105) n_test=175 (cap=175) classes_train=[0, 1, 2, 3, 4, 5, 6]
[20:02:54] [load] fold=None seed=44 T=29 aggregate_days=None window_size=32 samples_per_step=300 n_train=105 (cap=105) n_test=175 (cap=175) classes_train=[0, 1, 2, 3, 4, 5, 6]
[20:02:56] [load] fold=None seed=44 T=29 aggregate_days=None window_size=32 samples_per_step=300 n_train=105 (cap=105) n_test=175 (cap=175) classes_train=[0, 1, 2, 3, 4, 5, 6]
[20:03:26] [load] fold=None seed=45 T=29 aggregate_days=None window_size=32 samples_per_step=300 n_train=105 (cap=105) n_test=175 (cap=175) classes_train=[0, 1, 2, 3, 4, 5, 6]
[20:03:27] [load] fold=None seed=45 T=29 aggregate_days=None window_size=32 samples_per_step=300 n_train=105 (cap=105) n_test=175 (cap=175) classes_train=[0, 1, 2, 3, 4, 5, 6]
[20:03:58] [load] fold=None seed=46 T=29 aggregate_days=None window_size=32 samples_per_step=300 n_train=105 (cap=105) n_test=175 (cap=175) classes_train=[0, 1, 2, 3, 4, 5, 6]
[20:04:00] [load] fold=None seed=46 T=29 aggregate_days=None window_size=32 samples_per_step=300 n_train=105 (cap=105) n_test=175 (cap=175) classes_train=[0, 1, 2, 3, 4, 5, 6]
[20:04:30] [load] fold=None seed=47 T=29 aggregate_days=None window_size=32 samples_per_step=300 n_train=105 (cap=105) n_test=175 (cap=175) classes_train=[0, 1, 2, 3, 4, 5, 6]
[20:04:32] [load] fold=None seed=47 T=29 aggregate_days=None window_size=32 samples_per_step=300 n_train=105 (cap=105) n_test=175 (cap=175) classes_train=[0, 1, 2, 3, 4, 5, 6]
[20:05:06] [load] fold=None seed=48 T=29 aggregate_days=None window_size=32 samples_per_step=300 n_train=105 (cap=105) n_test=175 (cap=175) classes_train=[0, 1, 2, 3, 4, 5, 6]
[20:05:09] [load] fold=None seed=48 T=29 aggregate_days=None window_size=32 samples_per_step=300 n_train=105 (cap=105) n_test=175 (cap=175) classes_train=[0, 1, 2, 3, 4, 5, 6]
[20:05:40] [load] fold=None seed=49 T=29 aggregate_days=None window_size=32 samples_per_step=300 n_train=105 (cap=105) n_test=175 (cap=175) classes_train=[0, 1, 2, 3, 4, 5, 6]
[20:05:41] [load] fold=None seed=49 T=29 aggregate_days=None window_size=32 samples_per_step=300 n_train=105 (cap=105) n_test=175 (cap=175) classes_train=[0, 1, 2, 3, 4, 5, 6]
[20:06:12] [load] fold=None seed=50 T=29 aggregate_days=None window_size=32 samples_per_step=300 n_train=105 (cap=105) n_test=175 (cap=175) classes_train=[0, 1, 2, 3, 4, 5, 6]
[20:06:19] [load] fold=None seed=50 T=29 aggregate_days=None window_size=32 samples_per_step=300 n_train=105 (cap=105) n_test=175 (cap=175) classes_train=[0, 1, 2, 3, 4, 5, 6]
[20:06:44] [load] fold=None seed=51 T=29 aggregate_days=None window_size=32 samples_per_step=300 n_train=105 (cap=105) n_test=175 (cap=175) classes_train=[0, 1, 2, 3, 4, 5, 6]
[20:06:59] [load] fold=None seed=51 T=29 aggregate_days=None window_size=32 samples_per_step=300 n_train=105 (cap=105) n_test=175 (cap=175) classes_train=[0, 1, 2, 3, 4, 5, 6]
[20:07:15] [load] fold=None seed=42 T=29 aggregate_days=None window_size=32 samples_per_step=300 n_train=105 (cap=105) n_test=175 (cap=175) classes_train=[0, 1, 2, 3, 4, 5, 6]
[20:07:31] [load] fold=None seed=42 T=29 aggregate_days=None window_size=32 samples_per_step=300 n_train=105 (cap=105) n_test=175 (cap=175) classes_train=[0, 1, 2, 3, 4, 5, 6]
[20:07:46] [load] fold=None seed=43 T=29 aggregate_days=None window_size=32 samples_per_step=300 n_train=105 (cap=105) n_test=175 (cap=175) classes_train=[0, 1, 2, 3, 4, 5, 6]
[20:08:02] [load] fold=None seed=43 T=29 aggregate_days=None window_size=32 samples_per_step=300 n_train=105 (cap=105) n_test=175 (cap=175) classes_train=[0, 1, 2, 3, 4, 5, 6]
[20:08:18] [load] fold=None seed=44 T=29 aggregate_days=None window_size=32 samples_per_step=300 n_train=105 (cap=105) n_test=175 (cap=175) classes_train=[0, 1, 2, 3, 4, 5, 6]
[20:08:35] [load] fold=None seed=44 T=29 aggregate_days=None window_size=32 samples_per_step=300 n_train=105 (cap=105) n_test=175 (cap=175) classes_train=[0, 1, 2, 3, 4, 5, 6]
[20:08:53] [load] fold=None seed=45 T=29 aggregate_days=None window_size=32 samples_per_step=300 n_train=105 (cap=105) n_test=175 (cap=175) classes_train=[0, 1, 2, 3, 4, 5, 6]
[20:09:08] [load] fold=None seed=45 T=29 aggregate_days=None window_size=32 samples_per_step=300 n_train=105 (cap=105) n_test=175 (cap=175) classes_train=[0, 1, 2, 3, 4, 5, 6]
[20:09:24] [load] fold=None seed=46 T=29 aggregate_days=None window_size=32 samples_per_step=300 n_train=105 (cap=105) n_test=175 (cap=175) classes_train=[0, 1, 2, 3, 4, 5, 6]
[20:09:42] [load] fold=None seed=46 T=29 aggregate_days=None window_size=32 samples_per_step=300 n_train=105 (cap=105) n_test=175 (cap=175) classes_train=[0, 1, 2, 3, 4, 5, 6]
[20:09:57] [load] fold=None seed=47 T=29 aggregate_days=None window_size=32 samples_per_step=300 n_train=105 (cap=105) n_test=175 (cap=175) classes_train=[0, 1, 2, 3, 4, 5, 6]
[20:10:13] [load] fold=None seed=47 T=29 aggregate_days=None window_size=32 samples_per_step=300 n_train=105 (cap=105) n_test=175 (cap=175) classes_train=[0, 1, 2, 3, 4, 5, 6]
[20:10:30] [load] fold=None seed=48 T=29 aggregate_days=None window_size=32 samples_per_step=300 n_train=105 (cap=105) n_test=175 (cap=175) classes_train=[0, 1, 2, 3, 4, 5, 6]
[20:10:44] [load] fold=None seed=48 T=29 aggregate_days=None window_size=32 samples_per_step=300 n_train=105 (cap=105) n_test=175 (cap=175) classes_train=[0, 1, 2, 3, 4, 5, 6]
[20:11:00] [load] fold=None seed=49 T=29 aggregate_days=None window_size=32 samples_per_step=300 n_train=105 (cap=105) n_test=175 (cap=175) classes_train=[0, 1, 2, 3, 4, 5, 6]
[20:11:15] [load] fold=None seed=49 T=29 aggregate_days=None window_size=32 samples_per_step=300 n_train=105 (cap=105) n_test=175 (cap=175) classes_train=[0, 1, 2, 3, 4, 5, 6]
[20:11:32] [load] fold=None seed=50 T=29 aggregate_days=None window_size=32 samples_per_step=300 n_train=105 (cap=105) n_test=175 (cap=175) classes_train=[0, 1, 2, 3, 4, 5, 6]
[20:11:45] [load] fold=None seed=50 T=29 aggregate_days=None window_size=32 samples_per_step=300 n_train=105 (cap=105) n_test=175 (cap=175) classes_train=[0, 1, 2, 3, 4, 5, 6]
[20:12:02] [load] fold=None seed=51 T=29 aggregate_days=None window_size=32 samples_per_step=300 n_train=105 (cap=105) n_test=175 (cap=175) classes_train=[0, 1, 2, 3, 4, 5, 6]
[20:12:13] [load] fold=None seed=51 T=29 aggregate_days=None window_size=32 samples_per_step=300 n_train=105 (cap=105) n_test=175 (cap=175) classes_train=[0, 1, 2, 3, 4, 5, 6]
[20:12:34] [load] fold=None seed=42 T=29 aggregate_days=None window_size=32 samples_per_step=300 n_train=105 (cap=105) n_test=175 (cap=175) classes_train=[0, 1, 2, 3, 4, 5, 6]
[20:12:45] [load] fold=None seed=42 T=29 aggregate_days=None window_size=32 samples_per_step=300 n_train=105 (cap=105) n_test=175 (cap=175) classes_train=[0, 1, 2, 3, 4, 5, 6]
[20:13:05] [load] fold=None seed=43 T=29 aggregate_days=None window_size=32 samples_per_step=300 n_train=105 (cap=105) n_test=175 (cap=175) classes_train=[0, 1, 2, 3, 4, 5, 6]
[20:13:18] [load] fold=None seed=43 T=29 aggregate_days=None window_size=32 samples_per_step=300 n_train=105 (cap=105) n_test=175 (cap=175) classes_train=[0, 1, 2, 3, 4, 5, 6]
[20:13:40] [load] fold=None seed=44 T=29 aggregate_days=None window_size=32 samples_per_step=300 n_train=105 (cap=105) n_test=175 (cap=175) classes_train=[0, 1, 2, 3, 4, 5, 6]
[20:13:49] [load] fold=None seed=44 T=29 aggregate_days=None window_size=32 samples_per_step=300 n_train=105 (cap=105) n_test=175 (cap=175) classes_train=[0, 1, 2, 3, 4, 5, 6]
[20:14:12] [load] fold=None seed=45 T=29 aggregate_days=None window_size=32 samples_per_step=300 n_train=105 (cap=105) n_test=175 (cap=175) classes_train=[0, 1, 2, 3, 4, 5, 6]
[20:14:22] [load] fold=None seed=45 T=29 aggregate_days=None window_size=32 samples_per_step=300 n_train=105 (cap=105) n_test=175 (cap=175) classes_train=[0, 1, 2, 3, 4, 5, 6]
[20:14:44] [load] fold=None seed=46 T=29 aggregate_days=None window_size=32 samples_per_step=300 n_train=105 (cap=105) n_test=175 (cap=175) classes_train=[0, 1, 2, 3, 4, 5, 6]
[20:15:02] [load] fold=None seed=46 T=29 aggregate_days=None window_size=32 samples_per_step=300 n_train=105 (cap=105) n_test=175 (cap=175) classes_train=[0, 1, 2, 3, 4, 5, 6]
[20:15:15] [load] fold=None seed=47 T=29 aggregate_days=None window_size=32 samples_per_step=300 n_train=105 (cap=105) n_test=175 (cap=175) classes_train=[0, 1, 2, 3, 4, 5, 6]
[20:15:34] [load] fold=None seed=47 T=29 aggregate_days=None window_size=32 samples_per_step=300 n_train=105 (cap=105) n_test=175 (cap=175) classes_train=[0, 1, 2, 3, 4, 5, 6]
[20:15:49] [load] fold=None seed=48 T=29 aggregate_days=None window_size=32 samples_per_step=300 n_train=105 (cap=105) n_test=175 (cap=175) classes_train=[0, 1, 2, 3, 4, 5, 6]
[20:16:15] [load] fold=None seed=48 T=29 aggregate_days=None window_size=32 samples_per_step=300 n_train=105 (cap=105) n_test=175 (cap=175) classes_train=[0, 1, 2, 3, 4, 5, 6]
[20:16:24] [load] fold=None seed=49 T=29 aggregate_days=None window_size=32 samples_per_step=300 n_train=105 (cap=105) n_test=175 (cap=175) classes_train=[0, 1, 2, 3, 4, 5, 6]
[20:16:47] [load] fold=None seed=49 T=29 aggregate_days=None window_size=32 samples_per_step=300 n_train=105 (cap=105) n_test=175 (cap=175) classes_train=[0, 1, 2, 3, 4, 5, 6]
[20:16:58] [load] fold=None seed=50 T=29 aggregate_days=None window_size=32 samples_per_step=300 n_train=105 (cap=105) n_test=175 (cap=175) classes_train=[0, 1, 2, 3, 4, 5, 6]
[20:17:19] [load] fold=None seed=50 T=29 aggregate_days=None window_size=32 samples_per_step=300 n_train=105 (cap=105) n_test=175 (cap=175) classes_train=[0, 1, 2, 3, 4, 5, 6]
[20:17:29] [load] fold=None seed=51 T=29 aggregate_days=None window_size=32 samples_per_step=300 n_train=105 (cap=105) n_test=175 (cap=175) classes_train=[0, 1, 2, 3, 4, 5, 6]
[20:17:49] [load] fold=None seed=51 T=29 aggregate_days=None window_size=32 samples_per_step=300 n_train=105 (cap=105) n_test=175 (cap=175) classes_train=[0, 1, 2, 3, 4, 5, 6]
[20:18:00] [load] fold=None seed=42 T=29 aggregate_days=None window_size=32 samples_per_step=300 n_train=105 (cap=105) n_test=175 (cap=175) classes_train=[0, 1, 2, 3, 4, 5, 6]
[20:18:31] [load] fold=None seed=43 T=29 aggregate_days=None window_size=32 samples_per_step=300 n_train=105 (cap=105) n_test=175 (cap=175) classes_train=[0, 1, 2, 3, 4, 5, 6]
[20:18:59] [load] fold=None seed=44 T=29 aggregate_days=None window_size=32 samples_per_step=300 n_train=105 (cap=105) n_test=175 (cap=175) classes_train=[0, 1, 2, 3, 4, 5, 6]
[20:19:28] [load] fold=None seed=45 T=29 aggregate_days=None window_size=32 samples_per_step=300 n_train=105 (cap=105) n_test=175 (cap=175) classes_train=[0, 1, 2, 3, 4, 5, 6]
[20:19:54] [load] fold=None seed=46 T=29 aggregate_days=None window_size=32 samples_per_step=300 n_train=105 (cap=105) n_test=175 (cap=175) classes_train=[0, 1, 2, 3, 4, 5, 6]
[20:20:21] [load] fold=None seed=47 T=29 aggregate_days=None window_size=32 samples_per_step=300 n_train=105 (cap=105) n_test=175 (cap=175) classes_train=[0, 1, 2, 3, 4, 5, 6]
[20:20:48] [load] fold=None seed=48 T=29 aggregate_days=None window_size=32 samples_per_step=300 n_train=105 (cap=105) n_test=175 (cap=175) classes_train=[0, 1, 2, 3, 4, 5, 6]
[20:21:16] [load] fold=None seed=49 T=29 aggregate_days=None window_size=32 samples_per_step=300 n_train=105 (cap=105) n_test=175 (cap=175) classes_train=[0, 1, 2, 3, 4, 5, 6]
[20:21:44] [load] fold=None seed=50 T=29 aggregate_days=None window_size=32 samples_per_step=300 n_train=105 (cap=105) n_test=175 (cap=175) classes_train=[0, 1, 2, 3, 4, 5, 6]
[20:22:11] [load] fold=None seed=51 T=29 aggregate_days=None window_size=32 samples_per_step=300 n_train=105 (cap=105) n_test=175 (cap=175) classes_train=[0, 1, 2, 3, 4, 5, 6]
[20:22:35] [grid_knn] wasps: best k=1 gamma=0.01 f1=0.811 (10/10 runs)
[20:22:39] [load] fold=None seed=42 T=29 aggregate_days=None window_size=32 samples_per_step=300 n_train=105 (cap=105) n_test=175 (cap=175) classes_train=[0, 1, 2, 3, 4, 5, 6]
[20:22:39] [load] fold=None seed=42 T=29 aggregate_days=None window_size=32 samples_per_step=300 n_train=105 (cap=105) n_test=175 (cap=175) classes_train=[0, 1, 2, 3, 4, 5, 6]
[20:22:43] [load] fold=None seed=43 T=29 aggregate_days=None window_size=32 samples_per_step=300 n_train=105 (cap=105) n_test=175 (cap=175) classes_train=[0, 1, 2, 3, 4, 5, 6]
[20:22:43] [load] fold=None seed=43 T=29 aggregate_days=None window_size=32 samples_per_step=300 n_train=105 (cap=105) n_test=175 (cap=175) classes_train=[0, 1, 2, 3, 4, 5, 6]
[20:22:48] [load] fold=None seed=44 T=29 aggregate_days=None window_size=32 samples_per_step=300 n_train=105 (cap=105) n_test=175 (cap=175) classes_train=[0, 1, 2, 3, 4, 5, 6]
[20:22:48] [load] fold=None seed=44 T=29 aggregate_days=None window_size=32 samples_per_step=300 n_train=105 (cap=105) n_test=175 (cap=175) classes_train=[0, 1, 2, 3, 4, 5, 6]
[20:22:52] [load] fold=None seed=45 T=29 aggregate_days=None window_size=32 samples_per_step=300 n_train=105 (cap=105) n_test=175 (cap=175) classes_train=[0, 1, 2, 3, 4, 5, 6]
[20:22:52] [load] fold=None seed=45 T=29 aggregate_days=None window_size=32 samples_per_step=300 n_train=105 (cap=105) n_test=175 (cap=175) classes_train=[0, 1, 2, 3, 4, 5, 6]
[20:22:57] [load] fold=None seed=46 T=29 aggregate_days=None window_size=32 samples_per_step=300 n_train=105 (cap=105) n_test=175 (cap=175) classes_train=[0, 1, 2, 3, 4, 5, 6]
[20:22:57] [load] fold=None seed=46 T=29 aggregate_days=None window_size=32 samples_per_step=300 n_train=105 (cap=105) n_test=175 (cap=175) classes_train=[0, 1, 2, 3, 4, 5, 6]
[20:23:01] [load] fold=None seed=47 T=29 aggregate_days=None window_size=32 samples_per_step=300 n_train=105 (cap=105) n_test=175 (cap=175) classes_train=[0, 1, 2, 3, 4, 5, 6]
[20:23:01] [load] fold=None seed=47 T=29 aggregate_days=None window_size=32 samples_per_step=300 n_train=105 (cap=105) n_test=175 (cap=175) classes_train=[0, 1, 2, 3, 4, 5, 6]
[20:23:05] [load] fold=None seed=48 T=29 aggregate_days=None window_size=32 samples_per_step=300 n_train=105 (cap=105) n_test=175 (cap=175) classes_train=[0, 1, 2, 3, 4, 5, 6]
[20:23:06] [load] fold=None seed=48 T=29 aggregate_days=None window_size=32 samples_per_step=300 n_train=105 (cap=105) n_test=175 (cap=175) classes_train=[0, 1, 2, 3, 4, 5, 6]
[20:23:10] [load] fold=None seed=49 T=29 aggregate_days=None window_size=32 samples_per_step=300 n_train=105 (cap=105) n_test=175 (cap=175) classes_train=[0, 1, 2, 3, 4, 5, 6]
[20:23:10] [load] fold=None seed=49 T=29 aggregate_days=None window_size=32 samples_per_step=300 n_train=105 (cap=105) n_test=175 (cap=175) classes_train=[0, 1, 2, 3, 4, 5, 6]
[20:23:14] [load] fold=None seed=50 T=29 aggregate_days=None window_size=32 samples_per_step=300 n_train=105 (cap=105) n_test=175 (cap=175) classes_train=[0, 1, 2, 3, 4, 5, 6]
[20:23:15] [load] fold=None seed=50 T=29 aggregate_days=None window_size=32 samples_per_step=300 n_train=105 (cap=105) n_test=175 (cap=175) classes_train=[0, 1, 2, 3, 4, 5, 6]
[20:23:19] [load] fold=None seed=51 T=29 aggregate_days=None window_size=32 samples_per_step=300 n_train=105 (cap=105) n_test=175 (cap=175) classes_train=[0, 1, 2, 3, 4, 5, 6]
[20:23:20] [load] fold=None seed=51 T=29 aggregate_days=None window_size=32 samples_per_step=300 n_train=105 (cap=105) n_test=175 (cap=175) classes_train=[0, 1, 2, 3, 4, 5, 6]
[20:23:24] [load] fold=None seed=42 T=29 aggregate_days=None window_size=32 samples_per_step=300 n_train=105 (cap=105) n_test=175 (cap=175) classes_train=[0, 1, 2, 3, 4, 5, 6]
[20:23:28] [load] fold=None seed=42 T=29 aggregate_days=None window_size=32 samples_per_step=300 n_train=105 (cap=105) n_test=175 (cap=175) classes_train=[0, 1, 2, 3, 4, 5, 6]
[20:23:28] [load] fold=None seed=43 T=29 aggregate_days=None window_size=32 samples_per_step=300 n_train=105 (cap=105) n_test=175 (cap=175) classes_train=[0, 1, 2, 3, 4, 5, 6]
[20:23:32] [load] fold=None seed=44 T=29 aggregate_days=None window_size=32 samples_per_step=300 n_train=105 (cap=105) n_test=175 (cap=175) classes_train=[0, 1, 2, 3, 4, 5, 6]
[20:23:36] [load] fold=None seed=45 T=29 aggregate_days=None window_size=32 samples_per_step=300 n_train=105 (cap=105) n_test=175 (cap=175) classes_train=[0, 1, 2, 3, 4, 5, 6]
[20:23:37] [load] fold=None seed=43 T=29 aggregate_days=None window_size=32 samples_per_step=300 n_train=105 (cap=105) n_test=175 (cap=175) classes_train=[0, 1, 2, 3, 4, 5, 6]
[20:23:41] [load] fold=None seed=46 T=29 aggregate_days=None window_size=32 samples_per_step=300 n_train=105 (cap=105) n_test=175 (cap=175) classes_train=[0, 1, 2, 3, 4, 5, 6]
[20:23:41] [load] fold=None seed=44 T=29 aggregate_days=None window_size=32 samples_per_step=300 n_train=105 (cap=105) n_test=175 (cap=175) classes_train=[0, 1, 2, 3, 4, 5, 6]
[20:23:45] [load] fold=None seed=47 T=29 aggregate_days=None window_size=32 samples_per_step=300 n_train=105 (cap=105) n_test=175 (cap=175) classes_train=[0, 1, 2, 3, 4, 5, 6]
[20:23:46] [load] fold=None seed=45 T=29 aggregate_days=None window_size=32 samples_per_step=300 n_train=105 (cap=105) n_test=175 (cap=175) classes_train=[0, 1, 2, 3, 4, 5, 6]
[20:23:50] [load] fold=None seed=48 T=29 aggregate_days=None window_size=32 samples_per_step=300 n_train=105 (cap=105) n_test=175 (cap=175) classes_train=[0, 1, 2, 3, 4, 5, 6]
[20:23:50] [load] fold=None seed=46 T=29 aggregate_days=None window_size=32 samples_per_step=300 n_train=105 (cap=105) n_test=175 (cap=175) classes_train=[0, 1, 2, 3, 4, 5, 6]
[20:23:54] [load] fold=None seed=49 T=29 aggregate_days=None window_size=32 samples_per_step=300 n_train=105 (cap=105) n_test=175 (cap=175) classes_train=[0, 1, 2, 3, 4, 5, 6]
[20:23:54] [load] fold=None seed=47 T=29 aggregate_days=None window_size=32 samples_per_step=300 n_train=105 (cap=105) n_test=175 (cap=175) classes_train=[0, 1, 2, 3, 4, 5, 6]
[20:23:58] [load] fold=None seed=50 T=29 aggregate_days=None window_size=32 samples_per_step=300 n_train=105 (cap=105) n_test=175 (cap=175) classes_train=[0, 1, 2, 3, 4, 5, 6]
[20:23:58] [load] fold=None seed=48 T=29 aggregate_days=None window_size=32 samples_per_step=300 n_train=105 (cap=105) n_test=175 (cap=175) classes_train=[0, 1, 2, 3, 4, 5, 6]
[20:24:03] [load] fold=None seed=51 T=29 aggregate_days=None window_size=32 samples_per_step=300 n_train=105 (cap=105) n_test=175 (cap=175) classes_train=[0, 1, 2, 3, 4, 5, 6]
[20:24:03] [load] fold=None seed=49 T=29 aggregate_days=None window_size=32 samples_per_step=300 n_train=105 (cap=105) n_test=175 (cap=175) classes_train=[0, 1, 2, 3, 4, 5, 6]
[20:24:07] [load] fold=None seed=50 T=29 aggregate_days=None window_size=32 samples_per_step=300 n_train=105 (cap=105) n_test=175 (cap=175) classes_train=[0, 1, 2, 3, 4, 5, 6]
[20:24:11] [load] fold=None seed=51 T=29 aggregate_days=None window_size=32 samples_per_step=300 n_train=105 (cap=105) n_test=175 (cap=175) classes_train=[0, 1, 2, 3, 4, 5, 6]
[20:24:11] [load] fold=None seed=42 T=29 aggregate_days=None window_size=32 samples_per_step=300 n_train=105 (cap=105) n_test=175 (cap=175) classes_train=[0, 1, 2, 3, 4, 5, 6]
[20:24:15] [load] fold=None seed=42 T=29 aggregate_days=None window_size=32 samples_per_step=300 n_train=105 (cap=105) n_test=175 (cap=175) classes_train=[0, 1, 2, 3, 4, 5, 6]
[20:24:20] [load] fold=None seed=43 T=29 aggregate_days=None window_size=32 samples_per_step=300 n_train=105 (cap=105) n_test=175 (cap=175) classes_train=[0, 1, 2, 3, 4, 5, 6]
[20:24:20] [load] fold=None seed=43 T=29 aggregate_days=None window_size=32 samples_per_step=300 n_train=105 (cap=105) n_test=175 (cap=175) classes_train=[0, 1, 2, 3, 4, 5, 6]
[20:24:24] [load] fold=None seed=44 T=29 aggregate_days=None window_size=32 samples_per_step=300 n_train=105 (cap=105) n_test=175 (cap=175) classes_train=[0, 1, 2, 3, 4, 5, 6]
[20:24:24] [load] fold=None seed=44 T=29 aggregate_days=None window_size=32 samples_per_step=300 n_train=105 (cap=105) n_test=175 (cap=175) classes_train=[0, 1, 2, 3, 4, 5, 6]
[20:24:28] [load] fold=None seed=45 T=29 aggregate_days=None window_size=32 samples_per_step=300 n_train=105 (cap=105) n_test=175 (cap=175) classes_train=[0, 1, 2, 3, 4, 5, 6]
[20:24:29] [load] fold=None seed=45 T=29 aggregate_days=None window_size=32 samples_per_step=300 n_train=105 (cap=105) n_test=175 (cap=175) classes_train=[0, 1, 2, 3, 4, 5, 6]
[20:24:33] [load] fold=None seed=46 T=29 aggregate_days=None window_size=32 samples_per_step=300 n_train=105 (cap=105) n_test=175 (cap=175) classes_train=[0, 1, 2, 3, 4, 5, 6]
[20:24:33] [load] fold=None seed=46 T=29 aggregate_days=None window_size=32 samples_per_step=300 n_train=105 (cap=105) n_test=175 (cap=175) classes_train=[0, 1, 2, 3, 4, 5, 6]
[20:24:37] [load] fold=None seed=47 T=29 aggregate_days=None window_size=32 samples_per_step=300 n_train=105 (cap=105) n_test=175 (cap=175) classes_train=[0, 1, 2, 3, 4, 5, 6]
[20:24:38] [load] fold=None seed=47 T=29 aggregate_days=None window_size=32 samples_per_step=300 n_train=105 (cap=105) n_test=175 (cap=175) classes_train=[0, 1, 2, 3, 4, 5, 6]
[20:24:42] [load] fold=None seed=48 T=29 aggregate_days=None window_size=32 samples_per_step=300 n_train=105 (cap=105) n_test=175 (cap=175) classes_train=[0, 1, 2, 3, 4, 5, 6]
[20:24:42] [load] fold=None seed=48 T=29 aggregate_days=None window_size=32 samples_per_step=300 n_train=105 (cap=105) n_test=175 (cap=175) classes_train=[0, 1, 2, 3, 4, 5, 6]
[20:24:46] [load] fold=None seed=49 T=29 aggregate_days=None window_size=32 samples_per_step=300 n_train=105 (cap=105) n_test=175 (cap=175) classes_train=[0, 1, 2, 3, 4, 5, 6]
[20:24:47] [load] fold=None seed=49 T=29 aggregate_days=None window_size=32 samples_per_step=300 n_train=105 (cap=105) n_test=175 (cap=175) classes_train=[0, 1, 2, 3, 4, 5, 6]
[20:24:51] [load] fold=None seed=50 T=29 aggregate_days=None window_size=32 samples_per_step=300 n_train=105 (cap=105) n_test=175 (cap=175) classes_train=[0, 1, 2, 3, 4, 5, 6]
[20:24:51] [load] fold=None seed=50 T=29 aggregate_days=None window_size=32 samples_per_step=300 n_train=105 (cap=105) n_test=175 (cap=175) classes_train=[0, 1, 2, 3, 4, 5, 6]
[20:24:56] [load] fold=None seed=51 T=29 aggregate_days=None window_size=32 samples_per_step=300 n_train=105 (cap=105) n_test=175 (cap=175) classes_train=[0, 1, 2, 3, 4, 5, 6]
[20:24:56] [load] fold=None seed=51 T=29 aggregate_days=None window_size=32 samples_per_step=300 n_train=105 (cap=105) n_test=175 (cap=175) classes_train=[0, 1, 2, 3, 4, 5, 6]
[20:25:00] [load] fold=None seed=42 T=29 aggregate_days=None window_size=32 samples_per_step=300 n_train=105 (cap=105) n_test=175 (cap=175) classes_train=[0, 1, 2, 3, 4, 5, 6]
[20:25:03] [load] fold=None seed=43 T=29 aggregate_days=None window_size=32 samples_per_step=300 n_train=105 (cap=105) n_test=175 (cap=175) classes_train=[0, 1, 2, 3, 4, 5, 6]
[20:25:07] [load] fold=None seed=44 T=29 aggregate_days=None window_size=32 samples_per_step=300 n_train=105 (cap=105) n_test=175 (cap=175) classes_train=[0, 1, 2, 3, 4, 5, 6]
[20:25:11] [load] fold=None seed=45 T=29 aggregate_days=None window_size=32 samples_per_step=300 n_train=105 (cap=105) n_test=175 (cap=175) classes_train=[0, 1, 2, 3, 4, 5, 6]
[20:25:15] [load] fold=None seed=46 T=29 aggregate_days=None window_size=32 samples_per_step=300 n_train=105 (cap=105) n_test=175 (cap=175) classes_train=[0, 1, 2, 3, 4, 5, 6]
[20:25:19] [load] fold=None seed=47 T=29 aggregate_days=None window_size=32 samples_per_step=300 n_train=105 (cap=105) n_test=175 (cap=175) classes_train=[0, 1, 2, 3, 4, 5, 6]
[20:25:23] [load] fold=None seed=48 T=29 aggregate_days=None window_size=32 samples_per_step=300 n_train=105 (cap=105) n_test=175 (cap=175) classes_train=[0, 1, 2, 3, 4, 5, 6]
[20:25:26] [load] fold=None seed=49 T=29 aggregate_days=None window_size=32 samples_per_step=300 n_train=105 (cap=105) n_test=175 (cap=175) classes_train=[0, 1, 2, 3, 4, 5, 6]
[20:25:30] [load] fold=None seed=50 T=29 aggregate_days=None window_size=32 samples_per_step=300 n_train=105 (cap=105) n_test=175 (cap=175) classes_train=[0, 1, 2, 3, 4, 5, 6]
[20:25:34] [load] fold=None seed=51 T=29 aggregate_days=None window_size=32 samples_per_step=300 n_train=105 (cap=105) n_test=175 (cap=175) classes_train=[0, 1, 2, 3, 4, 5, 6]
[20:25:35] [grid_knn] eucl_raw: best k=1 gamma=0.1 f1=0.684 (10/10 runs)
[20:25:35] [analyze] test4_window32_mle/wasps: gamma=0.01 f1=0.811±0.022 (n=10/10)
[20:25:35] [analyze] test4_window32_mle/eucl_raw: gamma=0.1 f1=0.684±0.086 (n=10/10)
[20:25:35] [analyze] ===== test5_baseline_mle ===== dataset_overrides={} clf_overrides={'estimator': 'mle'}
[20:25:43] [load] fold=None seed=42 T=29 aggregate_days=None window_size=9 samples_per_step=48 n_train=105 (cap=105) n_test=175 (cap=175) classes_train=[0, 1, 2, 3, 4, 5, 6]
[20:25:43] [load] fold=None seed=42 T=29 aggregate_days=None window_size=9 samples_per_step=48 n_train=105 (cap=105) n_test=175 (cap=175) classes_train=[0, 1, 2, 3, 4, 5, 6]
[20:26:14] [load] fold=None seed=43 T=29 aggregate_days=None window_size=9 samples_per_step=48 n_train=105 (cap=105) n_test=175 (cap=175) classes_train=[0, 1, 2, 3, 4, 5, 6]
[20:26:16] [load] fold=None seed=43 T=29 aggregate_days=None window_size=9 samples_per_step=48 n_train=105 (cap=105) n_test=175 (cap=175) classes_train=[0, 1, 2, 3, 4, 5, 6]
[20:26:43] [load] fold=None seed=44 T=29 aggregate_days=None window_size=9 samples_per_step=48 n_train=105 (cap=105) n_test=175 (cap=175) classes_train=[0, 1, 2, 3, 4, 5, 6]
[20:26:46] [load] fold=None seed=44 T=29 aggregate_days=None window_size=9 samples_per_step=48 n_train=105 (cap=105) n_test=175 (cap=175) classes_train=[0, 1, 2, 3, 4, 5, 6]
[20:27:13] [load] fold=None seed=45 T=29 aggregate_days=None window_size=9 samples_per_step=48 n_train=105 (cap=105) n_test=175 (cap=175) classes_train=[0, 1, 2, 3, 4, 5, 6]
[20:27:15] [load] fold=None seed=45 T=29 aggregate_days=None window_size=9 samples_per_step=48 n_train=105 (cap=105) n_test=175 (cap=175) classes_train=[0, 1, 2, 3, 4, 5, 6]
[20:27:43] [load] fold=None seed=46 T=29 aggregate_days=None window_size=9 samples_per_step=48 n_train=105 (cap=105) n_test=175 (cap=175) classes_train=[0, 1, 2, 3, 4, 5, 6]
[20:27:45] [load] fold=None seed=46 T=29 aggregate_days=None window_size=9 samples_per_step=48 n_train=105 (cap=105) n_test=175 (cap=175) classes_train=[0, 1, 2, 3, 4, 5, 6]
[20:28:12] [load] fold=None seed=47 T=29 aggregate_days=None window_size=9 samples_per_step=48 n_train=105 (cap=105) n_test=175 (cap=175) classes_train=[0, 1, 2, 3, 4, 5, 6]
[20:28:14] [load] fold=None seed=47 T=29 aggregate_days=None window_size=9 samples_per_step=48 n_train=105 (cap=105) n_test=175 (cap=175) classes_train=[0, 1, 2, 3, 4, 5, 6]
[20:28:43] [load] fold=None seed=48 T=29 aggregate_days=None window_size=9 samples_per_step=48 n_train=105 (cap=105) n_test=175 (cap=175) classes_train=[0, 1, 2, 3, 4, 5, 6]
[20:28:45] [load] fold=None seed=48 T=29 aggregate_days=None window_size=9 samples_per_step=48 n_train=105 (cap=105) n_test=175 (cap=175) classes_train=[0, 1, 2, 3, 4, 5, 6]
[20:29:12] [load] fold=None seed=49 T=29 aggregate_days=None window_size=9 samples_per_step=48 n_train=105 (cap=105) n_test=175 (cap=175) classes_train=[0, 1, 2, 3, 4, 5, 6]
[20:29:16] [load] fold=None seed=49 T=29 aggregate_days=None window_size=9 samples_per_step=48 n_train=105 (cap=105) n_test=175 (cap=175) classes_train=[0, 1, 2, 3, 4, 5, 6]
[20:29:41] [load] fold=None seed=50 T=29 aggregate_days=None window_size=9 samples_per_step=48 n_train=105 (cap=105) n_test=175 (cap=175) classes_train=[0, 1, 2, 3, 4, 5, 6]
[20:29:44] [load] fold=None seed=50 T=29 aggregate_days=None window_size=9 samples_per_step=48 n_train=105 (cap=105) n_test=175 (cap=175) classes_train=[0, 1, 2, 3, 4, 5, 6]
[20:30:10] [load] fold=None seed=51 T=29 aggregate_days=None window_size=9 samples_per_step=48 n_train=105 (cap=105) n_test=175 (cap=175) classes_train=[0, 1, 2, 3, 4, 5, 6]
[20:30:13] [load] fold=None seed=51 T=29 aggregate_days=None window_size=9 samples_per_step=48 n_train=105 (cap=105) n_test=175 (cap=175) classes_train=[0, 1, 2, 3, 4, 5, 6]
[20:30:42] [load] fold=None seed=42 T=29 aggregate_days=None window_size=9 samples_per_step=48 n_train=105 (cap=105) n_test=175 (cap=175) classes_train=[0, 1, 2, 3, 4, 5, 6]
[20:30:45] [load] fold=None seed=42 T=29 aggregate_days=None window_size=9 samples_per_step=48 n_train=105 (cap=105) n_test=175 (cap=175) classes_train=[0, 1, 2, 3, 4, 5, 6]
[20:31:16] [load] fold=None seed=43 T=29 aggregate_days=None window_size=9 samples_per_step=48 n_train=105 (cap=105) n_test=175 (cap=175) classes_train=[0, 1, 2, 3, 4, 5, 6]
[20:31:30] [load] fold=None seed=43 T=29 aggregate_days=None window_size=9 samples_per_step=48 n_train=105 (cap=105) n_test=175 (cap=175) classes_train=[0, 1, 2, 3, 4, 5, 6]
[20:31:44] [load] fold=None seed=44 T=29 aggregate_days=None window_size=9 samples_per_step=48 n_train=105 (cap=105) n_test=175 (cap=175) classes_train=[0, 1, 2, 3, 4, 5, 6]
[20:32:01] [load] fold=None seed=44 T=29 aggregate_days=None window_size=9 samples_per_step=48 n_train=105 (cap=105) n_test=175 (cap=175) classes_train=[0, 1, 2, 3, 4, 5, 6]
[20:32:13] [load] fold=None seed=45 T=29 aggregate_days=None window_size=9 samples_per_step=48 n_train=105 (cap=105) n_test=175 (cap=175) classes_train=[0, 1, 2, 3, 4, 5, 6]
[20:32:31] [load] fold=None seed=45 T=29 aggregate_days=None window_size=9 samples_per_step=48 n_train=105 (cap=105) n_test=175 (cap=175) classes_train=[0, 1, 2, 3, 4, 5, 6]
[20:32:43] [load] fold=None seed=46 T=29 aggregate_days=None window_size=9 samples_per_step=48 n_train=105 (cap=105) n_test=175 (cap=175) classes_train=[0, 1, 2, 3, 4, 5, 6]
[20:33:00] [load] fold=None seed=46 T=29 aggregate_days=None window_size=9 samples_per_step=48 n_train=105 (cap=105) n_test=175 (cap=175) classes_train=[0, 1, 2, 3, 4, 5, 6]
[20:33:13] [load] fold=None seed=47 T=29 aggregate_days=None window_size=9 samples_per_step=48 n_train=105 (cap=105) n_test=175 (cap=175) classes_train=[0, 1, 2, 3, 4, 5, 6]
[20:33:29] [load] fold=None seed=47 T=29 aggregate_days=None window_size=9 samples_per_step=48 n_train=105 (cap=105) n_test=175 (cap=175) classes_train=[0, 1, 2, 3, 4, 5, 6]
[20:33:45] [load] fold=None seed=48 T=29 aggregate_days=None window_size=9 samples_per_step=48 n_train=105 (cap=105) n_test=175 (cap=175) classes_train=[0, 1, 2, 3, 4, 5, 6]
[20:33:58] [load] fold=None seed=48 T=29 aggregate_days=None window_size=9 samples_per_step=48 n_train=105 (cap=105) n_test=175 (cap=175) classes_train=[0, 1, 2, 3, 4, 5, 6]
[20:34:15] [load] fold=None seed=49 T=29 aggregate_days=None window_size=9 samples_per_step=48 n_train=105 (cap=105) n_test=175 (cap=175) classes_train=[0, 1, 2, 3, 4, 5, 6]
[20:34:29] [load] fold=None seed=49 T=29 aggregate_days=None window_size=9 samples_per_step=48 n_train=105 (cap=105) n_test=175 (cap=175) classes_train=[0, 1, 2, 3, 4, 5, 6]
[20:34:44] [load] fold=None seed=50 T=29 aggregate_days=None window_size=9 samples_per_step=48 n_train=105 (cap=105) n_test=175 (cap=175) classes_train=[0, 1, 2, 3, 4, 5, 6]
[20:34:57] [load] fold=None seed=50 T=29 aggregate_days=None window_size=9 samples_per_step=48 n_train=105 (cap=105) n_test=175 (cap=175) classes_train=[0, 1, 2, 3, 4, 5, 6]
[20:35:15] [load] fold=None seed=51 T=29 aggregate_days=None window_size=9 samples_per_step=48 n_train=105 (cap=105) n_test=175 (cap=175) classes_train=[0, 1, 2, 3, 4, 5, 6]
[20:35:25] [load] fold=None seed=51 T=29 aggregate_days=None window_size=9 samples_per_step=48 n_train=105 (cap=105) n_test=175 (cap=175) classes_train=[0, 1, 2, 3, 4, 5, 6]
[20:35:43] [load] fold=None seed=42 T=29 aggregate_days=None window_size=9 samples_per_step=48 n_train=105 (cap=105) n_test=175 (cap=175) classes_train=[0, 1, 2, 3, 4, 5, 6]
[20:35:56] [load] fold=None seed=42 T=29 aggregate_days=None window_size=9 samples_per_step=48 n_train=105 (cap=105) n_test=175 (cap=175) classes_train=[0, 1, 2, 3, 4, 5, 6]
[20:36:19] [load] fold=None seed=43 T=29 aggregate_days=None window_size=9 samples_per_step=48 n_train=105 (cap=105) n_test=175 (cap=175) classes_train=[0, 1, 2, 3, 4, 5, 6]
[20:36:28] [load] fold=None seed=43 T=29 aggregate_days=None window_size=9 samples_per_step=48 n_train=105 (cap=105) n_test=175 (cap=175) classes_train=[0, 1, 2, 3, 4, 5, 6]
[20:36:47] [load] fold=None seed=44 T=29 aggregate_days=None window_size=9 samples_per_step=48 n_train=105 (cap=105) n_test=175 (cap=175) classes_train=[0, 1, 2, 3, 4, 5, 6]
[20:36:58] [load] fold=None seed=44 T=29 aggregate_days=None window_size=9 samples_per_step=48 n_train=105 (cap=105) n_test=175 (cap=175) classes_train=[0, 1, 2, 3, 4, 5, 6]
[20:37:17] [load] fold=None seed=45 T=29 aggregate_days=None window_size=9 samples_per_step=48 n_train=105 (cap=105) n_test=175 (cap=175) classes_train=[0, 1, 2, 3, 4, 5, 6]
[20:37:31] [load] fold=None seed=45 T=29 aggregate_days=None window_size=9 samples_per_step=48 n_train=105 (cap=105) n_test=175 (cap=175) classes_train=[0, 1, 2, 3, 4, 5, 6]
[20:37:45] [load] fold=None seed=46 T=29 aggregate_days=None window_size=9 samples_per_step=48 n_train=105 (cap=105) n_test=175 (cap=175) classes_train=[0, 1, 2, 3, 4, 5, 6]
[20:38:00] [load] fold=None seed=46 T=29 aggregate_days=None window_size=9 samples_per_step=48 n_train=105 (cap=105) n_test=175 (cap=175) classes_train=[0, 1, 2, 3, 4, 5, 6]
[20:38:15] [load] fold=None seed=47 T=29 aggregate_days=None window_size=9 samples_per_step=48 n_train=105 (cap=105) n_test=175 (cap=175) classes_train=[0, 1, 2, 3, 4, 5, 6]
[20:38:28] [load] fold=None seed=47 T=29 aggregate_days=None window_size=9 samples_per_step=48 n_train=105 (cap=105) n_test=175 (cap=175) classes_train=[0, 1, 2, 3, 4, 5, 6]
[20:38:45] [load] fold=None seed=48 T=29 aggregate_days=None window_size=9 samples_per_step=48 n_train=105 (cap=105) n_test=175 (cap=175) classes_train=[0, 1, 2, 3, 4, 5, 6]
[20:38:57] [load] fold=None seed=48 T=29 aggregate_days=None window_size=9 samples_per_step=48 n_train=105 (cap=105) n_test=175 (cap=175) classes_train=[0, 1, 2, 3, 4, 5, 6]
[20:39:15] [load] fold=None seed=49 T=29 aggregate_days=None window_size=9 samples_per_step=48 n_train=105 (cap=105) n_test=175 (cap=175) classes_train=[0, 1, 2, 3, 4, 5, 6]
[20:39:26] [load] fold=None seed=49 T=29 aggregate_days=None window_size=9 samples_per_step=48 n_train=105 (cap=105) n_test=175 (cap=175) classes_train=[0, 1, 2, 3, 4, 5, 6]
[20:39:43] [load] fold=None seed=50 T=29 aggregate_days=None window_size=9 samples_per_step=48 n_train=105 (cap=105) n_test=175 (cap=175) classes_train=[0, 1, 2, 3, 4, 5, 6]
[20:39:55] [load] fold=None seed=50 T=29 aggregate_days=None window_size=9 samples_per_step=48 n_train=105 (cap=105) n_test=175 (cap=175) classes_train=[0, 1, 2, 3, 4, 5, 6]
[20:40:10] [load] fold=None seed=51 T=29 aggregate_days=None window_size=9 samples_per_step=48 n_train=105 (cap=105) n_test=175 (cap=175) classes_train=[0, 1, 2, 3, 4, 5, 6]
[20:40:27] [load] fold=None seed=51 T=29 aggregate_days=None window_size=9 samples_per_step=48 n_train=105 (cap=105) n_test=175 (cap=175) classes_train=[0, 1, 2, 3, 4, 5, 6]
[20:40:46] [load] fold=None seed=42 T=29 aggregate_days=None window_size=9 samples_per_step=48 n_train=105 (cap=105) n_test=175 (cap=175) classes_train=[0, 1, 2, 3, 4, 5, 6]
[20:41:15] [load] fold=None seed=43 T=29 aggregate_days=None window_size=9 samples_per_step=48 n_train=105 (cap=105) n_test=175 (cap=175) classes_train=[0, 1, 2, 3, 4, 5, 6]
[20:41:41] [load] fold=None seed=44 T=29 aggregate_days=None window_size=9 samples_per_step=48 n_train=105 (cap=105) n_test=175 (cap=175) classes_train=[0, 1, 2, 3, 4, 5, 6]
[20:42:07] [load] fold=None seed=45 T=29 aggregate_days=None window_size=9 samples_per_step=48 n_train=105 (cap=105) n_test=175 (cap=175) classes_train=[0, 1, 2, 3, 4, 5, 6]
[20:42:32] [load] fold=None seed=46 T=29 aggregate_days=None window_size=9 samples_per_step=48 n_train=105 (cap=105) n_test=175 (cap=175) classes_train=[0, 1, 2, 3, 4, 5, 6]
[20:42:58] [load] fold=None seed=47 T=29 aggregate_days=None window_size=9 samples_per_step=48 n_train=105 (cap=105) n_test=175 (cap=175) classes_train=[0, 1, 2, 3, 4, 5, 6]
[20:43:24] [load] fold=None seed=48 T=29 aggregate_days=None window_size=9 samples_per_step=48 n_train=105 (cap=105) n_test=175 (cap=175) classes_train=[0, 1, 2, 3, 4, 5, 6]
[20:43:49] [load] fold=None seed=49 T=29 aggregate_days=None window_size=9 samples_per_step=48 n_train=105 (cap=105) n_test=175 (cap=175) classes_train=[0, 1, 2, 3, 4, 5, 6]
[20:44:13] [load] fold=None seed=50 T=29 aggregate_days=None window_size=9 samples_per_step=48 n_train=105 (cap=105) n_test=175 (cap=175) classes_train=[0, 1, 2, 3, 4, 5, 6]
[20:44:40] [load] fold=None seed=51 T=29 aggregate_days=None window_size=9 samples_per_step=48 n_train=105 (cap=105) n_test=175 (cap=175) classes_train=[0, 1, 2, 3, 4, 5, 6]
[20:45:01] [grid_knn] wasps: best k=1 gamma=0.01 f1=0.643 (10/10 runs)
[20:45:08] [load] fold=None seed=42 T=29 aggregate_days=None window_size=9 samples_per_step=48 n_train=105 (cap=105) n_test=175 (cap=175) classes_train=[0, 1, 2, 3, 4, 5, 6]
[20:45:09] [load] fold=None seed=42 T=29 aggregate_days=None window_size=9 samples_per_step=48 n_train=105 (cap=105) n_test=175 (cap=175) classes_train=[0, 1, 2, 3, 4, 5, 6]
[20:45:15] [load] fold=None seed=43 T=29 aggregate_days=None window_size=9 samples_per_step=48 n_train=105 (cap=105) n_test=175 (cap=175) classes_train=[0, 1, 2, 3, 4, 5, 6]
[20:45:16] [load] fold=None seed=43 T=29 aggregate_days=None window_size=9 samples_per_step=48 n_train=105 (cap=105) n_test=175 (cap=175) classes_train=[0, 1, 2, 3, 4, 5, 6]
[20:45:22] [load] fold=None seed=44 T=29 aggregate_days=None window_size=9 samples_per_step=48 n_train=105 (cap=105) n_test=175 (cap=175) classes_train=[0, 1, 2, 3, 4, 5, 6]
[20:45:24] [load] fold=None seed=44 T=29 aggregate_days=None window_size=9 samples_per_step=48 n_train=105 (cap=105) n_test=175 (cap=175) classes_train=[0, 1, 2, 3, 4, 5, 6]
[20:45:30] [load] fold=None seed=45 T=29 aggregate_days=None window_size=9 samples_per_step=48 n_train=105 (cap=105) n_test=175 (cap=175) classes_train=[0, 1, 2, 3, 4, 5, 6]
[20:45:32] [load] fold=None seed=45 T=29 aggregate_days=None window_size=9 samples_per_step=48 n_train=105 (cap=105) n_test=175 (cap=175) classes_train=[0, 1, 2, 3, 4, 5, 6]
[20:45:37] [load] fold=None seed=46 T=29 aggregate_days=None window_size=9 samples_per_step=48 n_train=105 (cap=105) n_test=175 (cap=175) classes_train=[0, 1, 2, 3, 4, 5, 6]
[20:45:39] [load] fold=None seed=46 T=29 aggregate_days=None window_size=9 samples_per_step=48 n_train=105 (cap=105) n_test=175 (cap=175) classes_train=[0, 1, 2, 3, 4, 5, 6]
[20:45:44] [load] fold=None seed=47 T=29 aggregate_days=None window_size=9 samples_per_step=48 n_train=105 (cap=105) n_test=175 (cap=175) classes_train=[0, 1, 2, 3, 4, 5, 6]
[20:45:50] [load] fold=None seed=47 T=29 aggregate_days=None window_size=9 samples_per_step=48 n_train=105 (cap=105) n_test=175 (cap=175) classes_train=[0, 1, 2, 3, 4, 5, 6]
[20:45:52] [load] fold=None seed=48 T=29 aggregate_days=None window_size=9 samples_per_step=48 n_train=105 (cap=105) n_test=175 (cap=175) classes_train=[0, 1, 2, 3, 4, 5, 6]
[20:45:59] [load] fold=None seed=48 T=29 aggregate_days=None window_size=9 samples_per_step=48 n_train=105 (cap=105) n_test=175 (cap=175) classes_train=[0, 1, 2, 3, 4, 5, 6]
[20:45:59] [load] fold=None seed=49 T=29 aggregate_days=None window_size=9 samples_per_step=48 n_train=105 (cap=105) n_test=175 (cap=175) classes_train=[0, 1, 2, 3, 4, 5, 6]
[20:46:06] [load] fold=None seed=49 T=29 aggregate_days=None window_size=9 samples_per_step=48 n_train=105 (cap=105) n_test=175 (cap=175) classes_train=[0, 1, 2, 3, 4, 5, 6]
[20:46:09] [load] fold=None seed=50 T=29 aggregate_days=None window_size=9 samples_per_step=48 n_train=105 (cap=105) n_test=175 (cap=175) classes_train=[0, 1, 2, 3, 4, 5, 6]
[20:46:14] [load] fold=None seed=50 T=29 aggregate_days=None window_size=9 samples_per_step=48 n_train=105 (cap=105) n_test=175 (cap=175) classes_train=[0, 1, 2, 3, 4, 5, 6]
[20:46:17] [load] fold=None seed=51 T=29 aggregate_days=None window_size=9 samples_per_step=48 n_train=105 (cap=105) n_test=175 (cap=175) classes_train=[0, 1, 2, 3, 4, 5, 6]
[20:46:21] [load] fold=None seed=51 T=29 aggregate_days=None window_size=9 samples_per_step=48 n_train=105 (cap=105) n_test=175 (cap=175) classes_train=[0, 1, 2, 3, 4, 5, 6]
[20:46:24] [load] fold=None seed=42 T=29 aggregate_days=None window_size=9 samples_per_step=48 n_train=105 (cap=105) n_test=175 (cap=175) classes_train=[0, 1, 2, 3, 4, 5, 6]
[20:46:31] [load] fold=None seed=43 T=29 aggregate_days=None window_size=9 samples_per_step=48 n_train=105 (cap=105) n_test=175 (cap=175) classes_train=[0, 1, 2, 3, 4, 5, 6]
[20:46:32] [load] fold=None seed=42 T=29 aggregate_days=None window_size=9 samples_per_step=48 n_train=105 (cap=105) n_test=175 (cap=175) classes_train=[0, 1, 2, 3, 4, 5, 6]
[20:46:38] [load] fold=None seed=44 T=29 aggregate_days=None window_size=9 samples_per_step=48 n_train=105 (cap=105) n_test=175 (cap=175) classes_train=[0, 1, 2, 3, 4, 5, 6]
[20:46:44] [load] fold=None seed=43 T=29 aggregate_days=None window_size=9 samples_per_step=48 n_train=105 (cap=105) n_test=175 (cap=175) classes_train=[0, 1, 2, 3, 4, 5, 6]
[20:46:45] [load] fold=None seed=45 T=29 aggregate_days=None window_size=9 samples_per_step=48 n_train=105 (cap=105) n_test=175 (cap=175) classes_train=[0, 1, 2, 3, 4, 5, 6]
[20:46:52] [load] fold=None seed=44 T=29 aggregate_days=None window_size=9 samples_per_step=48 n_train=105 (cap=105) n_test=175 (cap=175) classes_train=[0, 1, 2, 3, 4, 5, 6]
[20:46:52] [load] fold=None seed=46 T=29 aggregate_days=None window_size=9 samples_per_step=48 n_train=105 (cap=105) n_test=175 (cap=175) classes_train=[0, 1, 2, 3, 4, 5, 6]
[20:47:00] [load] fold=None seed=47 T=29 aggregate_days=None window_size=9 samples_per_step=48 n_train=105 (cap=105) n_test=175 (cap=175) classes_train=[0, 1, 2, 3, 4, 5, 6]
[20:47:01] [load] fold=None seed=45 T=29 aggregate_days=None window_size=9 samples_per_step=48 n_train=105 (cap=105) n_test=175 (cap=175) classes_train=[0, 1, 2, 3, 4, 5, 6]
[20:47:09] [load] fold=None seed=46 T=29 aggregate_days=None window_size=9 samples_per_step=48 n_train=105 (cap=105) n_test=175 (cap=175) classes_train=[0, 1, 2, 3, 4, 5, 6]
[20:47:13] [load] fold=None seed=48 T=29 aggregate_days=None window_size=9 samples_per_step=48 n_train=105 (cap=105) n_test=175 (cap=175) classes_train=[0, 1, 2, 3, 4, 5, 6]
[20:47:19] [load] fold=None seed=47 T=29 aggregate_days=None window_size=9 samples_per_step=48 n_train=105 (cap=105) n_test=175 (cap=175) classes_train=[0, 1, 2, 3, 4, 5, 6]
[20:47:25] [load] fold=None seed=49 T=29 aggregate_days=None window_size=9 samples_per_step=48 n_train=105 (cap=105) n_test=175 (cap=175) classes_train=[0, 1, 2, 3, 4, 5, 6]
[20:47:27] [load] fold=None seed=48 T=29 aggregate_days=None window_size=9 samples_per_step=48 n_train=105 (cap=105) n_test=175 (cap=175) classes_train=[0, 1, 2, 3, 4, 5, 6]
[20:47:33] [load] fold=None seed=50 T=29 aggregate_days=None window_size=9 samples_per_step=48 n_train=105 (cap=105) n_test=175 (cap=175) classes_train=[0, 1, 2, 3, 4, 5, 6]
[20:47:35] [load] fold=None seed=49 T=29 aggregate_days=None window_size=9 samples_per_step=48 n_train=105 (cap=105) n_test=175 (cap=175) classes_train=[0, 1, 2, 3, 4, 5, 6]
[20:47:42] [load] fold=None seed=51 T=29 aggregate_days=None window_size=9 samples_per_step=48 n_train=105 (cap=105) n_test=175 (cap=175) classes_train=[0, 1, 2, 3, 4, 5, 6]
[20:47:43] [load] fold=None seed=50 T=29 aggregate_days=None window_size=9 samples_per_step=48 n_train=105 (cap=105) n_test=175 (cap=175) classes_train=[0, 1, 2, 3, 4, 5, 6]
[20:47:49] [load] fold=None seed=42 T=29 aggregate_days=None window_size=9 samples_per_step=48 n_train=105 (cap=105) n_test=175 (cap=175) classes_train=[0, 1, 2, 3, 4, 5, 6]
[20:47:51] [load] fold=None seed=51 T=29 aggregate_days=None window_size=9 samples_per_step=48 n_train=105 (cap=105) n_test=175 (cap=175) classes_train=[0, 1, 2, 3, 4, 5, 6]
[20:47:57] [load] fold=None seed=43 T=29 aggregate_days=None window_size=9 samples_per_step=48 n_train=105 (cap=105) n_test=175 (cap=175) classes_train=[0, 1, 2, 3, 4, 5, 6]
[20:47:58] [load] fold=None seed=42 T=29 aggregate_days=None window_size=9 samples_per_step=48 n_train=105 (cap=105) n_test=175 (cap=175) classes_train=[0, 1, 2, 3, 4, 5, 6]
[20:48:04] [load] fold=None seed=44 T=29 aggregate_days=None window_size=9 samples_per_step=48 n_train=105 (cap=105) n_test=175 (cap=175) classes_train=[0, 1, 2, 3, 4, 5, 6]
[20:48:07] [load] fold=None seed=43 T=29 aggregate_days=None window_size=9 samples_per_step=48 n_train=105 (cap=105) n_test=175 (cap=175) classes_train=[0, 1, 2, 3, 4, 5, 6]
[20:48:11] [load] fold=None seed=45 T=29 aggregate_days=None window_size=9 samples_per_step=48 n_train=105 (cap=105) n_test=175 (cap=175) classes_train=[0, 1, 2, 3, 4, 5, 6]
[20:48:14] [load] fold=None seed=44 T=29 aggregate_days=None window_size=9 samples_per_step=48 n_train=105 (cap=105) n_test=175 (cap=175) classes_train=[0, 1, 2, 3, 4, 5, 6]
[20:48:18] [load] fold=None seed=46 T=29 aggregate_days=None window_size=9 samples_per_step=48 n_train=105 (cap=105) n_test=175 (cap=175) classes_train=[0, 1, 2, 3, 4, 5, 6]
[20:48:21] [load] fold=None seed=45 T=29 aggregate_days=None window_size=9 samples_per_step=48 n_train=105 (cap=105) n_test=175 (cap=175) classes_train=[0, 1, 2, 3, 4, 5, 6]
[20:48:27] [load] fold=None seed=47 T=29 aggregate_days=None window_size=9 samples_per_step=48 n_train=105 (cap=105) n_test=175 (cap=175) classes_train=[0, 1, 2, 3, 4, 5, 6]
[20:48:34] [load] fold=None seed=46 T=29 aggregate_days=None window_size=9 samples_per_step=48 n_train=105 (cap=105) n_test=175 (cap=175) classes_train=[0, 1, 2, 3, 4, 5, 6]
[20:48:35] [load] fold=None seed=48 T=29 aggregate_days=None window_size=9 samples_per_step=48 n_train=105 (cap=105) n_test=175 (cap=175) classes_train=[0, 1, 2, 3, 4, 5, 6]
[20:48:41] [load] fold=None seed=47 T=29 aggregate_days=None window_size=9 samples_per_step=48 n_train=105 (cap=105) n_test=175 (cap=175) classes_train=[0, 1, 2, 3, 4, 5, 6]
[20:48:43] [load] fold=None seed=49 T=29 aggregate_days=None window_size=9 samples_per_step=48 n_train=105 (cap=105) n_test=175 (cap=175) classes_train=[0, 1, 2, 3, 4, 5, 6]
[20:48:52] [load] fold=None seed=48 T=29 aggregate_days=None window_size=9 samples_per_step=48 n_train=105 (cap=105) n_test=175 (cap=175) classes_train=[0, 1, 2, 3, 4, 5, 6]
[20:48:55] [load] fold=None seed=50 T=29 aggregate_days=None window_size=9 samples_per_step=48 n_train=105 (cap=105) n_test=175 (cap=175) classes_train=[0, 1, 2, 3, 4, 5, 6]
[20:49:00] [load] fold=None seed=49 T=29 aggregate_days=None window_size=9 samples_per_step=48 n_train=105 (cap=105) n_test=175 (cap=175) classes_train=[0, 1, 2, 3, 4, 5, 6]
[20:49:08] [load] fold=None seed=51 T=29 aggregate_days=None window_size=9 samples_per_step=48 n_train=105 (cap=105) n_test=175 (cap=175) classes_train=[0, 1, 2, 3, 4, 5, 6]
[20:49:08] [load] fold=None seed=50 T=29 aggregate_days=None window_size=9 samples_per_step=48 n_train=105 (cap=105) n_test=175 (cap=175) classes_train=[0, 1, 2, 3, 4, 5, 6]
[20:49:16] [load] fold=None seed=51 T=29 aggregate_days=None window_size=9 samples_per_step=48 n_train=105 (cap=105) n_test=175 (cap=175) classes_train=[0, 1, 2, 3, 4, 5, 6]
[20:49:18] [load] fold=None seed=42 T=29 aggregate_days=None window_size=9 samples_per_step=48 n_train=105 (cap=105) n_test=175 (cap=175) classes_train=[0, 1, 2, 3, 4, 5, 6]
[20:49:25] [load] fold=None seed=43 T=29 aggregate_days=None window_size=9 samples_per_step=48 n_train=105 (cap=105) n_test=175 (cap=175) classes_train=[0, 1, 2, 3, 4, 5, 6]
[20:49:32] [load] fold=None seed=44 T=29 aggregate_days=None window_size=9 samples_per_step=48 n_train=105 (cap=105) n_test=175 (cap=175) classes_train=[0, 1, 2, 3, 4, 5, 6]
[20:49:39] [load] fold=None seed=45 T=29 aggregate_days=None window_size=9 samples_per_step=48 n_train=105 (cap=105) n_test=175 (cap=175) classes_train=[0, 1, 2, 3, 4, 5, 6]
[20:49:45] [load] fold=None seed=46 T=29 aggregate_days=None window_size=9 samples_per_step=48 n_train=105 (cap=105) n_test=175 (cap=175) classes_train=[0, 1, 2, 3, 4, 5, 6]
[20:49:52] [load] fold=None seed=47 T=29 aggregate_days=None window_size=9 samples_per_step=48 n_train=105 (cap=105) n_test=175 (cap=175) classes_train=[0, 1, 2, 3, 4, 5, 6]
[20:49:59] [load] fold=None seed=48 T=29 aggregate_days=None window_size=9 samples_per_step=48 n_train=105 (cap=105) n_test=175 (cap=175) classes_train=[0, 1, 2, 3, 4, 5, 6]
[20:50:06] [load] fold=None seed=49 T=29 aggregate_days=None window_size=9 samples_per_step=48 n_train=105 (cap=105) n_test=175 (cap=175) classes_train=[0, 1, 2, 3, 4, 5, 6]
[20:50:13] [load] fold=None seed=50 T=29 aggregate_days=None window_size=9 samples_per_step=48 n_train=105 (cap=105) n_test=175 (cap=175) classes_train=[0, 1, 2, 3, 4, 5, 6]
[20:50:20] [load] fold=None seed=51 T=29 aggregate_days=None window_size=9 samples_per_step=48 n_train=105 (cap=105) n_test=175 (cap=175) classes_train=[0, 1, 2, 3, 4, 5, 6]
[20:50:20] [grid_knn] eucl_raw: best k=1 gamma=0.01 f1=0.628 (10/10 runs)
[20:50:20] [analyze] test5_baseline_mle/wasps: gamma=0.01 f1=0.643±0.042 (n=10/10)
[20:50:20] [analyze] test5_baseline_mle/eucl_raw: gamma=0.01 f1=0.628±0.070 (n=10/10)
[20:50:20] [analyze] wrote summary to results/wasps_vs_euclraw/summary.csv
[20:50:20] ===== analyze_wasps_vs_euclraw done =====
